timestamp,value
5/14/2014 1:14,85.835
5/14/2014 1:19,88.167
5/14/2014 1:24,44.595
5/14/2014 1:29,56.282
5/14/2014 1:34,36.534
5/14/2014 1:39,36.894
5/14/2014 1:44,36.807
5/14/2014 1:49,36.763
5/14/2014 1:54,36.167
5/14/2014 1:59,38.992
5/14/2014 2:04,49.724
5/14/2014 2:09,39.939
5/14/2014 2:14,37.058
5/14/2014 2:19,36.119
5/14/2014 2:24,36.339
5/14/2014 2:29,37.39
5/14/2014 2:34,36.156
5/14/2014 2:39,36.59
5/14/2014 2:44,36.624
5/14/2014 2:49,35.89
5/14/2014 2:54,36.398
5/14/2014 2:59,40.294
5/14/2014 3:04,49.725
5/14/2014 3:09,37.274
5/14/2014 3:14,46.506
5/14/2014 3:19,38.674
5/14/2014 3:24,36.715
5/14/2014 3:29,50.673
5/14/2014 3:34,38.114
5/14/2014 3:39,36.561
5/14/2014 3:44,40.321
5/14/2014 3:49,37.425
5/14/2014 3:54,34.767
5/14/2014 3:59,37.408
5/14/2014 4:04,71.106
5/14/2014 4:09,33.43
5/14/2014 4:14,33.502
5/14/2014 4:19,31.879
5/14/2014 4:24,31.615
5/14/2014 4:29,33.388
5/14/2014 4:34,32.013
5/14/2014 4:39,32.003
5/14/2014 4:44,32.01
5/14/2014 4:49,31.171
5/14/2014 4:54,30.835
5/14/2014 4:59,34.006
5/14/2014 5:04,45.126
5/14/2014 5:09,32.162
5/14/2014 5:14,32.514
5/14/2014 5:19,31.007
5/14/2014 5:24,31.099
5/14/2014 5:29,32.67
5/14/2014 5:34,30.672
5/14/2014 5:39,31.33
5/14/2014 5:44,32.277
5/14/2014 5:49,30.799
5/14/2014 5:54,31.156
5/14/2014 5:59,34.148
5/14/2014 6:04,44.669
5/14/2014 6:09,32.176
5/14/2014 6:14,33.629
5/14/2014 6:19,31.171
5/14/2014 6:24,31.556
5/14/2014 6:29,31.965
5/14/2014 6:34,31.221
5/14/2014 6:39,31.012
5/14/2014 6:44,32.176
5/14/2014 6:49,31.337
5/14/2014 6:54,31.116
5/14/2014 6:59,34.392
5/14/2014 7:04,44.619
5/14/2014 7:09,32.618
5/14/2014 7:14,32.212
5/14/2014 7:19,30.588
5/14/2014 7:24,31.055
5/14/2014 7:29,32.333
5/14/2014 7:34,31.584
5/14/2014 7:39,30.873
5/14/2014 7:44,31.661
5/14/2014 7:49,31.126
5/14/2014 7:54,32.107
5/14/2014 7:59,34.29
5/14/2014 8:04,45.279
5/14/2014 8:09,33.342
5/14/2014 8:14,32.206
5/14/2014 8:19,31.281
5/14/2014 8:24,31.877
5/14/2014 8:29,32.158
5/14/2014 8:34,29.992
5/14/2014 8:39,30.844
5/14/2014 8:44,32.819
5/14/2014 8:49,31.29
5/14/2014 8:54,31.83
5/14/2014 8:59,33.349
5/14/2014 9:04,45.502
5/14/2014 9:09,32.16
5/14/2014 9:14,32.251
5/14/2014 9:19,30.946
5/14/2014 9:24,31.825
5/14/2014 9:29,32.392
5/14/2014 9:34,32.28
5/14/2014 9:39,30.723
5/14/2014 9:44,32.666
5/14/2014 9:49,30.176
5/14/2014 9:54,30.954
5/14/2014 9:59,34.852
5/14/2014 10:04,44.688
5/14/2014 10:09,32.009
5/14/2014 10:14,32.171
5/14/2014 10:19,31.163
5/14/2014 10:24,31.329
5/14/2014 10:29,32.509
5/14/2014 10:34,30.954
5/14/2014 10:39,31.17
5/14/2014 10:44,32.371
5/14/2014 10:49,30.817
5/14/2014 10:54,30.845
5/14/2014 10:59,34.356
5/14/2014 11:04,45.159
5/14/2014 11:09,32.178
5/14/2014 11:14,33.103
5/14/2014 11:19,32.063
5/14/2014 11:24,31.384
5/14/2014 11:29,32.165
5/14/2014 11:34,30.826
5/14/2014 11:39,30.922
5/14/2014 11:44,32.548
5/14/2014 11:49,30.951
5/14/2014 11:54,30.653
5/14/2014 11:59,34.39
5/14/2014 12:04,45.659
5/14/2014 12:09,32.224
5/14/2014 12:14,32.283
5/14/2014 12:19,30.938
5/14/2014 12:24,30.923
5/14/2014 12:29,32.171
5/14/2014 12:34,30.951
5/14/2014 12:39,31.177
5/14/2014 12:44,32.437
5/14/2014 12:49,31.932
5/14/2014 12:54,32.006
5/14/2014 12:59,34.594
5/14/2014 13:04,45.219
5/14/2014 13:09,35.945
5/14/2014 13:14,33.713
5/14/2014 13:19,30.825
5/14/2014 13:24,31.103
5/14/2014 13:29,32.175
5/14/2014 13:34,31.057
5/14/2014 13:39,31.335
5/14/2014 13:44,33.162
5/14/2014 13:49,31.909
5/14/2014 13:54,30.551
5/14/2014 13:59,34.433
5/14/2014 14:04,44.505
5/14/2014 14:09,45.328
5/14/2014 14:14,32.013
5/14/2014 14:19,31.394
5/14/2014 14:24,31.734
5/14/2014 14:29,33.181
5/14/2014 14:34,31.494
5/14/2014 14:39,31.66
5/14/2014 14:44,32.003
5/14/2014 14:49,31.166
5/14/2014 14:54,31.669
5/14/2014 14:59,32.762
5/14/2014 15:04,46.32
5/14/2014 15:09,35.429
5/14/2014 15:14,32.221
5/14/2014 15:19,32.28
5/14/2014 15:24,31.222
5/14/2014 15:29,32.509
5/14/2014 15:34,30.797
5/14/2014 15:39,31.581
5/14/2014 15:44,32.112
5/14/2014 15:49,31.122
5/14/2014 15:54,31.212
5/14/2014 15:59,34.734
5/14/2014 16:04,44.49
5/14/2014 16:09,41
5/14/2014 16:14,31.496
5/14/2014 16:19,31.553
5/14/2014 16:24,31.166
5/14/2014 16:29,32.455
5/14/2014 16:34,30.535
5/14/2014 16:39,31.826
5/14/2014 16:44,32.312
5/14/2014 16:49,30.82
5/14/2014 16:54,30.946
5/14/2014 16:59,34.171
5/14/2014 17:04,45.219
5/14/2014 17:09,38.78
5/14/2014 17:14,32.613
5/14/2014 17:19,31.562
5/14/2014 17:24,30.836
5/14/2014 17:29,32.211
5/14/2014 17:34,30.619
5/14/2014 17:39,32.385
5/14/2014 17:44,32.828
5/14/2014 17:49,31.612
5/14/2014 17:54,31.163
5/14/2014 17:59,34.643
5/14/2014 18:04,44.823
5/14/2014 18:09,38.43
5/14/2014 18:14,32.661
5/14/2014 18:19,31.057
5/14/2014 18:24,31.666
5/14/2014 18:29,32.361
5/14/2014 18:34,31.67
5/14/2014 18:39,31.45
5/14/2014 18:44,32.817
5/14/2014 18:49,31.05
5/14/2014 18:54,30.489
5/14/2014 18:59,34.646
5/14/2014 19:04,45.335
5/14/2014 19:09,32.766
5/14/2014 19:14,32.998
5/14/2014 19:19,30.88
5/14/2014 19:24,32.12
5/14/2014 19:29,33.165
5/14/2014 19:34,31.006
5/14/2014 19:39,30.772
5/14/2014 19:44,32.291
5/14/2014 19:49,30.951
5/14/2014 19:54,30.837
5/14/2014 19:59,34.418
5/14/2014 20:04,45.667
5/14/2014 20:09,39.218
5/14/2014 20:14,33.25
5/14/2014 20:19,30.663
5/14/2014 20:24,31.446
5/14/2014 20:29,32.661
5/14/2014 20:34,31.344
5/14/2014 20:39,31.219
5/14/2014 20:44,31.981
5/14/2014 20:49,31.341
5/14/2014 20:54,30.768
5/14/2014 20:59,34.685
5/14/2014 21:04,45.887
5/14/2014 21:09,46.336
5/14/2014 21:14,73.229
5/14/2014 21:19,59.539
5/14/2014 21:24,30.318
5/14/2014 21:29,33.28
5/14/2014 21:34,30.737
5/14/2014 21:39,31.108
5/14/2014 21:44,32.318
5/14/2014 21:49,31.331
5/14/2014 21:54,31.118
5/14/2014 21:59,35.356
5/14/2014 22:04,44.834
5/14/2014 22:09,52.944
5/14/2014 22:14,32.559
5/14/2014 22:19,30.997
5/14/2014 22:24,31.496
5/14/2014 22:29,32.499
5/14/2014 22:34,31.22
5/14/2014 22:39,31.797
5/14/2014 22:44,32.775
5/14/2014 22:49,31.5
5/14/2014 22:54,31.154
5/14/2014 22:59,34.136
5/14/2014 23:04,45.054
5/14/2014 23:09,51.543
5/14/2014 23:14,32.596
5/14/2014 23:19,31.829
5/14/2014 23:24,31.333
5/14/2014 23:29,32.659
5/14/2014 23:34,31.003
5/14/2014 23:39,31.054
5/14/2014 23:44,32.939
5/14/2014 23:49,31.002
5/14/2014 23:54,30.548
5/14/2014 23:59,33.903
5/15/2014 0:04,45.728
5/15/2014 0:09,45.336
5/15/2014 0:14,33.727
5/15/2014 0:19,31.118
5/15/2014 0:24,31.422
5/15/2014 0:29,32.702
5/15/2014 0:34,31.058
5/15/2014 0:39,31.159
5/15/2014 0:44,31.944
5/15/2014 0:49,30.999
5/15/2014 0:54,30.994
5/15/2014 0:59,34.617
5/15/2014 1:04,44.549
5/15/2014 1:09,46.977
5/15/2014 1:14,31.631
5/15/2014 1:19,31.178
5/15/2014 1:24,31.994
5/15/2014 1:29,31.52
5/15/2014 1:34,31.325
5/15/2014 1:39,30.619
5/15/2014 1:44,32.233
5/15/2014 1:49,30.815
5/15/2014 1:54,31.669
5/15/2014 1:59,34.379
5/15/2014 2:04,45.275
5/15/2014 2:09,46.336
5/15/2014 2:14,33.153
5/15/2014 2:19,30.99
5/15/2014 2:24,30.171
5/15/2014 2:29,32.054
5/15/2014 2:34,31.122
5/15/2014 2:39,31.337
5/15/2014 2:44,32.217
5/15/2014 2:49,30.959
5/15/2014 2:54,30.834
5/15/2014 2:59,34.162
5/15/2014 3:04,45.164
5/15/2014 3:09,45.327
5/15/2014 3:14,32.502
5/15/2014 3:19,34.973
5/15/2014 3:24,31.362
5/15/2014 3:29,33.404
5/15/2014 3:34,35.722
5/15/2014 3:39,31.953
5/15/2014 3:44,32.831
5/15/2014 3:49,32.171
5/15/2014 3:54,30.22
5/15/2014 3:59,34.107
5/15/2014 4:04,45.504
5/15/2014 4:09,46.058
5/15/2014 4:14,32.714
5/15/2014 4:19,30.836
5/15/2014 4:24,32.002
5/15/2014 4:29,31.298
5/15/2014 4:34,31.668
5/15/2014 4:39,31.221
5/15/2014 4:44,32.077
5/15/2014 4:49,31.172
5/15/2014 4:54,30.717
5/15/2014 4:59,33.796
5/15/2014 5:04,45.172
5/15/2014 5:09,45.991
5/15/2014 5:14,32.718
5/15/2014 5:19,31.092
5/15/2014 5:24,31.489
5/15/2014 5:29,32.99
5/15/2014 5:34,30.278
5/15/2014 5:39,30.72
5/15/2014 5:44,32.328
5/15/2014 5:49,31.106
5/15/2014 5:54,30.217
5/15/2014 5:59,34.331
5/15/2014 6:04,45.168
5/15/2014 6:09,45.382
5/15/2014 6:14,32.849
5/15/2014 6:19,32.151
5/15/2014 6:24,30.601
5/15/2014 6:29,31.337
5/15/2014 6:34,31.203
5/15/2014 6:39,30.823
5/15/2014 6:44,32.036
5/15/2014 6:49,31.901
5/15/2014 6:54,31.891
5/15/2014 6:59,33.624
5/15/2014 7:04,46.052
5/15/2014 7:09,46.284
5/15/2014 7:14,32.204
5/15/2014 7:19,30.946
5/15/2014 7:24,31.988
5/15/2014 7:29,31.388
5/15/2014 7:34,31.79
5/15/2014 7:39,30.05
5/15/2014 7:44,32.216
5/15/2014 7:49,30.939
5/15/2014 7:54,31.102
5/15/2014 7:59,35.182
5/15/2014 8:04,45
5/15/2014 8:09,46.108
5/15/2014 8:14,32.115
5/15/2014 8:19,31.054
5/15/2014 8:24,31.053
5/15/2014 8:29,32.733
5/15/2014 8:34,31.22
5/15/2014 8:39,30.879
5/15/2014 8:44,32.622
5/15/2014 8:49,30.834
5/15/2014 8:54,30.493
5/15/2014 8:59,33.628
5/15/2014 9:04,45.715
5/15/2014 9:09,45.609
5/15/2014 9:14,32.219
5/15/2014 9:19,31.169
5/15/2014 9:24,30.992
5/15/2014 9:29,33.115
5/15/2014 9:34,30.554
5/15/2014 9:39,30.95
5/15/2014 9:44,33.498
5/15/2014 9:49,30.218
5/15/2014 9:54,31.344
5/15/2014 9:59,32.772
5/15/2014 10:04,45.385
5/15/2014 10:09,58.781
5/15/2014 10:14,31.795
5/15/2014 10:19,31.162
5/15/2014 10:24,32.064
5/15/2014 10:29,31.882
5/15/2014 10:34,31.449
5/15/2014 10:39,30.619
5/15/2014 10:44,32.026
5/15/2014 10:49,31.335
5/15/2014 10:54,30.672
5/15/2014 10:59,34
5/15/2014 11:04,45.662
5/15/2014 11:09,53.103
5/15/2014 11:14,32.167
5/15/2014 11:19,31.162
5/15/2014 11:24,31.944
5/15/2014 11:29,31.879
5/15/2014 11:34,31.83
5/15/2014 11:39,29.784
5/15/2014 11:44,33.22
5/15/2014 11:49,31.169
5/15/2014 11:54,31.114
5/15/2014 11:59,34.142
5/15/2014 12:04,44.934
5/15/2014 12:09,45.67
5/15/2014 12:14,32.169
5/15/2014 12:19,30.775
5/15/2014 12:24,31.355
5/15/2014 12:29,32.454
5/15/2014 12:34,31.166
5/15/2014 12:39,30.725
5/15/2014 12:44,32.33
5/15/2014 12:49,31.391
5/15/2014 12:54,31.447
5/15/2014 12:59,33.991
5/15/2014 13:04,45.598
5/15/2014 13:09,45.782
5/15/2014 13:14,32.831
5/15/2014 13:19,31.337
5/15/2014 13:24,31.767
5/15/2014 13:29,32.467
5/15/2014 13:34,30.994
5/15/2014 13:39,31.288
5/15/2014 13:44,32.055
5/15/2014 13:49,30.999
5/15/2014 13:54,30.794
5/15/2014 13:59,34.055
5/15/2014 14:04,44.78
5/15/2014 14:09,45.779
5/15/2014 14:14,32.979
5/15/2014 14:19,32.043
5/15/2014 14:24,30.002
5/15/2014 14:29,33.601
5/15/2014 14:34,30.861
5/15/2014 14:39,31.165
5/15/2014 14:44,31.68
5/15/2014 14:49,31.117
5/15/2014 14:54,30.549
5/15/2014 14:59,34.003
5/15/2014 15:04,45.113
5/15/2014 15:09,45.467
5/15/2014 15:14,32.342
5/15/2014 15:19,31.647
5/15/2014 15:24,31.784
5/15/2014 15:29,32.483
5/15/2014 15:34,30.889
5/15/2014 15:39,31.311
5/15/2014 15:44,31.958
5/15/2014 15:49,31.213
5/15/2014 15:54,31.78
5/15/2014 15:59,34.55
5/15/2014 16:04,45.834
5/15/2014 16:09,46.287
5/15/2014 16:14,32.389
5/15/2014 16:19,31.772
5/15/2014 16:24,32.29
5/15/2014 16:29,31.597
5/15/2014 16:34,31.09
5/15/2014 16:39,31.727
5/15/2014 16:44,33.497
5/15/2014 16:49,31.001
5/15/2014 16:54,30.601
5/15/2014 16:59,34.442
5/15/2014 17:04,45.666
5/15/2014 17:09,46.72
5/15/2014 17:14,31.379
5/15/2014 17:19,31.762
5/15/2014 17:24,30.336
5/15/2014 17:29,72.835
5/15/2014 17:34,58.72
5/15/2014 17:39,31.011
5/15/2014 17:44,33.171
5/15/2014 17:49,31.165
5/15/2014 17:54,31.79
5/15/2014 17:59,34.218
5/15/2014 18:04,44.998
5/15/2014 18:09,52.168
5/15/2014 18:14,33.273
5/15/2014 18:19,31.878
5/15/2014 18:24,31.286
5/15/2014 18:29,32.44
5/15/2014 18:34,30.936
5/15/2014 18:39,31.999
5/15/2014 18:44,32.7
5/15/2014 18:49,31.563
5/15/2014 18:54,30.988
5/15/2014 18:59,33.689
5/1qs5/2014 19:04,45.665
5/15/2014 19:09,52.506
5/15/2014 19:14,32.95
5/15/2014 19:19,31.196
5/15/2014 19:24,31.118
5/15/2014 19:29,32.725
5/15/2014 19:34,31.036
5/15/2014 19:39,31.27
5/15/2014 19:44,32.32
5/15/2014 19:49,30.767
5/15/2014 19:54,31.56
5/15/2014 19:59,34.722
5/15/2014 20:04,45.603
5/15/2014 20:09,58.679
5/15/2014 20:14,32.99
5/15/2014 20:19,31.047
5/15/2014 20:24,30.981
5/15/2014 20:29,32.355
5/15/2014 20:34,30.839
5/15/2014 20:39,30.779
5/15/2014 20:44,32.003
5/15/2014 20:49,31
5/15/2014 20:54,30.72
5/15/2014 20:59,33.63
5/15/2014 21:04,46.457
5/15/2014 21:09,51.612
5/15/2014 21:14,32.574
5/15/2014 21:19,31.004
5/15/2014 21:24,30.829
5/15/2014 21:29,32.446
5/15/2014 21:34,31.898
5/15/2014 21:39,31.831
5/15/2014 21:44,32.96
5/15/2014 21:49,29.871
5/15/2014 21:54,31.163
5/15/2014 21:59,34.176
5/15/2014 22:04,45.006
5/15/2014 22:09,59.06
5/15/2014 22:14,32.391
5/15/2014 22:19,31.281
5/15/2014 22:24,30.886
5/15/2014 22:29,32.342
5/15/2014 22:34,30.835
5/15/2014 22:39,30.887
5/15/2014 22:44,32.224
5/15/2014 22:49,30.83
5/15/2014 22:54,30.882
5/15/2014 22:59,34.163
5/15/2014 23:04,45.002
5/15/2014 23:09,56.328
5/15/2014 23:14,33.35
5/15/2014 23:19,31.716
5/15/2014 23:24,31.45
5/15/2014 23:29,31.872
5/15/2014 23:34,30.941
5/15/2014 23:39,31.224
5/15/2014 23:44,32.291
5/15/2014 23:49,30.719
5/15/2014 23:54,30.955
5/15/2014 23:59,33.16
5/16/2014 0:04,46.17
5/16/2014 0:09,51.72
5/16/2014 0:14,32.644
5/16/2014 0:19,31.332
5/16/2014 0:24,31.009
5/16/2014 0:29,32.501
5/16/2014 0:34,30.788
5/16/2014 0:39,31.269
5/16/2014 0:44,31.789
5/16/2014 0:49,32.287
5/16/2014 0:54,30.703
5/16/2014 0:59,34.101
5/16/2014 1:04,45.219
5/16/2014 1:09,58.719
5/16/2014 1:14,33.112
5/16/2014 1:19,32.33
5/16/2014 1:24,30.633
5/16/2014 1:29,32.38
5/16/2014 1:34,30.828
5/16/2014 1:39,30.884
5/16/2014 1:44,32.05
5/16/2014 1:49,31.049
5/16/2014 1:54,31.998
5/16/2014 1:59,33.648
5/16/2014 2:04,44.816
5/16/2014 2:09,58.171
5/16/2014 2:14,33.128
5/16/2014 2:19,31.989
5/16/2014 2:24,30.499
5/16/2014 2:29,33.049
5/16/2014 2:34,31.014
5/16/2014 2:39,31.005
5/16/2014 2:44,32.166
5/16/2014 2:49,30.67
5/16/2014 2:54,31.165
5/16/2014 2:59,34.263
5/16/2014 3:04,45.717
5/16/2014 3:09,59.282
5/16/2014 3:14,36.161
5/16/2014 3:19,31.788
5/16/2014 3:24,31.16
5/16/2014 3:29,32.499
5/16/2014 3:34,30.231
5/16/2014 3:39,34.622
5/16/2014 3:44,32.614
5/16/2014 3:49,32.725
5/16/2014 3:54,29.788
5/16/2014 3:59,34.714
5/16/2014 4:04,44.646
5/16/2014 4:09,60.118
5/16/2014 4:14,31.389
5/16/2014 4:19,30.827
5/16/2014 4:24,30.829
5/16/2014 4:29,31.995
5/16/2014 4:34,31.718
5/16/2014 4:39,31.115
5/16/2014 4:44,32.624
5/16/2014 4:49,30.654
5/16/2014 4:54,30.364
5/16/2014 4:59,34.007
5/16/2014 5:04,45.495
5/16/2014 5:09,58.451
5/16/2014 5:14,32.531
5/16/2014 5:19,30.836
5/16/2014 5:24,31.181
5/16/2014 5:29,32.551
5/16/2014 5:34,31.381
5/16/2014 5:39,30.394
5/16/2014 5:44,32.649
5/16/2014 5:49,31.498
5/16/2014 5:54,30.499
5/16/2014 5:59,34.074
5/16/2014 6:04,44.901
5/16/2014 6:09,58.834
5/16/2014 6:14,32.61
5/16/2014 6:19,30.718
5/16/2014 6:24,31.837
5/16/2014 6:29,31.373
5/16/2014 6:34,30.734
5/16/2014 6:39,31.269
5/16/2014 6:44,31.902
5/16/2014 6:49,31.338
5/16/2014 6:54,30.696
5/16/2014 6:59,34.028
5/16/2014 7:04,45.12
5/16/2014 7:09,58.885
5/16/2014 7:14,32.332
5/16/2014 7:19,31.169
5/16/2014 7:24,31.277
5/16/2014 7:29,33.163
5/16/2014 7:34,30.336
5/16/2014 7:39,31.001
5/16/2014 7:44,31.705
5/16/2014 7:49,31.282
5/16/2014 7:54,30.651
5/16/2014 7:59,34.833
5/16/2014 8:04,45.002
5/16/2014 8:09,58.169
5/16/2014 8:14,33.161
5/16/2014 8:19,30.321
5/16/2014 8:24,31.005
5/16/2014 8:29,32.335
5/16/2014 8:34,30.117
5/16/2014 8:39,31.219
5/16/2014 8:44,33.106
5/16/2014 8:49,30.171
5/16/2014 8:54,30.551
5/16/2014 8:59,34.023
5/16/2014 9:04,45.051
5/16/2014 9:09,58.616
5/16/2014 9:14,31.992
5/16/2014 9:19,30.503
5/16/2014 9:24,30.65
5/16/2014 9:29,32.669
5/16/2014 9:34,30.833
5/16/2014 9:39,30.993
5/16/2014 9:44,32.511
5/16/2014 9:49,30.833
5/16/2014 9:54,30.785
5/16/2014 9:59,34.196
5/16/2014 10:04,45.833
5/16/2014 10:09,59.117
5/16/2014 10:14,32.162
5/16/2014 10:19,31.093
5/16/2014 10:24,31.124
5/16/2014 10:29,31.936
5/16/2014 10:34,30.552
5/16/2014 10:39,31.45
5/16/2014 10:44,32.679
5/16/2014 10:49,30.89
5/16/2014 10:54,31.829
5/16/2014 10:59,32.673
5/16/2014 11:04,45.333
5/16/2014 11:09,59.322
5/16/2014 11:14,32.775
5/16/2014 11:19,31.536
5/16/2014 11:24,30.62
5/16/2014 11:29,31.836
5/16/2014 11:34,30.552
5/16/2014 11:39,30.881
5/16/2014 11:44,32.169
5/16/2014 11:49,31.235
5/16/2014 11:54,30.359
5/16/2014 11:59,33.856
5/16/2014 12:04,45.156
5/16/2014 12:09,58.773
5/16/2014 12:14,33.061
5/16/2014 12:19,31.439
5/16/2014 12:24,30.89
5/16/2014 12:29,32.154
5/16/2014 12:34,30.945
5/16/2014 12:39,30.719
5/16/2014 12:44,31.612
5/16/2014 12:49,31.17
5/16/2014 12:54,31.993
5/16/2014 12:59,34.182
5/16/2014 13:04,45.499
5/16/2014 13:09,58.834
5/16/2014 13:14,32.664
5/16/2014 13:19,30.621
5/16/2014 13:24,30.843
5/16/2014 13:29,32.448
5/16/2014 13:34,30.438
5/16/2014 13:39,31.487
5/16/2014 13:44,32.493
5/16/2014 13:49,30.835
5/16/2014 13:54,30.654
5/16/2014 13:59,34.634
5/16/2014 14:04,44.874
5/16/2014 14:09,58.903
5/16/2014 14:14,31.675
5/16/2014 14:19,31
5/16/2014 14:24,31.989
5/16/2014 14:29,31.835
5/16/2014 14:34,30.994
5/16/2014 14:39,30.773
5/16/2014 14:44,32.111
5/16/2014 14:49,31.282
5/16/2014 14:54,30.954
5/16/2014 14:59,34.224
5/16/2014 15:04,45.121
5/16/2014 15:09,59.153
5/16/2014 15:14,32.613
5/16/2014 15:19,31.716
5/16/2014 15:24,31.451
5/16/2014 15:29,32.65
5/16/2014 15:34,30.879
5/16/2014 15:39,30.474
5/16/2014 15:44,32.337
5/16/2014 15:49,30.667
5/16/2014 15:54,30.781
5/16/2014 15:59,34.39
5/16/2014 16:04,45.123
5/16/2014 16:09,58.827
5/16/2014 16:14,32.5
5/16/2014 16:19,30.786
5/16/2014 16:24,30.77
5/16/2014 16:29,32.067
5/16/2014 16:34,31.718
5/16/2014 16:39,30.869
5/16/2014 16:44,31.974
5/16/2014 16:49,31.145
5/16/2014 16:54,30.948
5/16/2014 16:59,34.18
5/16/2014 17:04,45.286
5/16/2014 17:09,59.004
5/16/2014 17:14,32.067
5/16/2014 17:19,32
5/16/2014 17:24,31.113
5/16/2014 17:29,32.499
5/16/2014 17:34,30.662
5/16/2014 17:39,30.893
5/16/2014 17:44,32.504
5/16/2014 17:49,30.995
5/16/2014 17:54,30.78
5/16/2014 17:59,34.705
5/16/2014 18:04,44.834
5/16/2014 18:09,66.002
5/16/2014 18:14,33.335
5/16/2014 18:19,30.501
5/16/2014 18:24,30.496
5/16/2014 18:29,32.555
5/16/2014 18:34,30.719
5/16/2014 18:39,31.502
5/16/2014 18:44,32.141
5/16/2014 18:49,30.624
5/16/2014 18:54,31.219
5/16/2014 18:59,33.855
5/16/2014 19:04,45.225
5/16/2014 19:09,59.818
5/16/2014 19:14,31.72
5/16/2014 19:19,31.62
5/16/2014 19:24,31.548
5/16/2014 19:29,32.332
5/16/2014 19:34,30.999
5/16/2014 19:39,30.951
5/16/2014 19:44,32.034
5/16/2014 19:49,31.781
5/16/2014 19:54,31.055
5/16/2014 19:59,33.057
5/16/2014 20:04,45.093
5/16/2014 20:09,58.053
5/16/2014 20:14,33.057
5/16/2014 20:19,31.063
5/16/2014 20:24,30.886
5/16/2014 20:29,32.441
5/16/2014 20:34,30.884
5/16/2014 20:39,30.454
5/16/2014 20:44,31.874
5/16/2014 20:49,31.333
5/16/2014 20:54,30.427
5/16/2014 20:59,34.33
5/16/2014 21:04,46.057
5/16/2014 21:09,65.833
5/16/2014 21:14,72.949
5/16/2014 21:19,100
5/16/2014 21:24,45.384
5/16/2014 21:29,32.642
5/16/2014 21:34,31.332
5/16/2014 21:39,31.172
5/16/2014 21:44,32.279
5/16/2014 21:49,30.669
5/16/2014 21:54,31.263
5/16/2014 21:59,34.221
5/16/2014 22:04,45.775
5/16/2014 22:09,59.168
5/16/2014 22:14,33.492
5/16/2014 22:19,30.502
5/16/2014 22:24,31.425
5/16/2014 22:29,32.657
5/16/2014 22:34,31.225
5/16/2014 22:39,31.786
5/16/2014 22:44,32.056
5/16/2014 22:49,32.282
5/16/2014 22:54,30.056
5/16/2014 22:59,35.496
5/16/2014 23:04,44.617
5/16/2014 23:09,72.385
5/16/2014 23:14,32.137
5/16/2014 23:19,30.835
5/16/2014 23:24,31.223
5/16/2014 23:29,32.496
5/16/2014 23:34,31.174
5/16/2014 23:39,31.115
5/16/2014 23:44,33.384
5/16/2014 23:49,30.658
5/16/2014 23:54,30.453
5/16/2014 23:59,34.128
5/17/2014 0:04,45.108
5/17/2014 0:09,73.109
5/17/2014 0:14,33.815
5/17/2014 0:19,30.169
5/17/2014 0:24,31.924
5/17/2014 0:29,32.05
5/17/2014 0:34,31.104
5/17/2014 0:39,31.053
5/17/2014 0:44,32.96
5/17/2014 0:49,30.674
5/17/2014 0:54,30.385
5/17/2014 0:59,34.218
5/17/2014 1:04,45.617
5/17/2014 1:09,66.45
5/17/2014 1:14,33.434
5/17/2014 1:19,31.382
5/17/2014 1:24,30.947
5/17/2014 1:29,32.934
5/17/2014 1:34,30.726
5/17/2014 1:39,31.166
5/17/2014 1:44,31.884
5/17/2014 1:49,30.673
5/17/2014 1:54,31.439
5/17/2014 1:59,33.881
5/17/2014 2:04,45.172
5/17/2014 2:09,66.387
5/17/2014 2:14,32.839
5/17/2014 2:19,31.618
5/17/2014 2:24,31.169
5/17/2014 2:29,32.223
5/17/2014 2:34,31.123
5/17/2014 2:39,30.833
5/17/2014 2:44,32.062
5/17/2014 2:49,31.083
5/17/2014 2:54,31.005
5/17/2014 2:59,35.663
5/17/2014 3:04,44.873
5/17/2014 3:09,72.555
5/17/2014 3:14,32.403
5/17/2014 3:19,35.268
5/17/2014 3:24,31.107
5/17/2014 3:29,36.559
5/17/2014 3:34,33.166
5/17/2014 3:39,29.836
5/17/2014 3:44,32.498
5/17/2014 3:49,31.165
5/17/2014 3:54,30.67
5/17/2014 3:59,35.307
5/17/2014 4:04,44.382
5/17/2014 4:09,71.724
5/17/2014 4:14,32.482
5/17/2014 4:19,30.95
5/17/2014 4:24,30.786
5/17/2014 4:29,32.161
5/17/2014 4:34,30.872
5/17/2014 4:39,32.314
5/17/2014 4:44,31.007
5/17/2014 4:49,31.115
5/17/2014 4:54,30.871
5/17/2014 4:59,34.277
5/17/2014 5:04,44.833
5/17/2014 5:09,46.451
5/17/2014 5:14,31.72
5/17/2014 5:19,31.499
5/17/2014 5:24,31.12
5/17/2014 5:29,31.975
5/17/2014 5:34,30.765
5/17/2014 5:39,31.131
5/17/2014 5:44,32.831
5/17/2014 5:49,29.96
5/17/2014 5:54,31.166
5/17/2014 5:59,33.552
5/17/2014 6:04,45.274
5/17/2014 6:09,72.587
5/17/2014 6:14,32.741
5/17/2014 6:19,31.001
5/17/2014 6:24,31.211
5/17/2014 6:29,31.999
5/17/2014 6:34,30.67
5/17/2014 6:39,31.169
5/17/2014 6:44,32
5/17/2014 6:49,31.451
5/17/2014 6:54,31.219
5/17/2014 6:59,34.114
5/17/2014 7:04,45.384
5/17/2014 7:09,67.577
5/17/2014 7:14,31.992
5/17/2014 7:19,31.005
5/17/2014 7:24,30.443
5/17/2014 7:29,32.604
5/17/2014 7:34,30.733
5/17/2014 7:39,31.051
5/17/2014 7:44,32.167
5/17/2014 7:49,32.009
5/17/2014 7:54,30.286
5/17/2014 7:59,33.984
5/17/2014 8:04,45.556
5/17/2014 8:09,72.278
5/17/2014 8:14,32.15
5/17/2014 8:19,31.502
5/17/2014 8:24,30.328
5/17/2014 8:29,33.129
5/17/2014 8:34,30.17
5/17/2014 8:39,30.889
5/17/2014 8:44,32.784
5/17/2014 8:49,31.051
5/17/2014 8:54,30.613
5/17/2014 8:59,34.399
5/17/2014 9:04,44.673
5/17/2014 9:09,72.999
5/17/2014 9:14,30.553
5/17/2014 9:19,30.867
5/17/2014 9:24,29.388
5/17/2014 9:29,32.827
5/17/2014 9:34,31.116
5/17/2014 9:39,31.326
5/17/2014 9:44,31.4
5/17/2014 9:49,31.166
5/17/2014 9:54,30.5
5/17/2014 9:59,34.131
5/17/2014 10:04,45.385
5/17/2014 10:09,72.714
5/17/2014 10:14,32.671
5/17/2014 10:19,31.5
5/17/2014 10:24,31.442
5/17/2014 10:29,32.149
5/17/2014 10:34,32.5
5/17/2014 10:39,30.379
5/17/2014 10:44,31.996
5/17/2014 10:49,31.051
5/17/2014 10:54,31.448
5/17/2014 10:59,33.819
5/17/2014 11:04,44.835
5/17/2014 11:09,72.945
5/17/2014 11:14,32.178
5/17/2014 11:19,31.002
5/17/2014 11:24,32.499
5/17/2014 11:29,31.031
5/17/2014 11:34,30.883
5/17/2014 11:39,31.282
5/17/2014 11:44,32.429
5/17/2014 11:49,31.053
5/17/2014 11:54,30.836
5/17/2014 11:59,34.169
5/17/2014 12:04,52.18
5/17/2014 12:09,72.83
5/17/2014 12:14,32.809
5/17/2014 12:19,31.451
5/17/2014 12:24,30.883
5/17/2014 12:29,32.631
5/17/2014 12:34,31.05
5/17/2014 12:39,31.153
5/17/2014 12:44,32.187
5/17/2014 12:49,31.286
5/17/2014 12:54,31.055
5/17/2014 12:59,34.276
5/17/2014 13:04,46.661
5/17/2014 13:09,71.671
5/17/2014 13:14,33.338
5/17/2014 13:19,31.368
5/17/2014 13:24,31.118
5/17/2014 13:29,32.664
5/17/2014 13:34,31.65
5/17/2014 13:39,30.847
5/17/2014 13:44,32.111
5/17/2014 13:49,31.559
5/17/2014 13:54,31.275
5/17/2014 13:59,34.215
5/17/2014 14:04,45.787
5/17/2014 14:09,73.166
5/17/2014 14:14,32.518
5/17/2014 14:19,31.312
5/17/2014 14:24,30.507
5/17/2014 14:29,32.442
5/17/2014 14:34,31.394
5/17/2014 14:39,31.059
5/17/2014 14:44,32.324
5/17/2014 14:49,31.123
5/17/2014 14:54,31.005
5/17/2014 14:59,35.115
5/17/2014 15:04,44.889
5/17/2014 15:09,71.949
5/17/2014 15:14,32.699
5/17/2014 15:19,31.264
5/17/2014 15:24,31.721
5/17/2014 15:29,32.288
5/17/2014 15:34,31
5/17/2014 15:39,32.168
5/17/2014 15:44,31.658
5/17/2014 15:49,31.347
5/17/2014 15:54,30.993
5/17/2014 15:59,34.212
5/17/2014 16:04,45.67
5/17/2014 16:09,71.816
5/17/2014 16:14,32.206
5/17/2014 16:19,31.449
5/17/2014 16:24,32.331
5/17/2014 16:29,30.48
5/17/2014 16:34,31.383
5/17/2014 16:39,31.482
5/17/2014 16:44,32.269
5/17/2014 16:49,30.586
5/17/2014 16:54,30.838
5/17/2014 16:59,34.575
5/17/2014 17:04,45.213
5/17/2014 17:09,72.496
5/17/2014 17:14,33.094
5/17/2014 17:19,31.379
5/17/2014 17:24,31.366
5/17/2014 17:29,32.455
5/17/2014 17:34,30.999
5/17/2014 17:39,31.041
5/17/2014 17:44,32.126
5/17/2014 17:49,31.207
5/17/2014 17:54,31.984
5/17/2014 17:59,33.958
5/17/2014 18:04,44.818
5/17/2014 18:09,72.718
5/17/2014 18:14,32.717
5/17/2014 18:19,31.162
5/17/2014 18:24,31.164
5/17/2014 18:29,32.615
5/17/2014 18:34,31.042
5/17/2014 18:39,31.434
5/17/2014 18:44,32.346
5/17/2014 18:49,31.394
5/17/2014 18:54,30.507
5/17/2014 18:59,34.8
5/17/2014 19:04,45.709
5/17/2014 19:09,72.647
5/17/2014 19:14,32.136
5/17/2014 19:19,31.217
5/17/2014 19:24,31.497
5/17/2014 19:29,33.449
5/17/2014 19:34,30.554
5/17/2014 19:39,30.618
5/17/2014 19:44,31.855
5/17/2014 19:49,31.336
5/17/2014 19:54,30.837
5/17/2014 19:59,34.762
5/17/2014 20:04,44.334
5/17/2014 20:09,73.437
5/17/2014 20:14,32.293
5/17/2014 20:19,31.505
5/17/2014 20:24,31.105
5/17/2014 20:29,32.714
5/17/2014 20:34,30.338
5/17/2014 20:39,32.672
5/17/2014 20:44,31.723
5/17/2014 20:49,31.612
5/17/2014 20:54,30.554
5/17/2014 20:59,33.78
5/17/2014 21:04,45.671
5/17/2014 21:09,71.386
5/17/2014 21:14,32.614
5/17/2014 21:19,31.644
5/17/2014 21:24,31.502
5/17/2014 21:29,32.16
5/17/2014 21:34,32.047
5/17/2014 21:39,31.168
5/17/2014 21:44,32.629
5/17/2014 21:49,31.053
5/17/2014 21:54,30.839
5/17/2014 21:59,34.46
5/17/2014 22:04,45.267
5/17/2014 22:09,72.949
5/17/2014 22:14,33.542
5/17/2014 22:19,30.789
5/17/2014 22:24,31.052
5/17/2014 22:29,32.926
5/17/2014 22:34,30.705
5/17/2014 22:39,30.666
5/17/2014 22:44,32.107
5/17/2014 22:49,32.727
5/17/2014 22:54,28.122
5/17/2014 22:59,33.877
5/17/2014 23:04,45.325
5/17/2014 23:09,71.334
5/17/2014 23:14,33.344
5/17/2014 23:19,31.615
5/17/2014 23:24,30.337
5/17/2014 23:29,32.559
5/17/2014 23:34,32.164
5/17/2014 23:39,30.455
5/17/2014 23:44,32.371
5/17/2014 23:49,30.551
5/17/2014 23:54,30.996
5/17/2014 23:59,33.397
5/18/2014 0:04,45.984
5/18/2014 0:09,72.504
5/18/2014 0:14,32.347
5/18/2014 0:19,31.045
5/18/2014 0:24,31.992
5/18/2014 0:29,33.293
5/18/2014 0:34,30.826
5/18/2014 0:39,31.266
5/18/2014 0:44,31.872
5/18/2014 0:49,31.337
5/18/2014 0:54,30.933
5/18/2014 0:59,34.109
5/18/2014 1:04,46.213
5/18/2014 1:09,73.833
5/18/2014 1:14,32.635
5/18/2014 1:19,31.348
5/18/2014 1:24,30.946
5/18/2014 1:29,32.342
5/18/2014 1:34,31.616
5/18/2014 1:39,30.723
5/18/2014 1:44,31.619
5/18/2014 1:49,30.834
5/18/2014 1:54,31.822
5/18/2014 1:59,33.736
5/18/2014 2:04,45.454
5/18/2014 2:09,72.167
5/18/2014 2:14,32.552
5/18/2014 2:19,30.839
5/18/2014 2:24,30.824
5/18/2014 2:29,33.783
5/18/2014 2:34,31.169
5/18/2014 2:39,30.261
5/18/2014 2:44,32.548
5/18/2014 2:49,31.211
5/18/2014 2:54,31.391
5/18/2014 2:59,34.239
5/18/2014 3:04,45.221
5/18/2014 3:09,73.218
5/18/2014 3:14,33.333
5/18/2014 3:19,30.137
5/18/2014 3:24,35.982
5/18/2014 3:29,32.669
5/18/2014 3:34,31.114
5/18/2014 3:39,34.554
5/18/2014 3:44,33.348
5/18/2014 3:49,31.326
5/18/2014 3:54,30.664
5/18/2014 3:59,33.61
5/18/2014 4:04,44.89
5/18/2014 4:09,72.834
5/18/2014 4:14,31.83
5/18/2014 4:19,31.001
5/18/2014 4:24,30.828
5/18/2014 4:29,32.389
5/18/2014 4:34,31.335
5/18/2014 4:39,31.103
5/18/2014 4:44,32.209
5/18/2014 4:49,31.29
5/18/2014 4:54,30.813
5/18/2014 4:59,33.992
5/18/2014 5:04,45.506
5/18/2014 5:09,73.118
5/18/2014 5:14,31.731
5/18/2014 5:19,31.17
5/18/2014 5:24,31.957
5/18/2014 5:29,32.373
5/18/2014 5:34,30.509
5/18/2014 5:39,31.009
5/18/2014 5:44,32.631
5/18/2014 5:49,30.89
5/18/2014 5:54,30.828
5/18/2014 5:59,34.006
5/18/2014 6:04,44.839
5/18/2014 6:09,79.333
5/18/2014 6:14,32.131
5/18/2014 6:19,31.667
5/18/2014 6:24,31.282
5/18/2014 6:29,32.032
5/18/2014 6:34,31.121
5/18/2014 6:39,30.766
5/18/2014 6:44,32.612
5/18/2014 6:49,31.004
5/18/2014 6:54,30.886
5/18/2014 6:59,34.808
5/18/2014 7:04,45.449
5/18/2014 7:09,86.784
5/18/2014 7:14,31.39
5/18/2014 7:19,31.037
5/18/2014 7:24,32.226
5/18/2014 7:29,31.528
5/18/2014 7:34,30.953
5/18/2014 7:39,31.387
5/18/2014 7:44,32.103
5/18/2014 7:49,31.159
5/18/2014 7:54,31.215
5/18/2014 7:59,34.336
5/18/2014 8:04,45.26
5/18/2014 8:09,72.809
5/18/2014 8:14,32.382
5/18/2014 8:19,31.449
5/18/2014 8:24,31.048
5/18/2014 8:29,32.114
5/18/2014 8:34,31.486
5/18/2014 8:39,31.248
5/18/2014 8:44,32.173
5/18/2014 8:49,31.218
5/18/2014 8:54,30.827
5/18/2014 8:59,34.284
5/18/2014 9:04,45.058
5/18/2014 9:09,80.053
5/18/2014 9:14,33.001
5/18/2014 9:19,30.293
5/18/2014 9:24,31.815
5/18/2014 9:29,32.226
5/18/2014 9:34,31.783
5/18/2014 9:39,30.208
5/18/2014 9:44,33.59
5/18/2014 9:49,30.155
5/18/2014 9:54,30.555
5/18/2014 9:59,34.357
5/18/2014 10:04,45.061
5/18/2014 10:09,86.053
5/18/2014 10:14,33.838
5/18/2014 10:19,30.173
5/18/2014 10:24,30.939
5/18/2014 10:29,31.993
5/18/2014 10:34,31.059
5/18/2014 10:39,31.439
5/18/2014 10:44,32.679
5/18/2014 10:49,31.22
5/18/2014 10:54,31.043
5/18/2014 10:59,33.662
5/18/2014 11:04,45.401
5/18/2014 11:09,79.72
5/18/2014 11:14,32.668
5/18/2014 11:19,31.497
5/18/2014 11:24,30.998
5/18/2014 11:29,32.144
5/18/2014 11:34,30.831
5/18/2014 11:39,31.115
5/18/2014 11:44,32.666
5/18/2014 11:49,30
5/18/2014 11:54,31
5/18/2014 11:59,34.211
5/18/2014 12:04,45.497
5/18/2014 12:09,86.11
5/18/2014 12:14,31.664
5/18/2014 12:19,32.66
5/18/2014 12:24,31.327
5/18/2014 12:29,32.165
5/18/2014 12:34,31.003
5/18/2014 12:39,30.671
5/18/2014 12:44,32.344
5/18/2014 12:49,31.042
5/18/2014 12:54,30.833
5/18/2014 12:59,34.431
5/18/2014 13:04,45.493
5/18/2014 13:09,79.446
5/18/2014 13:14,32.885
5/18/2014 13:19,30.949
5/18/2014 13:24,30.661
5/18/2014 13:29,32.819
5/18/2014 13:34,31.445
5/18/2014 13:39,31.069
5/18/2014 13:44,32.891
5/18/2014 13:49,30.453
5/18/2014 13:54,31.168
5/18/2014 13:59,34.499
5/18/2014 14:04,45.508
5/18/2014 14:09,79
5/18/2014 14:14,32.513
5/18/2014 14:19,32.048
5/18/2014 14:24,32.118
5/18/2014 14:29,31.168
5/18/2014 14:34,31.024
5/18/2014 14:39,30.988
5/18/2014 14:44,32.451
5/18/2014 14:49,30.161
5/18/2014 14:54,31.002
5/18/2014 14:59,34.189
5/18/2014 15:04,44.768
5/18/2014 15:09,78.367
5/18/2014 15:14,32.952
5/18/2014 15:19,32.485
5/18/2014 15:24,29.931
5/18/2014 15:29,32.443
5/18/2014 15:34,30.784
5/18/2014 15:39,31.549
5/18/2014 15:44,32.617
5/18/2014 15:49,31.833
5/18/2014 15:54,30.987
5/18/2014 15:59,33.387
5/18/2014 16:04,44.667
5/18/2014 16:09,86.051
5/18/2014 16:14,32.401
5/18/2014 16:19,32.508
5/18/2014 16:24,30.38
5/18/2014 16:29,31.925
5/18/2014 16:34,31.5
5/18/2014 16:39,31.542
5/18/2014 16:44,30.778
5/18/2014 16:49,30.995
5/18/2014 16:54,31.053
5/18/2014 16:59,33.949
5/18/2014 17:04,45
5/18/2014 17:09,86.282
5/18/2014 17:14,34.07
5/18/2014 17:19,32.164
5/18/2014 17:24,31.323
5/18/2014 17:29,32.766
5/18/2014 17:34,30.389
5/18/2014 17:39,31.167
5/18/2014 17:44,32.285
5/18/2014 17:49,30.889
5/18/2014 17:54,31.117
5/18/2014 17:59,34.896
5/18/2014 18:04,46.582
5/18/2014 18:09,85.373
5/18/2014 18:14,32.284
5/18/2014 18:19,31.839
5/18/2014 18:24,31.078
5/18/2014 18:29,32.547
5/18/2014 18:34,31.387
5/18/2014 18:39,32.286
5/18/2014 18:44,31.162
5/18/2014 18:49,31.222
5/18/2014 18:54,31.283
5/18/2014 18:59,35.07
5/18/2014 19:04,44.65
5/18/2014 19:09,86.834
5/18/2014 19:14,32.042
5/18/2014 19:19,31.502
5/18/2014 19:24,30.915
5/18/2014 19:29,33.159
5/18/2014 19:34,31.656
5/18/2014 19:39,30.811
5/18/2014 19:44,32.334
5/18/2014 19:49,30.811
5/18/2014 19:54,31.218
5/18/2014 19:59,34.519
5/18/2014 20:04,46.4
5/18/2014 20:09,85.201
5/18/2014 20:14,32.281
5/18/2014 20:19,31.602
5/18/2014 20:24,31.38
5/18/2014 20:29,33.708
5/18/2014 20:34,31.287
5/18/2014 20:39,31.492
5/18/2014 20:44,32.602
5/18/2014 20:49,30.832
5/18/2014 20:54,31.097
5/18/2014 20:59,34.117
5/18/2014 21:04,45.716
5/18/2014 21:09,86.271
5/18/2014 21:14,32.782
5/18/2014 21:19,31.28
5/18/2014 21:24,31.666
5/18/2014 21:29,33.168
5/18/2014 21:34,30.648
5/18/2014 21:39,31.395
5/18/2014 21:44,32.118
5/18/2014 21:49,31.667
5/18/2014 21:54,30.999
5/18/2014 21:59,35.484
5/18/2014 22:04,43.313
5/18/2014 22:09,86.218
5/18/2014 22:14,33.782
5/18/2014 22:19,29.994
5/18/2014 22:24,31.367
5/18/2014 22:29,32.273
5/18/2014 22:34,31.322
5/18/2014 22:39,32.167
5/18/2014 22:44,31.667
5/18/2014 22:49,31.374
5/18/2014 22:54,30.829
5/18/2014 22:59,34.611
5/18/2014 23:04,45.629
5/18/2014 23:09,86.334
5/18/2014 23:14,32.674
5/18/2014 23:19,31.21
5/18/2014 23:24,30.785
5/18/2014 23:29,32.71
5/18/2014 23:34,31.333
5/18/2014 23:39,30.993
5/18/2014 23:44,32.489
5/18/2014 23:49,30.829
5/18/2014 23:54,31.771
5/18/2014 23:59,33.383
5/19/2014 0:04,45.167
5/19/2014 0:09,86.118
5/19/2014 0:14,33.16
5/19/2014 0:19,31.868
5/19/2014 0:24,31.618
5/19/2014 0:29,32.882
5/19/2014 0:34,31.459
5/19/2014 0:39,30.834
5/19/2014 0:44,32.001
5/19/2014 0:49,31.718
5/19/2014 0:54,30.102
5/19/2014 0:59,34.833
5/19/2014 1:04,45.715
5/19/2014 1:09,86.333
5/19/2014 1:14,32.174
5/19/2014 1:19,31.387
5/19/2014 1:24,31.817
5/19/2014 1:29,32.689
5/19/2014 1:34,30.613
5/19/2014 1:39,31.381
5/19/2014 1:44,31.618
5/19/2014 1:49,30.666
5/19/2014 1:54,31.838
5/19/2014 1:59,34.671
5/19/2014 2:04,44.306
5/19/2014 2:09,85.834
5/19/2014 2:14,32.491
5/19/2014 2:19,31.334
5/19/2014 2:24,31.666
5/19/2014 2:29,31.507
5/19/2014 2:34,31.021
5/19/2014 2:39,31.216
5/19/2014 2:44,32.284
5/19/2014 2:49,31.453
5/19/2014 2:54,31.166
5/19/2014 2:59,34.297
5/19/2014 3:04,45.555
5/19/2014 3:09,87.167
5/19/2014 3:14,31.992
5/19/2014 3:19,31.672
5/19/2014 3:24,30.872
5/19/2014 3:29,32.446
5/19/2014 3:34,31.051
5/19/2014 3:39,36.501
5/19/2014 3:44,36.933
5/19/2014 3:49,31.495
5/19/2014 3:54,31.366
5/19/2014 3:59,33.931
5/19/2014 4:04,45.265
5/19/2014 4:09,86.384
5/19/2014 4:14,31.962
5/19/2014 4:19,30.98
5/19/2014 4:24,30.839
5/19/2014 4:29,32.554
5/19/2014 4:34,31.611
5/19/2014 4:39,30.835
5/19/2014 4:44,32.222
5/19/2014 4:49,30.782
5/19/2014 4:54,30.721
5/19/2014 4:59,34.357
5/19/2014 5:04,44.771
5/19/2014 5:09,85.618
5/19/2014 5:14,34.332
5/19/2014 5:19,31.161
5/19/2014 5:24,31.679
5/19/2014 5:29,33.218
5/19/2014 5:34,31.169
5/19/2014 5:39,30.428
5/19/2014 5:44,32.188
5/19/2014 5:49,31.055
5/19/2014 5:54,30.626
5/19/2014 5:59,34.22
5/19/2014 6:04,45.165
5/19/2014 6:09,86.271
5/19/2014 6:14,32.419
5/19/2014 6:19,31.375
5/19/2014 6:24,31.065
5/19/2014 6:29,34.333
5/19/2014 6:34,29.305
5/19/2014 6:39,31.837
5/19/2014 6:44,31.494
5/19/2014 6:49,30.835
5/19/2014 6:54,31.388
5/19/2014 6:59,34.173
5/19/2014 7:04,45.615
5/19/2014 7:09,86.723
5/19/2014 7:14,32.952
5/19/2014 7:19,30.503
5/19/2014 7:24,30.945
5/19/2014 7:29,31.902
5/19/2014 7:34,31.169
5/19/2014 7:39,30.929
5/19/2014 7:44,32.29
5/19/2014 7:49,31.603
5/19/2014 7:54,30.995
5/19/2014 7:59,34.727
5/19/2014 8:04,44.003
5/19/2014 8:09,85.833
5/19/2014 8:14,32.728
5/19/2014 8:19,30.945
5/19/2014 8:24,31.771
5/19/2014 8:29,32.384
5/19/2014 8:34,31.386
5/19/2014 8:39,31.777
5/19/2014 8:44,32.191
5/19/2014 8:49,30.882
5/19/2014 8:54,31.119
5/19/2014 8:59,34.438
5/19/2014 9:04,45.123
5/19/2014 9:09,86.333
5/19/2014 9:14,33.659
5/19/2014 9:19,29.987
5/19/2014 9:24,32.339
5/19/2014 9:29,31.214
5/19/2014 9:34,31.936
5/19/2014 9:39,31
5/19/2014 9:44,32.496
5/19/2014 9:49,31.009
5/19/2014 9:54,31.045
5/19/2014 9:59,34.484
5/19/2014 10:04,45
5/19/2014 10:09,86.118
5/19/2014 10:14,33.552
5/19/2014 10:19,30.997
5/19/2014 10:24,31.451
5/19/2014 10:29,33.165
5/19/2014 10:34,31.056
5/19/2014 10:39,31.286
5/19/2014 10:44,32.423
5/19/2014 10:49,31.08
5/19/2014 10:54,30.884
5/19/2014 10:59,33.967
5/19/2014 11:04,46.334
5/19/2014 11:09,86.387
5/19/2014 11:14,33.488
5/19/2014 11:19,31.282
5/19/2014 11:24,32.043
5/19/2014 11:29,31.165
5/19/2014 11:34,30.998
5/19/2014 11:39,31.825
5/19/2014 11:44,32.11
5/19/2014 11:49,30.211
5/19/2014 11:54,31.943
5/19/2014 11:59,34.5
5/19/2014 12:04,44.887
5/19/2014 12:09,86.5
5/19/2014 12:14,32.997
5/19/2014 12:19,29.655
5/19/2014 12:24,32.822
5/19/2014 12:29,31.194
5/19/2014 12:34,30.777
5/19/2014 12:39,31.555
5/19/2014 12:44,32.49
5/19/2014 12:49,31.449
5/19/2014 12:54,31.654
5/19/2014 12:59,35.217
5/19/2014 13:04,44.945
5/19/2014 13:09,92.833
5/19/2014 13:14,32.834
5/19/2014 13:19,31.216
5/19/2014 13:24,31.762
5/19/2014 13:29,33.168
5/19/2014 13:34,30.555
5/19/2014 13:39,31.415
5/19/2014 13:44,32.829
5/19/2014 13:49,31.207
5/19/2014 13:54,30.769
5/19/2014 13:59,35.161
5/19/2014 14:04,44.886
5/19/2014 14:09,92.881
5/19/2014 14:14,32.992
5/19/2014 14:19,31.786
5/19/2014 14:24,30.056
5/19/2014 14:29,33.602
5/19/2014 14:34,31.991
5/19/2014 14:39,30.71
5/19/2014 14:44,33
5/19/2014 14:49,31.78
5/19/2014 14:54,30.333
5/19/2014 14:59,34.22
5/19/2014 15:04,45.782
5/19/2014 15:09,93
5/19/2014 15:14,32.039
5/19/2014 15:19,32.552
5/19/2014 15:24,31.131
5/19/2014 15:29,33.045
5/19/2014 15:34,31.171
5/19/2014 15:39,30.765
5/19/2014 15:44,32.183
5/19/2014 15:49,30.285
5/19/2014 15:54,30.706
5/19/2014 15:59,34.267
5/19/2014 16:04,45.216
5/19/2014 16:09,93.333
5/19/2014 16:14,33.003
5/19/2014 16:19,31.383
5/19/2014 16:24,31.329
5/19/2014 16:29,32.658
5/19/2014 16:34,30.265
5/19/2014 16:39,31.703
5/19/2014 16:44,31.849
5/19/2014 16:49,31.775
5/19/2014 16:54,30.502
5/19/2014 16:59,34.384
5/19/2014 17:04,45.283
5/19/2014 17:09,100
5/19/2014 17:14,33
5/19/2014 17:19,30.925
5/19/2014 17:24,31.225
5/19/2014 17:29,33.174
5/19/2014 17:34,30.841
5/19/2014 17:39,31.2
5/19/2014 17:44,32.665
5/19/2014 17:49,31.784
5/19/2014 17:54,30.842
5/19/2014 17:59,34.356
5/19/2014 18:04,46
5/19/2014 18:09,93.22
5/19/2014 18:14,32.451
5/19/2014 18:19,31.052
5/19/2014 18:24,30.953
5/19/2014 18:29,33.18
5/19/2014 18:34,30.993
5/19/2014 18:39,30.659
5/19/2014 18:44,32.264
5/19/2014 18:49,31.023
5/19/2014 18:54,31.167
5/19/2014 18:59,33.996
5/19/2014 19:04,45.002
5/19/2014 19:09,93
5/19/2014 19:14,32.716
5/19/2014 19:19,31.613
5/19/2014 19:24,32.997
5/19/2014 19:29,31.53
5/19/2014 19:34,30.537
5/19/2014 19:39,30.987
5/19/2014 19:44,32.273
5/19/2014 19:49,30.953
5/19/2014 19:54,31.003
5/19/2014 19:59,34.536
5/19/2014 20:04,45.18
5/19/2014 20:09,93
5/19/2014 20:14,32.707
5/19/2014 20:19,32.609
5/19/2014 20:24,29.811
5/19/2014 20:29,32.383
5/19/2014 20:34,31.608
5/19/2014 20:39,30.334
5/19/2014 20:44,33.039
5/19/2014 20:49,31.11
5/19/2014 20:54,29.875
5/19/2014 20:59,34.307
5/19/2014 21:04,45.285
5/19/2014 21:09,100
5/19/2014 21:14,32.994
5/19/2014 21:19,31.337
5/19/2014 21:24,31.168
5/19/2014 21:29,33.161
5/19/2014 21:34,31.297
5/19/2014 21:39,30.816
5/19/2014 21:44,32.658
5/19/2014 21:49,30.892
5/19/2014 21:54,31.626
5/19/2014 21:59,34.33
5/19/2014 22:04,45.721
5/19/2014 22:09,100
5/19/2014 22:14,32.564
5/19/2014 22:19,31.378
5/19/2014 22:24,31.278
5/19/2014 22:29,32.211
5/19/2014 22:34,31.116
5/19/2014 22:39,31.658
5/19/2014 22:44,32.509
5/19/2014 22:49,31.658
5/19/2014 22:54,30.378
5/19/2014 22:59,35.015
5/19/2014 23:04,44.95
5/19/2014 23:09,66.73
5/19/2014 23:14,32.621
5/19/2014 23:19,30.944
5/19/2014 23:24,30.713
5/19/2014 23:29,33.471
5/19/2014 23:34,31.17
5/19/2014 23:39,31.37
5/19/2014 23:44,31.272
5/19/2014 23:49,30.885
5/19/2014 23:54,31.053
5/19/2014 23:59,33.163
5/20/2014 0:04,45.22
5/20/2014 0:09,100
5/20/2014 0:14,32.551
5/20/2014 0:19,32.116
5/20/2014 0:24,31.666
5/20/2014 0:29,33.332
5/20/2014 0:34,30.391
5/20/2014 0:39,31.609
5/20/2014 0:44,32.71
5/20/2014 0:49,31.283
5/20/2014 0:54,30.831
5/20/2014 0:59,34.725
5/20/2014 1:04,45.614
5/20/2014 1:09,100
5/20/2014 1:14,31.73
5/20/2014 1:19,31.287
5/20/2014 1:24,30.715
5/20/2014 1:29,32.424
5/20/2014 1:34,30.843
5/20/2014 1:39,31.824
5/20/2014 1:44,31.539
5/20/2014 1:49,31.436
5/20/2014 1:54,30.707
5/20/2014 1:59,34.462
5/20/2014 2:04,45.227
5/20/2014 2:09,100
5/20/2014 2:14,32.716
5/20/2014 2:19,30.947
5/20/2014 2:24,31.327
5/20/2014 2:29,33.046
5/20/2014 2:34,32.004
5/20/2014 2:39,30.782
5/20/2014 2:44,33.036
5/20/2014 2:49,31.378
5/20/2014 2:54,31.277
5/20/2014 2:59,35.635
5/20/2014 3:04,44.212
5/20/2014 3:09,100
5/20/2014 3:14,33.667
5/20/2014 3:19,32.499
5/20/2014 3:24,35.001
5/20/2014 3:29,36.875
5/20/2014 3:34,31.893
5/20/2014 3:39,31.827
5/20/2014 3:44,32.777
5/20/2014 3:49,31.169
5/20/2014 3:54,31.456
5/20/2014 3:59,35.012
5/20/2014 4:04,44.5
5/20/2014 4:09,100
5/20/2014 4:14,32.314
5/20/2014 4:19,31.718
5/20/2014 4:24,31.496
5/20/2014 4:29,32.793
5/20/2014 4:34,31.381
5/20/2014 4:39,31.619
5/20/2014 4:44,31.694
5/20/2014 4:49,31.449
5/20/2014 4:54,31.999
5/20/2014 4:59,33.333
5/20/2014 5:04,45.168
5/20/2014 5:09,100
5/20/2014 5:14,33.167
5/20/2014 5:19,31.797
5/20/2014 5:24,31.191
5/20/2014 5:29,32.631
5/20/2014 5:34,31.286
5/20/2014 5:39,31.153
5/20/2014 5:44,33.346
5/20/2014 5:49,30.832
5/20/2014 5:54,31.095
5/20/2014 5:59,34.728
5/20/2014 6:04,45.161
5/20/2014 6:09,100
5/20/2014 6:14,32.462
5/20/2014 6:19,31.045
5/20/2014 6:24,30.98
5/20/2014 6:29,32.488
5/20/2014 6:34,31.169
5/20/2014 6:39,31.673
5/20/2014 6:44,32.619
5/20/2014 6:49,30.986
5/20/2014 6:54,32.15
5/20/2014 6:59,34.048
5/20/2014 7:04,44.998
5/20/2014 7:09,100
5/20/2014 7:14,33.331
5/20/2014 7:19,29.558
5/20/2014 7:24,31.118
5/20/2014 7:29,32.329
5/20/2014 7:34,31.169
5/20/2014 7:39,31.169
5/20/2014 7:44,32.153
5/20/2014 7:49,31.336
5/20/2014 7:54,30.885
5/20/2014 7:59,34.047
5/20/2014 8:04,45.563
5/20/2014 8:09,100
5/20/2014 8:14,32.664
5/20/2014 8:19,31.66
5/20/2014 8:24,31.287
5/20/2014 8:29,32.383
5/20/2014 8:34,31.321
5/20/2014 8:39,31.816
5/20/2014 8:44,31.613
5/20/2014 8:49,30.88
5/20/2014 8:54,31.928
5/20/2014 8:59,33.485
5/20/2014 9:04,45.175
5/20/2014 9:09,100
5/20/2014 9:14,31.23
5/20/2014 9:19,32.164
5/20/2014 9:24,31.003
5/20/2014 9:29,31.895
5/20/2014 9:34,30.831
5/20/2014 9:39,30.792
5/20/2014 9:44,32.828
5/20/2014 9:49,30.539
5/20/2014 9:54,30.982
5/20/2014 9:59,33.835
5/20/2014 10:04,45.504
5/20/2014 10:09,100
5/20/2014 10:14,32.617
5/20/2014 10:19,31.388
5/20/2014 10:24,30.949
5/20/2014 10:29,31.896
5/20/2014 10:34,31.101
5/20/2014 10:39,30.998
5/20/2014 10:44,32.211
5/20/2014 10:49,30.785
5/20/2014 10:54,30.499
5/20/2014 10:59,34.628
5/20/2014 11:04,44.946
5/20/2014 11:09,100
5/20/2014 11:14,33.381
5/20/2014 11:19,30.289
5/20/2014 11:24,30.99
5/20/2014 11:29,32.327
5/20/2014 11:34,30.665
5/20/2014 11:39,31.384
5/20/2014 11:44,32.953
5/20/2014 11:49,30.84
5/20/2014 11:54,31.383
5/20/2014 11:59,34.196
5/20/2014 12:04,45.282
5/20/2014 12:09,100
5/20/2014 12:14,32.342
5/20/2014 12:19,31.282
5/20/2014 12:24,30.999
5/20/2014 12:29,32.706
5/20/2014 12:34,30.784
5/20/2014 12:39,31.174
5/20/2014 12:44,33.56
5/20/2014 12:49,30.447
5/20/2014 12:54,30.834
5/20/2014 12:59,33.88
5/20/2014 13:04,45.45
5/20/2014 13:09,100
5/20/2014 13:14,33.558
5/20/2014 13:19,30.826
5/20/2014 13:24,30.95
5/20/2014 13:29,33.431
5/20/2014 13:34,31.228
5/20/2014 13:39,31.667
5/20/2014 13:44,32.499
5/20/2014 13:49,30.835
5/20/2014 13:54,31.544
5/20/2014 13:59,33.654
5/20/2014 14:04,44.937
5/20/2014 14:09,100
5/20/2014 14:14,32.349
5/20/2014 14:19,31.674
5/20/2014 14:24,30.835
5/20/2014 14:29,32.497
5/20/2014 14:34,31.17
5/20/2014 14:39,31.895
5/20/2014 14:44,32.622
5/20/2014 14:49,30.609
5/20/2014 14:54,31.16
5/20/2014 14:59,33.878
5/20/2014 15:04,45.868
5/20/2014 15:09,100
5/20/2014 15:14,32.141
5/20/2014 15:19,32.111
5/20/2014 15:24,31.038
5/20/2014 15:29,31.779
5/20/2014 15:34,31.475
5/20/2014 15:39,31.678
5/20/2014 15:44,31.372
5/20/2014 15:49,31.614
5/20/2014 15:54,31.004
5/20/2014 15:59,35.496
5/20/2014 16:04,44.501
5/20/2014 16:09,100
5/20/2014 16:14,32.155
5/20/2014 16:19,32.002
5/20/2014 16:24,30.534
5/20/2014 16:29,32.624
5/20/2014 16:34,30.38
5/20/2014 16:39,31.28
5/20/2014 16:44,32.361
5/20/2014 16:49,32.945
5/20/2014 16:54,30.333
5/20/2014 16:59,33.988
5/20/2014 17:04,45.27
5/20/2014 17:09,100
5/20/2014 17:14,31.557
5/20/2014 17:19,31.607
5/20/2014 17:24,32.213
5/20/2014 17:29,31.118
5/20/2014 17:34,31.337
5/20/2014 17:39,31.11
5/20/2014 17:44,32.728
5/20/2014 17:49,31.442
5/20/2014 17:54,30.862
5/20/2014 17:59,34.202
5/20/2014 18:04,45.287
5/20/2014 18:09,100
5/20/2014 18:14,32.323
5/20/2014 18:19,31.72
5/20/2014 18:24,33.136
5/20/2014 18:29,32.11
5/20/2014 18:34,31.594
5/20/2014 18:39,32.39
5/20/2014 18:44,31.36
5/20/2014 18:49,30.82
5/20/2014 18:54,31.085
5/20/2014 18:59,34.074
5/20/2014 19:04,46.782
5/20/2014 19:09,100
5/20/2014 19:14,32.668
5/20/2014 19:19,31.999
5/20/2014 19:24,31.499
5/20/2014 19:29,32.378
5/20/2014 19:34,32.452
5/20/2014 19:39,29.833
5/20/2014 19:44,32.822
5/20/2014 19:49,31.001
5/20/2014 19:54,30.665
5/20/2014 19:59,33.877
5/20/2014 20:04,45.792
5/20/2014 20:09,100
5/20/2014 20:14,40.506
5/20/2014 20:19,31.001
5/20/2014 20:24,30.886
5/20/2014 20:29,32.444
5/20/2014 20:34,30.834
5/20/2014 20:39,30.829
5/20/2014 20:44,32.488
5/20/2014 20:49,31.648
5/20/2014 20:54,30.724
5/20/2014 20:59,35.483
5/20/2014 21:04,44.991
5/20/2014 21:09,100
5/20/2014 21:14,33.947
5/20/2014 21:19,32.162
5/20/2014 21:24,30.058
5/20/2014 21:29,31.599
5/20/2014 21:34,31.001
5/20/2014 21:39,31.167
5/20/2014 21:44,33.183
5/20/2014 21:49,31.496
5/20/2014 21:54,31.834
5/20/2014 21:59,33.665
5/20/2014 22:04,44.716
5/20/2014 22:09,100
5/20/2014 22:14,32.126
5/20/2014 22:19,31.947
5/20/2014 22:24,31.503
5/20/2014 22:29,33
5/20/2014 22:34,32.22
5/20/2014 22:39,31.452
5/20/2014 22:44,32.339
5/20/2014 22:49,31.045
5/20/2014 22:54,31.221
5/20/2014 22:59,34.898
5/20/2014 23:04,44.836
5/20/2014 23:09,100
5/20/2014 23:14,39.203
5/20/2014 23:19,32.331
5/20/2014 23:24,31.505
5/20/2014 23:29,33
5/20/2014 23:34,31.438
5/20/2014 23:39,30.986
5/20/2014 23:44,32.215
5/20/2014 23:49,31.274
5/20/2014 23:54,30.607
5/20/2014 23:59,33.741
5/21/2014 0:04,45.333
5/21/2014 0:09,100
5/21/2014 0:14,40.999
5/21/2014 0:19,31.04
5/21/2014 0:24,32.268
5/21/2014 0:29,31.714
5/21/2014 0:34,32
5/21/2014 0:39,31.115
5/21/2014 0:44,32.18
5/21/2014 0:49,31.216
5/21/2014 0:54,30.995
5/21/2014 0:59,35.33
5/21/2014 1:04,45.482
5/21/2014 1:09,100
5/21/2014 1:14,40.5
5/21/2014 1:19,32.506
5/21/2014 1:24,29.836
5/21/2014 1:29,32.539
5/21/2014 1:34,31.332
5/21/2014 1:39,31.443
5/21/2014 1:44,32.511
5/21/2014 1:49,31.015
5/21/2014 1:54,30.552
5/21/2014 1:59,34.93
5/21/2014 2:04,44.501
5/21/2014 2:09,100
5/21/2014 2:14,47.052
5/21/2014 2:19,32.625
5/21/2014 2:24,30.504
5/21/2014 2:29,31.999
5/21/2014 2:34,31.985
5/21/2014 2:39,32.003
5/21/2014 2:44,32.707
5/21/2014 2:49,30.837
5/21/2014 2:54,32.335
5/21/2014 2:59,33.831
5/21/2014 3:04,46.12
5/21/2014 3:09,100
5/21/2014 3:14,40.719
5/21/2014 3:19,30.825
5/21/2014 3:24,34.112
5/21/2014 3:29,33.395
5/21/2014 3:34,31.786
5/21/2014 3:39,31.507
5/21/2014 3:44,31.152
5/21/2014 3:49,31.37
5/21/2014 3:54,31.615
5/21/2014 3:59,34.19
5/21/2014 4:04,49.142
5/21/2014 4:09,100
5/21/2014 4:14,40.935
5/21/2014 4:19,31.331
5/21/2014 4:24,31.213
5/21/2014 4:29,32.498
5/21/2014 4:34,31.923
5/21/2014 4:39,30.663
5/21/2014 4:44,32.812
5/21/2014 4:49,30.338
5/21/2014 4:54,31.039
5/21/2014 4:59,34.219
5/21/2014 5:04,45.425
5/21/2014 5:09,100
5/21/2014 5:14,47.817
5/21/2014 5:19,29.716
5/21/2014 5:24,31.441
5/21/2014 5:29,31.882
5/21/2014 5:34,30.762
5/21/2014 5:39,31.008
5/21/2014 5:44,32.336
5/21/2014 5:49,31.163
5/21/2014 5:54,31.669
5/21/2014 5:59,34.063
5/21/2014 6:04,45.499
5/21/2014 6:09,100
5/21/2014 6:14,44.301
5/21/2014 6:19,32.175
5/21/2014 6:24,30.502
5/21/2014 6:29,31.509
5/21/2014 6:34,31.154
5/21/2014 6:39,30.582
5/21/2014 6:44,32.896
5/21/2014 6:49,31.834
5/21/2014 6:54,30.497
5/21/2014 6:59,34.545
5/21/2014 7:04,45.334
5/21/2014 7:09,100
5/21/2014 7:14,46.462
5/21/2014 7:19,31.321
5/21/2014 7:24,31.168
5/21/2014 7:29,33.001
5/21/2014 7:34,31.56
5/21/2014 7:39,31.105
5/21/2014 7:44,32.668
5/21/2014 7:49,31.329
5/21/2014 7:54,31.217
5/21/2014 7:59,33.644
5/21/2014 8:04,44.954
5/21/2014 8:09,100
5/21/2014 8:14,45.999
5/21/2014 8:19,29.881
5/21/2014 8:24,31.283
5/21/2014 8:29,32.416
5/21/2014 8:34,32.071
5/21/2014 8:39,30.657
5/21/2014 8:44,33.834
5/21/2014 8:49,31.043
5/21/2014 8:54,29.943
5/21/2014 8:59,34.833
5/21/2014 9:04,45
5/21/2014 9:09,100
5/21/2014 9:14,46.834
5/21/2014 9:19,31.322
5/21/2014 9:24,31.339
5/21/2014 9:29,33.328
5/21/2014 9:34,30.502
5/21/2014 9:39,31.159
5/21/2014 9:44,32.554
5/21/2014 9:49,30.78
5/21/2014 9:54,30.675
5/21/2014 9:59,34.167
5/21/2014 10:04,45.5
5/21/2014 10:09,100
5/21/2014 10:14,46.835
5/21/2014 10:19,30.835
5/21/2014 10:24,30.836
5/21/2014 10:29,32.208
5/21/2014 10:34,31.174
5/21/2014 10:39,31.287
5/21/2014 10:44,32.13
5/21/2014 10:49,32.161
5/21/2014 10:54,30.163
5/21/2014 10:59,34.665
5/21/2014 11:04,46.167
5/21/2014 11:09,100
5/21/2014 11:14,46.999
5/21/2014 11:19,30.88
5/21/2014 11:24,31.768
5/21/2014 11:29,32.05
5/21/2014 11:34,31.782
5/21/2014 11:39,31.5
5/21/2014 11:44,31.494
5/21/2014 11:49,31.551
5/21/2014 11:54,31.77
5/21/2014 11:59,34.332
5/21/2014 12:04,44.887
5/21/2014 12:09,100
5/21/2014 12:14,46.5
5/21/2014 12:19,31.715
5/21/2014 12:24,33.449
5/21/2014 12:29,30.867
5/21/2014 12:34,31.277
5/21/2014 12:39,30.719
5/21/2014 12:44,33.274
5/21/2014 12:49,31.501
5/21/2014 12:54,31.653
5/21/2014 12:59,32.682
5/21/2014 13:04,45.691
5/21/2014 13:09,100
5/21/2014 13:14,46.218
5/21/2014 13:19,30.67
5/21/2014 13:24,31.115
5/21/2014 13:29,33.5
5/21/2014 13:34,31.047
5/21/2014 13:39,32.419
5/21/2014 13:44,32.042
5/21/2014 13:49,30.269
5/21/2014 13:54,31.72
5/21/2014 13:59,34.233
5/21/2014 14:04,45.898
5/21/2014 14:09,100
5/21/2014 14:14,45.835
5/21/2014 14:19,31.334
5/21/2014 14:24,31.721
5/21/2014 14:29,32.448
5/21/2014 14:34,30.989
5/21/2014 14:39,31.374
5/21/2014 14:44,32.926
5/21/2014 14:49,30.319
5/21/2014 14:54,31.243
5/21/2014 14:59,33.844
5/21/2014 15:04,45.202
5/21/2014 15:09,100
5/21/2014 15:14,46.955
5/21/2014 15:19,32.039
5/21/2014 15:24,31.619
5/21/2014 15:29,31.514
5/21/2014 15:34,31.118
5/21/2014 15:39,31.493
5/21/2014 15:44,33.346
5/21/2014 15:49,31.032
5/21/2014 15:54,30.914
5/21/2014 15:59,34.296
5/21/2014 16:04,46.159
5/21/2014 16:09,100
5/21/2014 16:14,47.175
5/21/2014 16:19,30.99
5/21/2014 16:24,30.87
5/21/2014 16:29,32.774
5/21/2014 16:34,31.17
5/21/2014 16:39,30.152
5/21/2014 16:44,33.007
5/21/2014 16:49,31.167
5/21/2014 16:54,31.168
5/21/2014 16:59,35.334
5/21/2014 17:04,44.479
5/21/2014 17:09,100
5/21/2014 17:14,45.045
5/21/2014 17:19,31.448
5/21/2014 17:24,30.993
5/21/2014 17:29,32.72
5/21/2014 17:34,30.988
5/21/2014 17:39,31.27
5/21/2014 17:44,34.001
5/21/2014 17:49,30.501
5/21/2014 17:54,30.817
5/21/2014 17:59,34.666
5/21/2014 18:04,45.001
5/21/2014 18:09,100
5/21/2014 18:14,46.321
5/21/2014 18:19,31.168
5/21/2014 18:24,31.17
5/21/2014 18:29,33.048
5/21/2014 18:34,31.442
5/21/2014 18:39,31
5/21/2014 18:44,32.877
5/21/2014 18:49,31.945
5/21/2014 18:54,32.508
5/21/2014 18:59,33.651
5/21/2014 19:04,44.166
5/21/2014 19:09,100
5/21/2014 19:14,45.886
5/21/2014 19:19,32.768
5/21/2014 19:24,30.878
5/21/2014 19:29,32.001
5/21/2014 19:34,30.947
5/21/2014 19:39,31.167
5/21/2014 19:44,32.667
5/21/2014 19:49,32.166
5/21/2014 19:54,30.386
5/21/2014 19:59,33.995
5/21/2014 20:04,45.115
5/21/2014 20:09,100
5/21/2014 20:14,45.989
5/21/2014 20:19,32.5
5/21/2014 20:24,31.834
5/21/2014 20:29,31.844
5/21/2014 20:34,31.221
5/21/2014 20:39,31.664
5/21/2014 20:44,32.778
5/21/2014 20:49,31.495
5/21/2014 20:54,31.38
5/21/2014 20:59,34.784
5/21/2014 21:04,45.333
5/21/2014 21:09,100
5/21/2014 21:14,47.165
5/21/2014 21:19,31.334
5/21/2014 21:24,31
5/21/2014 21:29,33.328
5/21/2014 21:34,33
5/21/2014 21:39,29.834
5/21/2014 21:44,32.835
5/21/2014 21:49,31.827
5/21/2014 21:54,30.494
5/21/2014 21:59,34.154
5/21/2014 22:04,45.354
5/21/2014 22:09,100
5/21/2014 22:14,46.667
5/21/2014 22:19,31.105
5/21/2014 22:24,31.868
5/21/2014 22:29,33.499
5/21/2014 22:34,32.306
5/21/2014 22:39,30.509
5/21/2014 22:44,32.834
5/21/2014 22:49,30.994
5/21/2014 22:54,31.551
5/21/2014 22:59,34.452
5/21/2014 23:04,44.988
5/21/2014 23:09,100
5/21/2014 23:14,46.663
5/21/2014 23:19,31.448
5/21/2014 23:24,31.993
5/21/2014 23:29,33.165
5/21/2014 23:34,30.834
5/21/2014 23:39,31.04
5/21/2014 23:44,32.615
5/21/2014 23:49,30.836
5/21/2014 23:54,31.204
5/21/2014 23:59,34.063
5/22/2014 0:04,44.996
5/22/2014 0:09,100
5/22/2014 0:14,46.828
5/22/2014 0:19,30.995
5/22/2014 0:24,31.037
5/22/2014 0:29,32.767
5/22/2014 0:34,31.171
5/22/2014 0:39,31.668
5/22/2014 0:44,32.217
5/22/2014 0:49,31.616
5/22/2014 0:54,31.504
5/22/2014 0:59,33.832
5/22/2014 1:04,45.82
5/22/2014 1:09,100
5/22/2014 1:14,46.166
5/22/2014 1:19,32.334
5/22/2014 1:24,30.82
5/22/2014 1:29,33.553
5/22/2014 1:34,30.459
5/22/2014 1:39,31.048
5/22/2014 1:44,33
5/22/2014 1:49,31.265
5/22/2014 1:54,31.33
5/22/2014 1:59,35.141
5/22/2014 2:04,44.005
5/22/2014 2:09,100
5/22/2014 2:14,46.448
5/22/2014 2:19,31.835
5/22/2014 2:24,31
5/22/2014 2:29,33.386
5/22/2014 2:34,31.284
5/22/2014 2:39,31.324
5/22/2014 2:44,32.197
5/22/2014 2:49,32.269
5/22/2014 2:54,31.166
5/22/2014 2:59,34.182
5/22/2014 3:04,44.336
5/22/2014 3:09,100
5/22/2014 3:14,60.104
5/22/2014 3:19,32.834
5/22/2014 3:24,30.992
5/22/2014 3:29,32.831
5/22/2014 3:34,35.834
5/22/2014 3:39,31.175
5/22/2014 3:44,33.166
5/22/2014 3:49,30.839
5/22/2014 3:54,30.997
5/22/2014 3:59,34.853
5/22/2014 4:04,44.501
5/22/2014 4:09,100
5/22/2014 4:14,46.502
5/22/2014 4:19,31.661
5/22/2014 4:24,30.331
5/22/2014 4:29,34.012
5/22/2014 4:34,30.718
5/22/2014 4:39,31.004
5/22/2014 4:44,32.783
5/22/2014 4:49,30.835
5/22/2014 4:54,30.67
5/22/2014 4:59,34.486
5/22/2014 5:04,45.383
5/22/2014 5:09,100
5/22/2014 5:14,53.053
5/22/2014 5:19,31.783
5/22/2014 5:24,31.333
5/22/2014 5:29,32.167
5/22/2014 5:34,30.936
5/22/2014 5:39,30.889
5/22/2014 5:44,33.324
5/22/2014 5:49,31.054
5/22/2014 5:54,30.448
5/22/2014 5:59,34.541
5/22/2014 6:04,45.281
5/22/2014 6:09,100
5/22/2014 6:14,52.876
5/22/2014 6:19,30.951
5/22/2014 6:24,30.71
5/22/2014 6:29,32.983
5/22/2014 6:34,31.613
5/22/2014 6:39,31.327
5/22/2014 6:44,32.559
5/22/2014 6:49,31.445
5/22/2014 6:54,32.503
5/22/2014 6:59,34.009
5/22/2014 7:04,45.834
5/22/2014 7:09,100
5/22/2014 7:14,45.675
5/22/2014 7:19,31.384
5/22/2014 7:24,30.784
5/22/2014 7:29,32.329
5/22/2014 7:34,31.501
5/22/2014 7:39,31.5
5/22/2014 7:44,31.387
5/22/2014 7:49,31.269
5/22/2014 7:54,31.327
5/22/2014 7:59,33.635
5/22/2014 8:04,44.827
5/22/2014 8:09,100
5/22/2014 8:14,59.115
5/22/2014 8:19,31.49
5/22/2014 8:24,30.667
5/22/2014 8:29,33.013
5/22/2014 8:34,31.543
5/22/2014 8:39,30.99
5/22/2014 8:44,32.782
5/22/2014 8:49,31.307
5/22/2014 8:54,30.605
5/22/2014 8:59,33.916
5/22/2014 9:04,45.981
5/22/2014 9:09,100
5/22/2014 9:14,53.39
5/22/2014 9:19,31.818
5/22/2014 9:24,31.776
5/22/2014 9:29,32.357
5/22/2014 9:34,30.948
5/22/2014 9:39,30.708
5/22/2014 9:44,31.999
5/22/2014 9:49,31.333
5/22/2014 9:54,31.169
5/22/2014 9:59,34.607
5/22/2014 10:04,44.594
5/22/2014 10:09,100
5/22/2014 10:14,60.371
5/22/2014 10:19,31.543
5/22/2014 10:24,29.756
5/22/2014 10:29,32.317
5/22/2014 10:34,31.548
5/22/2014 10:39,32.112
5/22/2014 10:44,31.701
5/22/2014 10:49,31.164
5/22/2014 10:54,31.286
5/22/2014 10:59,34.334
5/22/2014 11:04,46.051
5/22/2014 11:09,100
5/22/2014 11:14,59.888
5/22/2014 11:19,30.988
5/22/2014 11:24,31.665
5/22/2014 11:29,31.782
5/22/2014 11:34,32.146
5/22/2014 11:39,30.165
5/22/2014 11:44,31.845
5/22/2014 11:49,31.328
5/22/2014 11:54,30.502
5/22/2014 11:59,34.367
5/22/2014 12:04,45.44
5/22/2014 12:09,100
5/22/2014 12:14,60.161
5/22/2014 12:19,30.5
5/22/2014 12:24,31.051
5/22/2014 12:29,33.159
5/22/2014 12:34,30.949
5/22/2014 12:39,30.995
5/22/2014 12:44,32.845
5/22/2014 12:49,31.334
5/22/2014 12:54,31.487
5/22/2014 12:59,33.002
5/22/2014 13:04,46.344
5/22/2014 13:09,100
5/22/2014 13:14,52.459
5/22/2014 13:19,31.334
5/22/2014 13:24,32.334
5/22/2014 13:29,31.5
5/22/2014 13:34,32.214
5/22/2014 13:39,30.44
5/22/2014 13:44,32.467
5/22/2014 13:49,31.048
5/22/2014 13:54,30.942
5/22/2014 13:59,34.505
5/22/2014 14:04,46.318
5/22/2014 14:09,66.5
5/22/2014 14:14,46.341
5/22/2014 14:19,32.501
5/22/2014 14:24,30.821
5/22/2014 14:29,33.987
5/22/2014 14:34,30.056
5/22/2014 14:39,30.87
5/22/2014 14:44,32.895
5/22/2014 14:49,30.879
5/22/2014 14:54,30.618
5/22/2014 14:59,33.333
5/22/2014 15:04,45.727
5/22/2014 15:09,100
5/22/2014 15:14,60.054
5/22/2014 15:19,33.286
5/22/2014 15:24,30.503
5/22/2014 15:29,31.499
5/22/2014 15:34,31.834
5/22/2014 15:39,31.046
5/22/2014 15:44,32.615
5/22/2014 15:49,31.042
5/22/2014 15:54,31.119
5/22/2014 15:59,34.983
5/22/2014 16:04,45.67
5/22/2014 16:09,100
5/22/2014 16:14,47.112
5/22/2014 16:19,31.05
5/22/2014 16:24,30.49
5/22/2014 16:29,33.011
5/22/2014 16:34,31.169
5/22/2014 16:39,30.505
5/22/2014 16:44,32.618
5/22/2014 16:49,31.171
5/22/2014 16:54,31.876
5/22/2014 16:59,34.274
5/22/2014 17:04,44.497
5/22/2014 17:09,100
5/22/2014 17:14,59.368
5/22/2014 17:19,32.451
5/22/2014 17:24,30.67
5/22/2014 17:29,32.862
5/22/2014 17:34,31.952
5/22/2014 17:39,31.22
5/22/2014 17:44,32.666
5/22/2014 17:49,30.835
5/22/2014 17:54,30.668
5/22/2014 17:59,33.942
5/22/2014 18:04,45.612
5/22/2014 18:09,100
5/22/2014 18:14,59.335
5/22/2014 18:19,30.718
5/22/2014 18:24,31.339
5/22/2014 18:29,32.677
5/22/2014 18:34,31.123
5/22/2014 18:39,31.668
5/22/2014 18:44,31.391
5/22/2014 18:49,31.507
5/22/2014 18:54,31.504
5/22/2014 18:59,35.113
5/22/2014 19:04,44.441
5/22/2014 19:09,100
5/22/2014 19:14,60.103
5/22/2014 19:19,32.339
5/22/2014 19:24,31.144
5/22/2014 19:29,32.67
5/22/2014 19:34,31.206
5/22/2014 19:39,30.99
5/22/2014 19:44,32.287
5/22/2014 19:49,31.211
5/22/2014 19:54,30.625
5/22/2014 19:59,34.224
5/22/2014 20:04,46.343
5/22/2014 20:09,100
5/22/2014 20:14,60.938
5/22/2014 20:19,30.102
5/22/2014 20:24,31.228
5/22/2014 20:29,33.995
5/22/2014 20:34,30.166
5/22/2014 20:39,31.166
5/22/2014 20:44,32.511
5/22/2014 20:49,31.002
5/22/2014 20:54,31.666
5/22/2014 20:59,34.058
5/22/2014 21:04,45.944
5/22/2014 21:09,100
5/22/2014 21:14,60.015
5/22/2014 21:19,31.33
5/22/2014 21:24,30.388
5/22/2014 21:29,33.391
5/22/2014 21:34,31.17
5/22/2014 21:39,31.169
5/22/2014 21:44,32.669
5/22/2014 21:49,31.168
5/22/2014 21:54,31.001
5/22/2014 21:59,34.365
5/22/2014 22:04,46
5/22/2014 22:09,100
5/22/2014 22:14,59.587
5/22/2014 22:19,31.806
5/22/2014 22:24,32.154
5/22/2014 22:29,31.771
5/22/2014 22:34,31.382
5/22/2014 22:39,31.673
5/22/2014 22:44,32.282
5/22/2014 22:49,31.336
5/22/2014 22:54,31.001
5/22/2014 22:59,33.744
5/22/2014 23:04,44.946
5/22/2014 23:09,100
5/22/2014 23:14,59.491
5/22/2014 23:19,31.106
5/22/2014 23:24,32.329
5/22/2014 23:29,32.559
5/22/2014 23:34,31.11
5/22/2014 23:39,31.157
5/22/2014 23:44,32.549
5/22/2014 23:49,31.176
5/22/2014 23:54,31.113
5/22/2014 23:59,33.088
5/23/2014 0:04,44.887
5/23/2014 0:09,100
5/23/2014 0:14,60.218
5/23/2014 0:19,32.286
5/23/2014 0:24,30.887
5/23/2014 0:29,33.178
5/23/2014 0:34,30.313
5/23/2014 0:39,31.163
5/23/2014 0:44,32.777
5/23/2014 0:49,30.334
5/23/2014 0:54,31.663
5/23/2014 0:59,34.193
5/23/2014 1:04,44.834
5/23/2014 1:09,100
5/23/2014 1:14,59.618
5/23/2014 1:19,31.663
5/23/2014 1:24,31.043
5/23/2014 1:29,32.958
5/23/2014 1:34,30.306
5/23/2014 1:39,30.834
5/23/2014 1:44,32.542
5/23/2014 1:49,31.331
5/23/2014 1:54,31.327
5/23/2014 1:59,33.947
5/23/2014 2:04,45.37
5/23/2014 2:09,100
5/23/2014 2:14,59.672
5/23/2014 2:19,31.626
5/23/2014 2:24,31.224
5/23/2014 2:29,31.781
5/23/2014 2:34,31.004
5/23/2014 2:39,31.498
5/23/2014 2:44,32.83
5/23/2014 2:49,31.66
5/23/2014 2:54,31.059
5/23/2014 2:59,34.783
5/23/2014 3:04,44.665
5/23/2014 3:09,100
5/23/2014 3:14,60.837
5/23/2014 3:19,30.834
5/23/2014 3:24,32.335
5/23/2014 3:29,32.428
5/23/2014 3:34,31.119
5/23/2014 3:39,30.992
5/23/2014 3:44,36.28
5/23/2014 3:49,31.272
5/23/2014 3:54,30.668
5/23/2014 3:59,33.894
5/23/2014 4:04,45.952
5/23/2014 4:09,100
5/23/2014 4:14,59.719
5/23/2014 4:19,31.613
5/23/2014 4:24,31.711
5/23/2014 4:29,32.445
5/23/2014 4:34,31.054
5/23/2014 4:39,30.827
5/23/2014 4:44,32.961
5/23/2014 4:49,30.887
5/23/2014 4:54,30.782
5/23/2014 4:59,34.123
5/23/2014 5:04,45.258
5/23/2014 5:09,100
5/23/2014 5:14,59.725
5/23/2014 5:19,31.01
5/23/2014 5:24,30.882
5/23/2014 5:29,32.77
5/23/2014 5:34,31.119
5/23/2014 5:39,31.175
5/23/2014 5:44,32.091
5/23/2014 5:49,31.609
5/23/2014 5:54,30.892
5/23/2014 5:59,33.885
5/23/2014 6:04,46.115
5/23/2014 6:09,100
5/23/2014 6:14,59.33
5/23/2014 6:19,31.503
5/23/2014 6:24,31.208
5/23/2014 6:29,32.284
5/23/2014 6:34,31.048
5/23/2014 6:39,32.44
5/23/2014 6:44,31.674
5/23/2014 6:49,32.5
5/23/2014 6:54,30.73
5/23/2014 6:59,34.507
5/23/2014 7:04,44.879
5/23/2014 7:09,100
5/23/2014 7:14,65.95
5/23/2014 7:19,31.82
5/23/2014 7:24,30.491
5/23/2014 7:29,32.879
5/23/2014 7:34,30.625
5/23/2014 7:39,31.662
5/23/2014 7:44,32.338
5/23/2014 7:49,31.344
5/23/2014 7:54,30.648
5/23/2014 7:59,34.607
5/23/2014 8:04,45.225
5/23/2014 8:09,100
5/23/2014 8:14,59.834
5/23/2014 8:19,31.148
5/23/2014 8:24,31.374
5/23/2014 8:29,32.826
5/23/2014 8:34,31.326
5/23/2014 8:39,30.831
5/23/2014 8:44,32.106
5/23/2014 8:49,31.668
5/23/2014 8:54,30.338
5/23/2014 8:59,34.476
5/23/2014 9:04,44.486
5/23/2014 9:09,100
5/23/2014 9:14,59.18
5/23/2014 9:19,32.334
5/23/2014 9:24,30.885
5/23/2014 9:29,32.785
5/23/2014 9:34,30.593
5/23/2014 9:39,31.281
5/23/2014 9:44,31.499
5/23/2014 9:49,30.949
5/23/2014 9:54,30.646
5/23/2014 9:59,34.376
5/23/2014 10:04,45.124
5/23/2014 10:09,100
5/23/2014 10:14,59.503
5/23/2014 10:19,31.222
5/23/2014 10:24,30.618
5/23/2014 10:29,32.433
5/23/2014 10:34,31.219
5/23/2014 10:39,30.668
5/23/2014 10:44,32.382
5/23/2014 10:49,30.752
5/23/2014 10:54,31.05
5/23/2014 10:59,34.803
5/23/2014 11:04,45.502
5/23/2014 11:09,100
5/23/2014 11:14,59.456
5/23/2014 11:19,31.38
5/23/2014 11:24,30.704
5/23/2014 11:29,32.898
5/23/2014 11:34,31.388
5/23/2014 11:39,31.489
5/23/2014 11:44,33.442
5/23/2014 11:49,30.517
5/23/2014 11:54,30.993
5/23/2014 11:59,34.121
5/23/2014 12:04,45.538
5/23/2014 12:09,100
5/23/2014 12:14,59.11
5/23/2014 12:19,31.705
5/23/2014 12:24,31.779
5/23/2014 12:29,32.518
5/23/2014 12:34,31.326
5/23/2014 12:39,31.725
5/23/2014 12:44,32.292
5/23/2014 12:49,31.386
5/23/2014 12:54,30.816
5/23/2014 12:59,34.098
5/23/2014 13:04,45.053
5/23/2014 13:09,100
5/23/2014 13:14,66.938
5/23/2014 13:19,30.667
5/23/2014 13:24,31.665
5/23/2014 13:29,33.061
5/23/2014 13:34,31.109
5/23/2014 13:39,30.421
5/23/2014 13:44,32.382
5/23/2014 13:49,31.148
5/23/2014 13:54,31.003
5/23/2014 13:59,34.045
5/23/2014 14:04,45.09
5/23/2014 14:09,100
5/23/2014 14:14,66.214
5/23/2014 14:19,31.615
5/23/2014 14:24,32.168
5/23/2014 14:29,31.807
5/23/2014 14:34,30.544
5/23/2014 14:39,30.67
5/23/2014 14:44,32.446
5/23/2014 14:49,31.219
5/23/2014 14:54,31.436
5/23/2014 14:59,34.669
5/23/2014 15:04,44.818
5/23/2014 15:09,100
5/23/2014 15:14,66.18
5/23/2014 15:19,30.667
5/23/2014 15:24,30.891
5/23/2014 15:29,32.923
5/23/2014 15:34,30.676
5/23/2014 15:39,30.639
5/23/2014 15:44,33.318
5/23/2014 15:49,30.494
5/23/2014 15:54,30.666
5/23/2014 15:59,34.198
5/23/2014 16:04,46.058
5/23/2014 16:09,100
5/23/2014 16:14,70.937
5/23/2014 16:19,31.045
5/23/2014 16:24,31.39
5/23/2014 16:29,32.685
5/23/2014 16:34,31.326
5/23/2014 16:39,31.435
5/23/2014 16:44,32.446
5/23/2014 16:49,31.661
5/23/2014 16:54,31.212
5/23/2014 16:59,34.33
5/23/2014 17:04,45.666
5/23/2014 17:09,100
5/23/2014 17:14,59.5
5/23/2014 17:19,31.49
5/23/2014 17:24,30.823
5/23/2014 17:29,32.664
5/23/2014 17:34,31.214
5/23/2014 17:39,31.335
5/23/2014 17:44,32.607
5/23/2014 17:49,31.004
5/23/2014 17:54,30.887
5/23/2014 17:59,34.283
5/23/2014 18:04,45.833
5/23/2014 18:09,100
5/23/2014 18:14,72.598
5/23/2014 18:19,30.084
5/23/2014 18:24,31.283
5/23/2014 18:29,32.723
5/23/2014 18:34,31.097
5/23/2014 18:39,30.673
5/23/2014 18:44,32.498
5/23/2014 18:49,31.342
5/23/2014 18:54,30.989
5/23/2014 18:59,34.643
5/23/2014 19:04,44.501
5/23/2014 19:09,100
5/23/2014 19:14,66.334
5/23/2014 19:19,31.166
5/23/2014 19:24,31.153
5/23/2014 19:29,32.705
5/23/2014 19:34,31.147
5/23/2014 19:39,31.434
5/23/2014 19:44,32.059
5/23/2014 19:49,31.596
5/23/2014 19:54,30.666
5/23/2014 19:59,35.839
5/23/2014 20:04,44.809
5/23/2014 20:09,100
5/23/2014 20:14,72.335
5/23/2014 20:19,30.988
5/23/2014 20:24,31.291
5/23/2014 20:29,32.668
5/23/2014 20:34,30.85
5/23/2014 20:39,30.998
5/23/2014 20:44,31.935
5/23/2014 20:49,32.532
5/23/2014 20:54,30.99
5/23/2014 20:59,72.613
5/23/2014 21:04,100
5/23/2014 21:09,100
5/23/2014 21:14,85.887
5/23/2014 21:19,79.4755
5/23/2014 21:24,45.628
5/23/2014 21:29,47.6455
5/23/2014 21:34,31.9345
5/23/2014 21:39,31.286
5/23/2014 21:44,33.1478
5/23/2014 21:49,32.665
5/23/2014 21:54,31.834
5/23/2014 21:59,34.499
5/23/2014 22:04,45.001
5/23/2014 22:09,34.334
5/23/2014 22:14,34.321
5/23/2014 22:19,31.644
5/23/2014 22:24,32.5
5/23/2014 22:29,31.965
5/23/2014 22:34,31.167
5/23/2014 22:39,31.334
5/23/2014 22:44,33.002
5/23/2014 22:49,31.161
5/23/2014 22:54,31.798
5/23/2014 22:59,35.166
5/23/2014 23:04,46.985
5/23/2014 23:09,32.665
5/23/2014 23:14,34.333
5/23/2014 23:19,30.384
5/23/2014 23:24,31.992
5/23/2014 23:29,33.425
5/23/2014 23:34,32.239
5/23/2014 23:39,31.55
5/23/2014 23:44,32.553
5/23/2014 23:49,32.103
5/23/2014 23:54,30.709
5/23/2014 23:59,35.128
5/24/2014 0:04,44
5/24/2014 0:09,32.835
5/24/2014 0:14,32.667
5/24/2014 0:19,31.833
5/24/2014 0:24,31.674
5/24/2014 0:29,34.437
5/24/2014 0:34,31.888
5/24/2014 0:39,33.833
5/24/2014 0:44,31.166
5/24/2014 0:49,32.313
5/24/2014 0:54,30.37
5/24/2014 0:59,34.618
5/24/2014 1:04,45
5/24/2014 1:09,33.173
5/24/2014 1:14,32.768
5/24/2014 1:19,31.034
5/24/2014 1:24,31.669
5/24/2014 1:29,33.065
5/24/2014 1:34,31.449
5/24/2014 1:39,32.006
5/24/2014 1:44,33.156
5/24/2014 1:49,30.834
5/24/2014 1:54,30.667
5/24/2014 1:59,34.161
5/24/2014 2:04,45.995
5/24/2014 2:09,33.167
5/24/2014 2:14,33.667
5/24/2014 2:19,32.969
5/24/2014 2:24,31.501
5/24/2014 2:29,33.146
5/24/2014 2:34,32.319
5/24/2014 2:39,30.38
5/24/2014 2:44,33.448
5/24/2014 2:49,30.042
5/24/2014 2:54,31.449
5/24/2014 2:59,34.485
5/24/2014 3:04,44.668
5/24/2014 3:09,33.505
5/24/2014 3:14,32.499
5/24/2014 3:19,33.982
5/24/2014 3:24,31.667
5/24/2014 3:29,32.999
5/24/2014 3:34,31.333
5/24/2014 3:39,31.431
5/24/2014 3:44,32.539
5/24/2014 3:49,31.835
5/24/2014 3:54,31.993
5/24/2014 3:59,35.168
5/24/2014 4:04,46.158
5/24/2014 4:09,39.946
5/24/2014 4:14,33.316
5/24/2014 4:19,57.832
5/24/2014 4:24,31.222
5/24/2014 4:29,33.588
5/24/2014 4:34,30.496
5/24/2014 4:39,39.501
5/24/2014 4:44,46.334
5/24/2014 4:49,31.154
5/24/2014 4:54,31.165
5/24/2014 4:59,34.001
5/24/2014 5:04,47.332
5/24/2014 5:09,32.246
5/24/2014 5:14,33.999
5/24/2014 5:19,30.195
5/24/2014 5:24,31.274
5/24/2014 5:29,33.047
5/24/2014 5:34,31.941
5/24/2014 5:39,31.668
5/24/2014 5:44,32.668
5/24/2014 5:49,31.493
5/24/2014 5:54,31.002
5/24/2014 5:59,34.33
5/24/2014 6:04,45.668
5/24/2014 6:09,39.333
5/24/2014 6:14,33.821
5/24/2014 6:19,31.166
5/24/2014 6:24,31.726
5/24/2014 6:29,34.449
5/24/2014 6:34,30.977
5/24/2014 6:39,31.666
5/24/2014 6:44,32.334
5/24/2014 6:49,31.333
5/24/2014 6:54,30.835
5/24/2014 6:59,34.527
5/24/2014 7:04,46.668
5/24/2014 7:09,32.632
5/24/2014 7:14,33.5
5/24/2014 7:19,31.002
5/24/2014 7:24,31.001
5/24/2014 7:29,33.166
5/24/2014 7:34,31.387
5/24/2014 7:39,32.602
5/24/2014 7:44,30.995
5/24/2014 7:49,32.171
5/24/2014 7:54,30.504
5/24/2014 7:59,34.481
5/24/2014 8:04,46.834
5/24/2014 8:09,39
5/24/2014 8:14,31.83
5/24/2014 8:19,32.372
5/24/2014 8:24,30.609
5/24/2014 8:29,33.666
5/24/2014 8:34,30.504
5/24/2014 8:39,31.001
5/24/2014 8:44,34.311
5/24/2014 8:49,30.887
5/24/2014 8:54,32.283
5/24/2014 8:59,33.826
5/24/2014 9:04,46.333
5/24/2014 9:09,39.613
5/24/2014 9:14,32.165
5/24/2014 9:19,31.039
5/24/2014 9:24,30.95
5/24/2014 9:29,33.668
5/24/2014 9:34,30.983
5/24/2014 9:39,32.168
5/24/2014 9:44,34.292
5/24/2014 9:49,29.334
5/24/2014 9:54,31.667
5/24/2014 9:59,34.175
5/24/2014 10:04,45.167
5/24/2014 10:09,46.177
5/24/2014 10:14,32.637
5/24/2014 10:19,31.333
5/24/2014 10:24,31.502
5/24/2014 10:29,33.166
5/24/2014 10:34,31.501
5/24/2014 10:39,31.338
5/24/2014 10:44,32.667
5/24/2014 10:49,30.968
5/24/2014 10:54,31.559
5/24/2014 10:59,33.944
5/24/2014 11:04,46.333
5/24/2014 11:09,46.155
5/24/2014 11:14,33.446
5/24/2014 11:19,31.497
5/24/2014 11:24,31
5/24/2014 11:29,32.524
5/24/2014 11:34,31.95
5/24/2014 11:39,31.148
5/24/2014 11:44,33.334
5/24/2014 11:49,31.003
5/24/2014 11:54,30.538
5/24/2014 11:59,34.778
5/24/2014 12:04,46.166
5/24/2014 12:09,32.814
5/24/2014 12:14,33.117
5/24/2014 12:19,31.539
5/24/2014 12:24,31.75
5/24/2014 12:29,33.495
5/24/2014 12:34,31.166
5/24/2014 12:39,31.003
5/24/2014 12:44,32.166
5/24/2014 12:49,30.998
5/24/2014 12:54,31.045
5/24/2014 12:59,34.17
5/24/2014 13:04,46.279
5/24/2014 13:09,46.168
5/24/2014 13:14,34.148
5/24/2014 13:19,31.334
5/24/2014 13:24,31.835
5/24/2014 13:29,32.002
5/24/2014 13:34,31.501
5/24/2014 13:39,31.667
5/24/2014 13:44,32.988
5/24/2014 13:49,31.161
5/24/2014 13:54,33.666
5/24/2014 13:59,33.5
5/24/2014 14:04,44.671
5/24/2014 14:09,45.833
5/24/2014 14:14,32.978
5/24/2014 14:19,32.87
5/24/2014 14:24,30.094
5/24/2014 14:29,33.166
5/24/2014 14:34,31.168
5/24/2014 14:39,31.485
5/24/2014 14:44,32.834
5/24/2014 14:49,32
5/24/2014 14:54,31.387
5/24/2014 14:59,33.937
5/24/2014 15:04,45.833
5/24/2014 15:09,46.824
5/24/2014 15:14,33.497
5/24/2014 15:19,30.105
5/24/2014 15:24,31.676
5/24/2014 15:29,34.715
5/24/2014 15:34,30.775
5/24/2014 15:39,31.214
5/24/2014 15:44,32.593
5/24/2014 15:49,31.169
5/24/2014 15:54,31.502
5/24/2014 15:59,34.333
5/24/2014 16:04,46
5/24/2014 16:09,44.162
5/24/2014 16:14,32.652
5/24/2014 16:19,32.098
5/24/2014 16:24,31.334
5/24/2014 16:29,33.015
5/24/2014 16:34,32.111
5/24/2014 16:39,31.15
5/24/2014 16:44,31.667
5/24/2014 16:49,31.993
5/24/2014 16:54,31.553
5/24/2014 16:59,34.784
5/24/2014 17:04,45.847
5/24/2014 17:09,45.332
5/24/2014 17:14,33.334
5/24/2014 17:19,31.922
5/24/2014 17:24,31.753
5/24/2014 17:29,32.95
5/24/2014 17:34,31.161
5/24/2014 17:39,31.485
5/24/2014 17:44,32.548
5/24/2014 17:49,31.612
5/24/2014 17:54,31.713
5/24/2014 17:59,34.761
5/24/2014 18:04,46.64
5/24/2014 18:09,45.157
5/24/2014 18:14,33.659
5/24/2014 18:19,31.98
5/24/2014 18:24,30.502
5/24/2014 18:29,33.334
5/24/2014 18:34,31.334
5/24/2014 18:39,31.667
5/24/2014 18:44,32.834
5/24/2014 18:49,31.982
5/24/2014 18:54,31.145
5/24/2014 18:59,34.501
5/24/2014 19:04,46.722
5/24/2014 19:09,46.001
5/24/2014 19:14,34.5
5/24/2014 19:19,30.149
5/24/2014 19:24,30.837
5/24/2014 19:29,32.996
5/24/2014 19:34,30.989
5/24/2014 19:39,32.502
5/24/2014 19:44,32.485
5/24/2014 19:49,31.504
5/24/2014 19:54,31.39
5/24/2014 19:59,34.612
5/24/2014 20:04,47.167
5/24/2014 20:09,45.333
5/24/2014 20:14,33.887
5/24/2014 20:19,32.901
5/24/2014 20:24,30.994
5/24/2014 20:29,32.32
5/24/2014 20:34,31.333
5/24/2014 20:39,31.5
5/24/2014 20:44,32.879
5/24/2014 20:49,31.115
5/24/2014 20:54,31.334
5/24/2014 20:59,35
5/24/2014 21:04,46.484
5/24/2014 21:09,45.499
5/24/2014 21:14,33.042
5/24/2014 21:19,31.62
5/24/2014 21:24,31.866
5/24/2014 21:29,33.609
5/24/2014 21:34,31.832
5/24/2014 21:39,31.054
5/24/2014 21:44,33.781
5/24/2014 21:49,31.004
5/24/2014 21:54,30.776
5/24/2014 21:59,35.18
5/24/2014 22:04,45.816
5/24/2014 22:09,46.996
5/24/2014 22:14,31.666
5/24/2014 22:19,31.333
5/24/2014 22:24,31.665
5/24/2014 22:29,33.499
5/24/2014 22:34,31.608
5/24/2014 22:39,31.392
5/24/2014 22:44,32.857
5/24/2014 22:49,31.947
5/24/2014 22:54,32.666
5/24/2014 22:59,33.628
5/24/2014 23:04,46
5/24/2014 23:09,46.166
5/24/2014 23:14,33.67
5/24/2014 23:19,31.227
5/24/2014 23:24,31.942
5/24/2014 23:29,33.333
5/24/2014 23:34,32.168
5/24/2014 23:39,31.333
5/24/2014 23:44,33.334
5/24/2014 23:49,31.502
5/24/2014 23:54,31.502
5/24/2014 23:59,34.348
5/25/2014 0:04,45.334
5/25/2014 0:09,44.834
5/25/2014 0:14,34.001
5/25/2014 0:19,31.151
5/25/2014 0:24,31.333
5/25/2014 0:29,33.262
5/25/2014 0:34,31.032
5/25/2014 0:39,32
5/25/2014 0:44,33.164
5/25/2014 0:49,32.107
5/25/2014 0:54,31.335
5/25/2014 0:59,33.301
5/25/2014 1:04,46
5/25/2014 1:09,46.05
5/25/2014 1:14,33.949
5/25/2014 1:19,31.167
5/25/2014 1:24,32.187
5/25/2014 1:29,34.488
5/25/2014 1:34,31.004
5/25/2014 1:39,31.827
5/25/2014 1:44,32.499
5/25/2014 1:49,30.974
5/25/2014 1:54,30.803
5/25/2014 1:59,34.18
5/25/2014 2:04,45.833
5/25/2014 2:09,46.764
5/25/2014 2:14,33.541
5/25/2014 2:19,33.094
5/25/2014 2:24,30.668
5/25/2014 2:29,34.788
5/25/2014 2:34,31.489
5/25/2014 2:39,29.926
5/25/2014 2:44,33.721
5/25/2014 2:49,31.002
5/25/2014 2:54,32.98
5/25/2014 2:59,34
5/25/2014 3:04,44.666
5/25/2014 3:09,46.387
5/25/2014 3:14,32.944
5/25/2014 3:19,33.832
5/25/2014 3:24,30.664
5/25/2014 3:29,36.501
5/25/2014 3:34,33.488
5/25/2014 3:39,30.684
5/25/2014 3:44,37.004
5/25/2014 3:49,31.551
5/25/2014 3:54,31.042
5/25/2014 3:59,34.834
5/25/2014 4:04,45.317
5/25/2014 4:09,45.337
5/25/2014 4:14,32.664
5/25/2014 4:19,31.499
5/25/2014 4:24,31.832
5/25/2014 4:29,33.984
5/25/2014 4:34,30.334
5/25/2014 4:39,31.164
5/25/2014 4:44,33.169
5/25/2014 4:49,31
5/25/2014 4:54,32.163
5/25/2014 4:59,34.318
5/25/2014 5:04,45
5/25/2014 5:09,45.831
5/25/2014 5:14,32.828
5/25/2014 5:19,32.833
5/25/2014 5:24,29.982
5/25/2014 5:29,33.333
5/25/2014 5:34,31.335
5/25/2014 5:39,31.334
5/25/2014 5:44,34.177
5/25/2014 5:49,30.166
5/25/2014 5:54,31.387
5/25/2014 5:59,34.785
5/25/2014 6:04,45.501
5/25/2014 6:09,48
5/25/2014 6:14,33.447
5/25/2014 6:19,30.999
5/25/2014 6:24,30.5
5/25/2014 6:29,33.169
5/25/2014 6:34,31.216
5/25/2014 6:39,31.448
5/25/2014 6:44,33.166
5/25/2014 6:49,31.339
5/25/2014 6:54,30.835
5/25/2014 6:59,34.5
5/25/2014 7:04,45.001
5/25/2014 7:09,45.666
5/25/2014 7:14,32.887
5/25/2014 7:19,32.113
5/25/2014 7:24,31.327
5/25/2014 7:29,33.279
5/25/2014 7:34,30.966
5/25/2014 7:39,30.825
5/25/2014 7:44,32.221
5/25/2014 7:49,31.612
5/25/2014 7:54,33.334
5/25/2014 7:59,32.544
5/25/2014 8:04,44.949
5/25/2014 8:09,47.437
5/25/2014 8:14,32.379
5/25/2014 8:19,31.334
5/25/2014 8:24,31.451
5/25/2014 8:29,33.501
5/25/2014 8:34,30.839
5/25/2014 8:39,30.378
5/25/2014 8:44,32.119
5/25/2014 8:49,31.72
5/25/2014 8:54,31.392
5/25/2014 8:59,34.666
5/25/2014 9:04,45.17
5/25/2014 9:09,52.782
5/25/2014 9:14,32.884
5/25/2014 9:19,31.448
5/25/2014 9:24,32.33
5/25/2014 9:29,32.499
5/25/2014 9:34,30.715
5/25/2014 9:39,31.791
5/25/2014 9:44,32.501
5/25/2014 9:49,31.17
5/25/2014 9:54,31.334
5/25/2014 9:59,34.811
5/25/2014 10:04,45.168
5/25/2014 10:09,46.669
5/25/2014 10:14,32.833
5/25/2014 10:19,31.166
5/25/2014 10:24,31.456
5/25/2014 10:29,33.498
5/25/2014 10:34,30.485
5/25/2014 10:39,31.818
5/25/2014 10:44,32.05
5/25/2014 10:49,31.17
5/25/2014 10:54,32.449
5/25/2014 10:59,34.856
5/25/2014 11:04,44.835
5/25/2014 11:09,45.667
5/25/2014 11:14,32.501
5/25/2014 11:19,31.667
5/25/2014 11:24,31.995
5/25/2014 11:29,32.318
5/25/2014 11:34,31.333
5/25/2014 11:39,30.835
5/25/2014 11:44,33.158
5/25/2014 11:49,31
5/25/2014 11:54,30.996
5/25/2014 11:59,34.639
5/25/2014 12:04,45.168
5/25/2014 12:09,46.608
5/25/2014 12:14,32.339
5/25/2014 12:19,32.333
5/25/2014 12:24,30.343
5/25/2014 12:29,33.373
5/25/2014 12:34,31.662
5/25/2014 12:39,31.501
5/25/2014 12:44,32.701
5/25/2014 12:49,31.453
5/25/2014 12:54,32.508
5/25/2014 12:59,33.833
5/25/2014 13:04,45.166
5/25/2014 13:09,46.319
5/25/2014 13:14,32.834
5/25/2014 13:19,31.176
5/25/2014 13:24,31.002
5/25/2014 13:29,33.321
5/25/2014 13:34,31.834
5/25/2014 13:39,30.834
5/25/2014 13:44,33.31
5/25/2014 13:49,31.166
5/25/2014 13:54,32
5/25/2014 13:59,34.022
5/25/2014 14:04,45.32
5/25/2014 14:09,50.267
5/25/2014 14:14,32.762
5/25/2014 14:19,32.981
5/25/2014 14:24,31.615
5/25/2014 14:29,33.768
5/25/2014 14:34,30.04
5/25/2014 14:39,31.634
5/25/2014 14:44,33.168
5/25/2014 14:49,31
5/25/2014 14:54,32.168
5/25/2014 14:59,33.655
5/25/2014 15:04,46.834
5/25/2014 15:09,46.001
5/25/2014 15:14,32.824
5/25/2014 15:19,31.664
5/25/2014 15:24,31.669
5/25/2014 15:29,32.819
5/25/2014 15:34,31.491
5/25/2014 15:39,31.667
5/25/2014 15:44,32.831
5/25/2014 15:49,30.829
5/25/2014 15:54,31.332
5/25/2014 15:59,34.833
5/25/2014 16:04,46.499
5/25/2014 16:09,52.115
5/25/2014 16:14,33.817
5/25/2014 16:19,31.505
5/25/2014 16:24,31.335
5/25/2014 16:29,32.999
5/25/2014 16:34,31.167
5/25/2014 16:39,33.085
5/25/2014 16:44,30.414
5/25/2014 16:49,31.615
5/25/2014 16:54,31.003
5/25/2014 16:59,33.834
5/25/2014 17:04,45.547
5/25/2014 17:09,53.167
5/25/2014 17:14,33.167
5/25/2014 17:19,31.221
5/25/2014 17:24,32.109
5/25/2014 17:29,32.012
5/25/2014 17:34,32.217
5/25/2014 17:39,31.782
5/25/2014 17:44,32.667
5/25/2014 17:49,31.001
5/25/2014 17:54,31.386
5/25/2014 17:59,34.394
5/25/2014 18:04,46.822
5/25/2014 18:09,52.666
5/25/2014 18:14,33.499
5/25/2014 18:19,31.833
5/25/2014 18:24,30.835
5/25/2014 18:29,33.168
5/25/2014 18:34,31
5/25/2014 18:39,31.446
5/25/2014 18:44,34.044
5/25/2014 18:49,30.494
5/25/2014 18:54,31.334
5/25/2014 18:59,34.18
5/25/2014 19:04,45.501
5/25/2014 19:09,50.313
5/25/2014 19:14,31.833
5/25/2014 19:19,32.886
5/25/2014 19:24,30.313
5/25/2014 19:29,32.612
5/25/2014 19:34,32.168
5/25/2014 19:39,31.613
5/25/2014 19:44,32.547
5/25/2014 19:49,31.154
5/25/2014 19:54,31.154
5/25/2014 19:59,34.333
5/25/2014 20:04,47.333
5/25/2014 20:09,59.381
5/25/2014 20:14,32.42
5/25/2014 20:19,33.16
5/25/2014 20:24,30.498
5/25/2014 20:29,33
5/25/2014 20:34,31.05
5/25/2014 20:39,31.282
5/25/2014 20:44,32.999
5/25/2014 20:49,30.501
5/25/2014 20:54,31.818
5/25/2014 20:59,34.386
5/25/2014 21:04,45.164
5/25/2014 21:09,59.833
5/25/2014 21:14,32.5
5/25/2014 21:19,31.167
5/25/2014 21:24,31.834
5/25/2014 21:29,33.494
5/25/2014 21:34,30.829
5/25/2014 21:39,30.817
5/25/2014 21:44,32.863
5/25/2014 21:49,31.476
5/25/2014 21:54,31.6
5/25/2014 21:59,34.199
5/25/2014 22:04,45.589
5/25/2014 22:09,52.666
5/25/2014 22:14,33.833
5/25/2014 22:19,30.338
5/25/2014 22:24,32.491
5/25/2014 22:29,34
5/25/2014 22:34,30.319
5/25/2014 22:39,31.551
5/25/2014 22:44,32.457
5/25/2014 22:49,31.828
5/25/2014 22:54,30.72
5/25/2014 22:59,35.267
5/25/2014 23:04,44.999
5/25/2014 23:09,58.167
5/25/2014 23:14,34.733
5/25/2014 23:19,31.344
5/25/2014 23:24,30.711
5/25/2014 23:29,33.738
5/25/2014 23:34,31.35
5/25/2014 23:39,30.881
5/25/2014 23:44,32.772
5/25/2014 23:49,31.553
5/25/2014 23:54,31.953
5/25/2014 23:59,33.243
5/26/2014 0:04,45.833
5/26/2014 0:09,59.393
5/26/2014 0:14,33.335
5/26/2014 0:19,32.658
5/26/2014 0:24,31.316
5/26/2014 0:29,33.505
5/26/2014 0:34,31.5
5/26/2014 0:39,31.189
5/26/2014 0:44,32.451
5/26/2014 0:49,31.549
5/26/2014 0:54,31.765
5/26/2014 0:59,33.999
5/26/2014 1:04,46.16
5/26/2014 1:09,59.333
5/26/2014 1:14,33.456
5/26/2014 1:19,31.667
5/26/2014 1:24,31
5/26/2014 1:29,32.709
5/26/2014 1:34,30.952
5/26/2014 1:39,31.161
5/26/2014 1:44,32.985
5/26/2014 1:49,31.666
5/26/2014 1:54,32.158
5/26/2014 1:59,35.172
5/26/2014 2:04,45.205
5/26/2014 2:09,59.607
5/26/2014 2:14,34.281
5/26/2014 2:19,33.5
5/26/2014 2:24,30.834
5/26/2014 2:29,32.429
5/26/2014 2:34,30.884
5/26/2014 2:39,31.501
5/26/2014 2:44,32.499
5/26/2014 2:49,31.335
5/26/2014 2:54,31.22
5/26/2014 2:59,34.612
5/26/2014 3:04,46.166
5/26/2014 3:09,60.327
5/26/2014 3:14,34
5/26/2014 3:19,30.812
5/26/2014 3:24,36.167
5/26/2014 3:29,33.474
5/26/2014 3:34,32.323
5/26/2014 3:39,31.334
5/26/2014 3:44,31.667
5/26/2014 3:49,31.839
5/26/2014 3:54,31.837
5/26/2014 3:59,34.167
5/26/2014 4:04,45.5
5/26/2014 4:09,59.666
5/26/2014 4:14,32.166
5/26/2014 4:19,31.502
5/26/2014 4:24,31.336
5/26/2014 4:29,33
5/26/2014 4:34,31.499
5/26/2014 4:39,31.168
5/26/2014 4:44,33.655
5/26/2014 4:49,31.486
5/26/2014 4:54,31.05
5/26/2014 4:59,34.782
5/26/2014 5:04,45.434
5/26/2014 5:09,46.503
5/26/2014 5:14,32.499
5/26/2014 5:19,31.337
5/26/2014 5:24,31.147
5/26/2014 5:29,32.779
5/26/2014 5:34,31.336
5/26/2014 5:39,32
5/26/2014 5:44,32.5
5/26/2014 5:49,32.001
5/26/2014 5:54,31.501
5/26/2014 5:59,34.333
5/26/2014 6:04,46.5
5/26/2014 6:09,59.668
5/26/2014 6:14,33.666
5/26/2014 6:19,33.148
5/26/2014 6:24,30.167
5/26/2014 6:29,32.5
5/26/2014 6:34,31.334
5/26/2014 6:39,32.334
5/26/2014 6:44,32.491
5/26/2014 6:49,32.709
5/26/2014 6:54,30.777
5/26/2014 6:59,35.988
5/26/2014 7:04,43.674
5/26/2014 7:09,60.333
5/26/2014 7:14,33.055
5/26/2014 7:19,31.49
5/26/2014 7:24,31.793
5/26/2014 7:29,32.287
5/26/2014 7:34,31.156
5/26/2014 7:39,30.667
5/26/2014 7:44,32.495
5/26/2014 7:49,31.999
5/26/2014 7:54,31.331
5/26/2014 7:59,34.002
5/26/2014 8:04,46.002
5/26/2014 8:09,58.767
5/26/2014 8:14,33.333
5/26/2014 8:19,32.433
5/26/2014 8:24,30.031
5/26/2014 8:29,32.802
5/26/2014 8:34,31.334
5/26/2014 8:39,30.839
5/26/2014 8:44,33.167
5/26/2014 8:49,32.335
5/26/2014 8:54,31
5/26/2014 8:59,34.167
5/26/2014 9:04,45.501
5/26/2014 9:09,59.165
5/26/2014 9:14,33.327
5/26/2014 9:19,32.167
5/26/2014 9:24,31.167
5/26/2014 9:29,31.838
5/26/2014 9:34,32.639
5/26/2014 9:39,30.341
5/26/2014 9:44,32.512
5/26/2014 9:49,31.154
5/26/2014 9:54,31.67
5/26/2014 9:59,34.001
5/26/2014 10:04,46.665
5/26/2014 10:09,59.168
5/26/2014 10:14,33.502
5/26/2014 10:19,30.666
5/26/2014 10:24,31.719
5/26/2014 10:29,32.782
5/26/2014 10:34,32.166
5/26/2014 10:39,31
5/26/2014 10:44,32.498
5/26/2014 10:49,31.668
5/26/2014 10:54,31.507
5/26/2014 10:59,34.834
5/26/2014 11:04,44.654
5/26/2014 11:09,60.502
5/26/2014 11:14,32.551
5/26/2014 11:19,31.599
5/26/2014 11:24,33.48
5/26/2014 11:29,32.032
5/26/2014 11:34,31.283
5/26/2014 11:39,30.625
5/26/2014 11:44,33.001
5/26/2014 11:49,31.001
5/26/2014 11:54,31
5/26/2014 11:59,34.667
5/26/2014 12:04,45.67
5/26/2014 12:09,59.167
5/26/2014 12:14,33.334
5/26/2014 12:19,32.252
5/26/2014 12:24,31.04
5/26/2014 12:29,32.999
5/26/2014 12:34,31.549
5/26/2014 12:39,30.789
5/26/2014 12:44,32.324
5/26/2014 12:49,32.5
5/26/2014 12:54,30.501
5/26/2014 12:59,36.001
5/26/2014 13:04,44.985
5/26/2014 13:09,61.155
5/26/2014 13:14,31.624
5/26/2014 13:19,31.482
5/26/2014 13:24,32.668
5/26/2014 13:29,31.819
5/26/2014 13:34,30.341
5/26/2014 13:39,31.668
5/26/2014 13:44,32.833
5/26/2014 13:49,31.5
5/26/2014 13:54,31.657
5/26/2014 13:59,34.001
5/26/2014 14:04,45.67
5/26/2014 14:09,59.931
5/26/2014 14:14,32.833
5/26/2014 14:19,32.001
5/26/2014 14:24,31.628
5/26/2014 14:29,33.554
5/26/2014 14:34,30.952
5/26/2014 14:39,31.501
5/26/2014 14:44,32.5
5/26/2014 14:49,31.718
5/26/2014 14:54,31.952
5/26/2014 14:59,34.333
5/26/2014 15:04,45.5
5/26/2014 15:09,59.167
5/26/2014 15:14,33.67
5/26/2014 15:19,32.176
5/26/2014 15:24,31.318
5/26/2014 15:29,32.168
5/26/2014 15:34,31.553
5/26/2014 15:39,31.163
5/26/2014 15:44,32.615
5/26/2014 15:49,31.334
5/26/2014 15:54,32.833
5/26/2014 15:59,33.666
5/26/2014 16:04,45.268
5/26/2014 16:09,59.333
5/26/2014 16:14,32.844
5/26/2014 16:19,32.832
5/26/2014 16:24,31.001
5/26/2014 16:29,33.669
5/26/2014 16:34,30.834
5/26/2014 16:39,31.834
5/26/2014 16:44,33.168
5/26/2014 16:49,29.979
5/26/2014 16:54,31.832
5/26/2014 16:59,35.191
5/26/2014 17:04,44.154
5/26/2014 17:09,58.834
5/26/2014 17:14,32.666
5/26/2014 17:19,31.781
5/26/2014 17:24,31.335
5/26/2014 17:29,34.5
5/26/2014 17:34,31.501
5/26/2014 17:39,30.989
5/26/2014 17:44,33.667
5/26/2014 17:49,30.544
5/26/2014 17:54,32.45
5/26/2014 17:59,33.354
5/26/2014 18:04,45.333
5/26/2014 18:09,65
5/26/2014 18:14,33.334
5/26/2014 18:19,32.791
5/26/2014 18:24,29.999
5/26/2014 18:29,33.649
5/26/2014 18:34,30.77
5/26/2014 18:39,31.202
5/26/2014 18:44,33.553
5/26/2014 18:49,31.449
5/26/2014 18:54,31.334
5/26/2014 18:59,35.024
5/26/2014 19:04,45.999
5/26/2014 19:09,59.277
5/26/2014 19:14,32.386
5/26/2014 19:19,32.453
5/26/2014 19:24,31.666
5/26/2014 19:29,33.833
5/26/2014 19:34,31.373
5/26/2014 19:39,32.596
5/26/2014 19:44,32.335
5/26/2014 19:49,30.658
5/26/2014 19:54,32.335
5/26/2014 19:59,33.167
5/26/2014 20:04,46.501
5/26/2014 20:09,64.904
5/26/2014 20:14,34.503
5/26/2014 20:19,30.891
5/26/2014 20:24,32.258
5/26/2014 20:29,32.83
5/26/2014 20:34,31.6
5/26/2014 20:39,31.713
5/26/2014 20:44,32.337
5/26/2014 20:49,31.314
5/26/2014 20:54,31.33
5/26/2014 20:59,35
5/26/2014 21:04,45.5
5/26/2014 21:09,65.833
5/26/2014 21:14,33.437
5/26/2014 21:19,32.712
5/26/2014 21:24,30.838
5/26/2014 21:29,31.501
5/26/2014 21:34,32.342
5/26/2014 21:39,32
5/26/2014 21:44,32.618
5/26/2014 21:49,31.335
5/26/2014 21:54,31.333
5/26/2014 21:59,35
5/26/2014 22:04,44.833
5/26/2014 22:09,60.777
5/26/2014 22:14,31.696
5/26/2014 22:19,33.665
5/26/2014 22:24,32.831
5/26/2014 22:29,30.833
5/26/2014 22:34,30.816
5/26/2014 22:39,31.153
5/26/2014 22:44,33.832
5/26/2014 22:49,30.169
5/26/2014 22:54,31.833
5/26/2014 22:59,34.147
5/26/2014 23:04,45.827
5/26/2014 23:09,65.501
5/26/2014 23:14,32.834
5/26/2014 23:19,32.834
5/26/2014 23:24,30.671
5/26/2014 23:29,33.336
5/26/2014 23:34,31.839
5/26/2014 23:39,31.652
5/26/2014 23:44,33.16
5/26/2014 23:49,31.164
5/26/2014 23:54,32.168
5/26/2014 23:59,33.644
5/27/2014 0:04,46.387
5/27/2014 0:09,61
5/27/2014 0:14,31.5
5/27/2014 0:19,31.539
5/27/2014 0:24,32.123
5/27/2014 0:29,31.994
5/27/2014 0:34,31.532
5/27/2014 0:39,34.363
5/27/2014 0:44,31.725
5/27/2014 0:49,31.431
5/27/2014 0:54,31.163
5/27/2014 0:59,34.666
5/27/2014 1:04,45.646
5/27/2014 1:09,59.276
5/27/2014 1:14,33.5
5/27/2014 1:19,32.998
5/27/2014 1:24,32.333
5/27/2014 1:29,32.624
5/27/2014 1:34,32.166
5/27/2014 1:39,32.124
5/27/2014 1:44,31.834
5/27/2014 1:49,31.281
5/27/2014 1:54,31.715
5/27/2014 1:59,33.834
5/27/2014 2:04,44.835
5/27/2014 2:09,73.429
5/27/2014 2:14,33.016
5/27/2014 2:19,32.499
5/27/2014 2:24,31.167
5/27/2014 2:29,33.159
5/27/2014 2:34,31.501
5/27/2014 2:39,30.99
5/27/2014 2:44,32.833
5/27/2014 2:49,31.646
5/27/2014 2:54,31.372
5/27/2014 2:59,34.777
5/27/2014 3:04,46.482
5/27/2014 3:09,58.712
5/27/2014 3:14,33.447
5/27/2014 3:19,31.767
5/27/2014 3:24,32.168
5/27/2014 3:29,33.499
5/27/2014 3:34,32.169
5/27/2014 3:39,31.334
5/27/2014 3:44,41
5/27/2014 3:49,31.835
5/27/2014 3:54,30.339
5/27/2014 3:59,35.003
5/27/2014 4:04,46.001
5/27/2014 4:09,64.666
5/27/2014 4:14,32.668
5/27/2014 4:19,31.837
5/27/2014 4:24,31.169
5/27/2014 4:29,33.167
5/27/2014 4:34,31.157
5/27/2014 4:39,31.502
5/27/2014 4:44,33.164
5/27/2014 4:49,31.668
5/27/2014 4:54,32
5/27/2014 4:59,34.484
5/27/2014 5:04,46.825
5/27/2014 5:09,72.834
5/27/2014 5:14,32.205
5/27/2014 5:19,31.277
5/27/2014 5:24,30.834
5/27/2014 5:29,33.666
5/27/2014 5:34,32.16
5/27/2014 5:39,31.631
5/27/2014 5:44,32.999
5/27/2014 5:49,30.833
5/27/2014 5:54,31.208
5/27/2014 5:59,35.615
5/27/2014 6:04,45.33
5/27/2014 6:09,58.333
5/27/2014 6:14,33.166
5/27/2014 6:19,30.834
5/27/2014 6:24,32.168
5/27/2014 6:29,34.164
5/27/2014 6:34,30.663
5/27/2014 6:39,31.167
5/27/2014 6:44,33.135
5/27/2014 6:49,32.72
5/27/2014 6:54,30.444
5/27/2014 6:59,34.333
5/27/2014 7:04,46.822
5/27/2014 7:09,72.668
5/27/2014 7:14,33.344
5/27/2014 7:19,31.131
5/27/2014 7:24,31.668
5/27/2014 7:29,33.333
5/27/2014 7:34,31.317
5/27/2014 7:39,30.502
5/27/2014 7:44,33.011
5/27/2014 7:49,31.88
5/27/2014 7:54,31.78
5/27/2014 7:59,33.986
5/27/2014 8:04,45
5/27/2014 8:09,68
5/27/2014 8:14,32.5
5/27/2014 8:19,31.333
5/27/2014 8:24,31.636
5/27/2014 8:29,32.834
5/27/2014 8:34,31.334
5/27/2014 8:39,31.254
5/27/2014 8:44,31.883
5/27/2014 8:49,32.443
5/27/2014 8:54,31.001
5/27/2014 8:59,34.334
5/27/2014 9:04,46.838
5/27/2014 9:09,52.446
5/27/2014 9:14,32.827
5/27/2014 9:19,32.157
5/27/2014 9:24,31.171
5/27/2014 9:29,32.834
5/27/2014 9:34,31.834
5/27/2014 9:39,30.982
5/27/2014 9:44,33.053
5/27/2014 9:49,32.449
5/27/2014 9:54,31.2
5/27/2014 9:59,34.6
5/27/2014 10:04,45.832
5/27/2014 10:09,72.472
5/27/2014 10:14,32.833
5/27/2014 10:19,31.649
5/27/2014 10:24,30.722
5/27/2014 10:29,34.7
5/27/2014 10:34,31.21
5/27/2014 10:39,30.612
5/27/2014 10:44,32.884
5/27/2014 10:49,30.992
5/27/2014 10:54,33
5/27/2014 10:59,33.662
5/27/2014 11:04,46.438
5/27/2014 11:09,68.166
5/27/2014 11:14,33
5/27/2014 11:19,32.639
5/27/2014 11:24,31.334
5/27/2014 11:29,32.832
5/27/2014 11:34,31.381
5/27/2014 11:39,31.672
5/27/2014 11:44,31.795
5/27/2014 11:49,32
5/27/2014 11:54,30.834
5/27/2014 11:59,34.5
5/27/2014 12:04,45.998
5/27/2014 12:09,72.053
5/27/2014 12:14,35.048
5/27/2014 12:19,30.381
5/27/2014 12:24,31.336
5/27/2014 12:29,32.806
5/27/2014 12:34,31.322
5/27/2014 12:39,31.502
5/27/2014 12:44,33
5/27/2014 12:49,30.888
5/27/2014 12:54,30.786
5/27/2014 12:59,35.499
5/27/2014 13:04,44.807
5/27/2014 13:09,71.666
5/27/2014 13:14,33.835
5/27/2014 13:19,30.668
5/27/2014 13:24,32
5/27/2014 13:29,33.712
5/27/2014 13:34,31.451
5/27/2014 13:39,30.65
5/27/2014 13:44,34.129
5/27/2014 13:49,31.346
5/27/2014 13:54,30.759
5/27/2014 13:59,35.333
5/27/2014 14:04,44.499
5/27/2014 14:09,71.667
5/27/2014 14:14,32.166
5/27/2014 14:19,31.984
5/27/2014 14:24,31.997
5/27/2014 14:29,32.665
5/27/2014 14:34,31.672
5/27/2014 14:39,31.829
5/27/2014 14:44,34.168
5/27/2014 14:49,30.497
5/27/2014 14:54,31.971
5/27/2014 14:59,33.78
5/27/2014 15:04,45.333
5/27/2014 15:09,72.667
5/27/2014 15:14,33.627
5/27/2014 15:19,30.668
5/27/2014 15:24,31.332
5/27/2014 15:29,33.501
5/27/2014 15:34,32.334
5/27/2014 15:39,31.666
5/27/2014 15:44,32.386
5/27/2014 15:49,32.941
5/27/2014 15:54,30.337
5/27/2014 15:59,34.476
5/27/2014 16:04,45.83
5/27/2014 16:09,72.613
5/27/2014 16:14,33.229
5/27/2014 16:19,33.653
5/27/2014 16:24,32.333
5/27/2014 16:29,33.002
5/27/2014 16:34,31.498
5/27/2014 16:39,30.486
5/27/2014 16:44,33.001
5/27/2014 16:49,30.671
5/27/2014 16:54,33.144
5/27/2014 16:59,32.833
5/27/2014 17:04,47.167
5/27/2014 17:09,72.505
5/27/2014 17:14,33
5/27/2014 17:19,32.14
5/27/2014 17:24,32.775
5/27/2014 17:29,32.144
5/27/2014 17:34,31.999
5/27/2014 17:39,31
5/27/2014 17:44,32.339
5/27/2014 17:49,31.15
5/27/2014 17:54,31.194
5/27/2014 17:59,35.264
5/27/2014 18:04,45.171
5/27/2014 18:09,71.834
5/27/2014 18:14,33.22
5/27/2014 18:19,32.613
5/27/2014 18:24,30.949
5/27/2014 18:29,32.886
5/27/2014 18:34,31.605
5/27/2014 18:39,31.219
5/27/2014 18:44,32.762
5/27/2014 18:49,31.493
5/27/2014 18:54,31.052
5/27/2014 18:59,34.685
5/27/2014 19:04,45.115
5/27/2014 19:09,73.003
5/27/2014 19:14,33.078
5/27/2014 19:19,31.822
5/27/2014 19:24,30.977
5/27/2014 19:29,33.335
5/27/2014 19:34,31.831
5/27/2014 19:39,32.318
5/27/2014 19:44,33.177
5/27/2014 19:49,31.452
5/27/2014 19:54,30.369
5/27/2014 19:59,34.604
5/27/2014 20:04,46.12
5/27/2014 20:09,73.5
5/27/2014 20:14,32.832
5/27/2014 20:19,33.154
5/27/2014 20:24,30.006
5/27/2014 20:29,33.333
5/27/2014 20:34,31.666
5/27/2014 20:39,31.767
5/27/2014 20:44,32.051
5/27/2014 20:49,31.46
5/27/2014 20:54,31.165
5/27/2014 20:59,35.16
5/27/2014 21:04,46.667
5/27/2014 21:09,73.157
5/27/2014 21:14,32.999
5/27/2014 21:19,32.332
5/27/2014 21:24,31.508
5/27/2014 21:29,33.673
5/27/2014 21:34,31.142
5/27/2014 21:39,31.722
5/27/2014 21:44,32.719
5/27/2014 21:49,32.167
5/27/2014 21:54,29.593
5/27/2014 21:59,34.785
5/27/2014 22:04,45.334
5/27/2014 22:09,74.429
5/27/2014 22:14,32.371
5/27/2014 22:19,31.664
5/27/2014 22:24,32.332
5/27/2014 22:29,31.943
5/27/2014 22:34,31.334
5/27/2014 22:39,31.167
5/27/2014 22:44,32.834
5/27/2014 22:49,31.167
5/27/2014 22:54,32.661
5/27/2014 22:59,34.5
5/27/2014 23:04,44.5
5/27/2014 23:09,72.5
5/27/2014 23:14,33.835
5/27/2014 23:19,31.498
5/27/2014 23:24,31.463
5/27/2014 23:29,33.995
5/27/2014 23:34,31.491
5/27/2014 23:39,31.987
5/27/2014 23:44,32.827
5/27/2014 23:49,30.336
5/27/2014 23:54,31.5
5/27/2014 23:59,33.716
5/28/2014 0:04,45.333
5/28/2014 0:09,73.334
5/28/2014 0:14,32.72
5/28/2014 0:19,31.418
5/28/2014 0:24,32
5/28/2014 0:29,32.724
5/28/2014 0:34,32.267
5/28/2014 0:39,31.999
5/28/2014 0:44,33.005
5/28/2014 0:49,32.323
5/28/2014 0:54,32.141
5/28/2014 0:59,35.506
5/28/2014 1:04,44.834
5/28/2014 1:09,71.834
5/28/2014 1:14,33.373
5/28/2014 1:19,31.453
5/28/2014 1:24,31.154
5/28/2014 1:29,34.001
5/28/2014 1:34,30.168
5/28/2014 1:39,31.501
5/28/2014 1:44,32.878
5/28/2014 1:49,31.433
5/28/2014 1:54,31.638
5/28/2014 1:59,34.667
5/28/2014 2:04,44.502
5/28/2014 2:09,72.166
5/28/2014 2:14,35.627
5/28/2014 2:19,30.719
5/28/2014 2:24,32.196
5/28/2014 2:29,32.628
5/28/2014 2:34,31.872
5/28/2014 2:39,31.449
5/28/2014 2:44,31.832
5/28/2014 2:49,31.167
5/28/2014 2:54,30.867
5/28/2014 2:59,35.438
5/28/2014 3:04,51.833
5/28/2014 3:09,72.948
5/28/2014 3:14,31.654
5/28/2014 3:19,32.334
5/28/2014 3:24,31.501
5/28/2014 3:29,32.426
5/28/2014 3:34,32.71
5/28/2014 3:39,31
5/28/2014 3:44,32.836
5/28/2014 3:49,33.834
5/28/2014 3:54,32.333
5/28/2014 3:59,33.832
5/28/2014 4:04,45.334
5/28/2014 4:09,73.818
5/28/2014 4:14,33.14
5/28/2014 4:19,30.657
5/28/2014 4:24,30.714
5/28/2014 4:29,33.585
5/28/2014 4:34,31.333
5/28/2014 4:39,33.001
5/28/2014 4:44,31.473
5/28/2014 4:49,31.501
5/28/2014 4:54,31.167
5/28/2014 4:59,35.354
5/28/2014 5:04,46.001
5/28/2014 5:09,73.167
5/28/2014 5:14,32.867
5/28/2014 5:19,31.593
5/28/2014 5:24,31.999
5/28/2014 5:29,33.5
5/28/2014 5:34,31.149
5/28/2014 5:39,31.987
5/28/2014 5:44,32.665
5/28/2014 5:49,31.581
5/28/2014 5:54,30.727
5/28/2014 5:59,34.409
5/28/2014 6:04,45.041
5/28/2014 6:09,73.667
5/28/2014 6:14,31.833
5/28/2014 6:19,32
5/28/2014 6:24,31.168
5/28/2014 6:29,33.836
5/28/2014 6:34,31.382
5/28/2014 6:39,30.167
5/28/2014 6:44,33.783
5/28/2014 6:49,30.865
5/28/2014 6:54,31.276
5/28/2014 6:59,35.518
5/28/2014 7:04,44.17
5/28/2014 7:09,79.667
5/28/2014 7:14,32.668
5/28/2014 7:19,32.169
5/28/2014 7:24,30.669
5/28/2014 7:29,33.154
5/28/2014 7:34,31.666
5/28/2014 7:39,31.167
5/28/2014 7:44,31.147
5/28/2014 7:49,32.141
5/28/2014 7:54,31.05
5/28/2014 7:59,34.661
5/28/2014 8:04,46.118
5/28/2014 8:09,78.782
5/28/2014 8:14,33.804
5/28/2014 8:19,31.001
5/28/2014 8:24,31.302
5/28/2014 8:29,32.831
5/28/2014 8:34,32.502
5/28/2014 8:39,30.838
5/28/2014 8:44,32.668
5/28/2014 8:49,32.165
5/28/2014 8:54,30.998
5/28/2014 8:59,35.333
5/28/2014 9:04,45.774
5/28/2014 9:09,71.926
5/28/2014 9:14,32.753
5/28/2014 9:19,31.654
5/28/2014 9:24,30.837
5/28/2014 9:29,32.818
5/28/2014 9:34,32.498
5/28/2014 9:39,31.5
5/28/2014 9:44,32.5
5/28/2014 9:49,32.316
5/28/2014 9:54,29.834
5/28/2014 9:59,34.666
5/28/2014 10:04,44.841
5/28/2014 10:09,85.5
5/28/2014 10:14,34
5/28/2014 10:19,31.323
5/28/2014 10:24,31.145
5/28/2014 10:29,33.501
5/28/2014 10:34,31.172
5/28/2014 10:39,31.16
5/28/2014 10:44,33
5/28/2014 10:49,31.327
5/28/2014 10:54,31
5/28/2014 10:59,34.684
5/28/2014 11:04,45.146
5/28/2014 11:09,81.107
5/28/2014 11:14,31.167
5/28/2014 11:19,32.989
5/28/2014 11:24,30.002
5/28/2014 11:29,33.001
5/28/2014 11:34,31.838
5/28/2014 11:39,31.665
5/28/2014 11:44,32.999
5/28/2014 11:49,30.669
5/28/2014 11:54,32.208
5/28/2014 11:59,33.122
5/28/2014 12:04,46.167
5/28/2014 12:09,79.501
5/28/2014 12:14,32.793
5/28/2014 12:19,32.831
5/28/2014 12:24,30.334
5/28/2014 12:29,34.831
5/28/2014 12:34,30.373
5/28/2014 12:39,31.448
5/28/2014 12:44,31.534
5/28/2014 12:49,32.608
5/28/2014 12:54,31.021
5/28/2014 12:59,34.001
5/28/2014 13:04,46.27
5/28/2014 13:09,73.667
5/28/2014 13:14,32.491
5/28/2014 13:19,30.961
5/28/2014 13:24,30.887
5/28/2014 13:29,33.053
5/28/2014 13:34,31.284
5/28/2014 13:39,31.666
5/28/2014 13:44,33.311
5/28/2014 13:49,31.321
5/28/2014 13:54,31.218
5/28/2014 13:59,35.279
5/28/2014 14:04,45.333
5/28/2014 14:09,79.167
5/28/2014 14:14,32.612
5/28/2014 14:19,31.438
5/28/2014 14:24,31.57
5/28/2014 14:29,33.499
5/28/2014 14:34,30.839
5/28/2014 14:39,33.002
5/28/2014 14:44,31.833
5/28/2014 14:49,31
5/28/2014 14:54,31.318
5/28/2014 14:59,34.469
5/28/2014 15:04,46.431
5/28/2014 15:09,79.942
5/28/2014 15:14,34.001
5/28/2014 15:19,30.147
5/28/2014 15:24,31.999
5/28/2014 15:29,33.998
5/28/2014 15:34,30.649
5/28/2014 15:39,32.661
5/28/2014 15:44,31.001
5/28/2014 15:49,31.66
5/28/2014 15:54,31.665
5/28/2014 15:59,34.334
5/28/2014 16:04,45.49
5/28/2014 16:09,73.666
5/28/2014 16:14,32.844
5/28/2014 16:19,32.667
5/28/2014 16:24,30.335
5/28/2014 16:29,33.834
5/28/2014 16:34,30.669
5/28/2014 16:39,32.671
5/28/2014 16:44,30.167
5/28/2014 16:49,32.833
5/28/2014 16:54,29.968
5/28/2014 16:59,35.334
5/28/2014 17:04,45.647
5/28/2014 17:09,86.282
5/28/2014 17:14,33.169
5/28/2014 17:19,32.168
5/28/2014 17:24,32.615
5/28/2014 17:29,33
5/28/2014 17:34,31.667
5/28/2014 17:39,32.507
5/28/2014 17:44,33.323
5/28/2014 17:49,32.334
5/28/2014 17:54,31.826
5/28/2014 17:59,35.148
5/28/2014 18:04,45.482
5/28/2014 18:09,86.387
5/28/2014 18:14,34.277
5/28/2014 18:19,33.501
5/28/2014 18:24,31.167
5/28/2014 18:29,33.666
5/28/2014 18:34,31.994
5/28/2014 18:39,31.666
5/28/2014 18:44,33.502
5/28/2014 18:49,31.5
5/28/2014 18:54,31.471
5/28/2014 18:59,36.166
5/28/2014 19:04,44.835
5/28/2014 19:09,86
5/28/2014 19:14,33.295
5/28/2014 19:19,33.026
5/28/2014 19:24,32.274
5/28/2014 19:29,32.833
5/28/2014 19:34,32.666
5/28/2014 19:39,31.166
5/28/2014 19:44,33.166
5/28/2014 19:49,31.998
5/28/2014 19:54,31.551
5/28/2014 19:59,35.092
5/28/2014 20:04,45.166
5/28/2014 20:09,86.282
5/28/2014 20:14,34.335
5/28/2014 20:19,33.591
5/28/2014 20:24,31.666
5/28/2014 20:29,33.203
5/28/2014 20:34,31.667
5/28/2014 20:39,32.167
5/28/2014 20:44,32.012
5/28/2014 20:49,31.303
5/28/2014 20:54,31.378
5/28/2014 20:59,36.124
5/28/2014 21:04,44.169
5/28/2014 21:09,85.5
5/28/2014 21:14,33.661
5/28/2014 21:19,32.34
5/28/2014 21:24,32.834
5/28/2014 21:29,34.98
5/28/2014 21:34,30.684
5/28/2014 21:39,32.333
5/28/2014 21:44,32.99
5/28/2014 21:49,30.873
5/28/2014 21:54,33.432
5/28/2014 21:59,34.014
5/28/2014 22:04,45.888
5/28/2014 22:09,87.274
5/28/2014 22:14,33.017
5/28/2014 22:19,31.999
5/28/2014 22:24,32.003
5/28/2014 22:29,34.316
5/28/2014 22:34,31.456
5/28/2014 22:39,32.715
5/28/2014 22:44,33.07
5/28/2014 22:49,31.321
5/28/2014 22:54,32.818
5/28/2014 22:59,34.814
5/28/2014 23:04,45.167
5/28/2014 23:09,87.431
5/28/2014 23:14,33.667
5/28/2014 23:19,30.808
5/28/2014 23:24,32.72
5/28/2014 23:29,34.112
5/28/2014 23:34,32.502
5/28/2014 23:39,34.67
5/28/2014 23:44,30.833
5/28/2014 23:49,32.334
5/28/2014 23:54,31.33
5/28/2014 23:59,33.756
5/29/2014 0:04,46.216
5/29/2014 0:09,87.667
5/29/2014 0:14,32.838
5/29/2014 0:19,31.271
5/29/2014 0:24,31.718
5/29/2014 0:29,34.482
5/29/2014 0:34,32.307
5/29/2014 0:39,33.269
5/29/2014 0:44,32.881
5/29/2014 0:49,32
5/29/2014 0:54,31.99
5/29/2014 0:59,34.927
5/29/2014 1:04,45.88
5/29/2014 1:09,86.167
5/29/2014 1:14,34.161
5/29/2014 1:19,32.669
5/29/2014 1:24,31.827
5/29/2014 1:29,33.833
5/29/2014 1:34,34.11
5/29/2014 1:39,30.542
5/29/2014 1:44,32.666
5/29/2014 1:49,33.469
5/29/2014 1:54,31.326
5/29/2014 1:59,35.5
5/29/2014 2:04,43.999
5/29/2014 2:09,85.833
5/29/2014 2:14,33.784
5/29/2014 2:19,32.814
5/29/2014 2:24,33.167
5/29/2014 2:29,33.999
5/29/2014 2:34,31.632
5/29/2014 2:39,31.314
5/29/2014 2:44,33.498
5/29/2014 2:49,30.667
5/29/2014 2:54,31.668
5/29/2014 2:59,35.147
5/29/2014 3:04,45.788
5/29/2014 3:09,86.282
5/29/2014 3:14,34.722
5/29/2014 3:19,35.5
5/29/2014 3:24,33.166
5/29/2014 3:29,38.848
5/29/2014 3:34,31.999
5/29/2014 3:39,31.669
5/29/2014 3:44,33.003
5/29/2014 3:49,32.167
5/29/2014 3:54,32.5
5/29/2014 3:59,33.666
5/29/2014 4:04,45.8
5/29/2014 4:09,86.334
5/29/2014 4:14,32.821
5/29/2014 4:19,31.501
5/29/2014 4:24,31.501
5/29/2014 4:29,32.887
5/29/2014 4:34,32.16
5/29/2014 4:39,31.423
5/29/2014 4:44,33.5
5/29/2014 4:49,31.667
5/29/2014 4:54,31.334
5/29/2014 4:59,34.69
5/29/2014 5:04,45.833
5/29/2014 5:09,86.167
5/29/2014 5:14,32.502
5/29/2014 5:19,31.808
5/29/2014 5:24,32.463
5/29/2014 5:29,33.22
5/29/2014 5:34,31.665
5/29/2014 5:39,32.641
5/29/2014 5:44,32.098
5/29/2014 5:49,33.496
5/29/2014 5:54,30.665
5/29/2014 5:59,34.541
5/29/2014 6:04,45.485
5/29/2014 6:09,86.381
5/29/2014 6:14,33.941
5/29/2014 6:19,31.833
5/29/2014 6:24,32.666
5/29/2014 6:29,32.999
5/29/2014 6:34,31.334
5/29/2014 6:39,32.047
5/29/2014 6:44,33.345
5/29/2014 6:49,32.114
5/29/2014 6:54,33.336
5/29/2014 6:59,33.834
5/29/2014 7:04,46.108
5/29/2014 7:09,86.334
5/29/2014 7:14,33.834
5/29/2014 7:19,31.665
5/29/2014 7:24,31.712
5/29/2014 7:29,33.447
5/29/2014 7:34,32.207
5/29/2014 7:39,30.945
5/29/2014 7:44,32.998
5/29/2014 7:49,31.64
5/29/2014 7:54,31.5
5/29/2014 7:59,35.367
5/29/2014 8:04,45.373
5/29/2014 8:09,85.833
5/29/2014 8:14,33.016
5/29/2014 8:19,31.427
5/29/2014 8:24,32.389
5/29/2014 8:29,32.663
5/29/2014 8:34,30.888
5/29/2014 8:39,31.765
5/29/2014 8:44,33.312
5/29/2014 8:49,33
5/29/2014 8:54,32.053
5/29/2014 8:59,34.272
5/29/2014 9:04,45.872
5/29/2014 9:09,86.5
5/29/2014 9:14,32.286
5/29/2014 9:19,31.998
5/29/2014 9:24,31.387
5/29/2014 9:29,33.586
5/29/2014 9:34,31.336
5/29/2014 9:39,33.74
5/29/2014 9:44,31.024
5/29/2014 9:49,31.433
5/29/2014 9:54,32.221
5/29/2014 9:59,34.311
5/29/2014 10:04,47.499
5/29/2014 10:09,86.5
5/29/2014 10:14,32.993
5/29/2014 10:19,31.833
5/29/2014 10:24,32.832
5/29/2014 10:29,34.002
5/29/2014 10:34,32.001
5/29/2014 10:39,30.667
5/29/2014 10:44,33.001
5/29/2014 10:49,32.334
5/29/2014 10:54,30.667
5/29/2014 10:59,34.499
5/29/2014 11:04,46.058
5/29/2014 11:09,85.709
5/29/2014 11:14,33.999
5/29/2014 11:19,32
5/29/2014 11:24,30.998
5/29/2014 11:29,32.501
5/29/2014 11:34,31.508
5/29/2014 11:39,31.319
5/29/2014 11:44,33.678
5/29/2014 11:49,31.833
5/29/2014 11:54,31.002
5/29/2014 11:59,35.001
5/29/2014 12:04,45.437
5/29/2014 12:09,84.028
5/29/2014 12:14,33.667
5/29/2014 12:19,33.168
5/29/2014 12:24,31
5/29/2014 12:29,33.501
5/29/2014 12:34,31.552
5/29/2014 12:39,32.948
5/29/2014 12:44,31.777
5/29/2014 12:49,32.557
5/29/2014 12:54,30.833
5/29/2014 12:59,34.683
5/29/2014 13:04,45.857
5/29/2014 13:09,86.167
5/29/2014 13:14,33.288
5/29/2014 13:19,32.328
5/29/2014 13:24,30.833
5/29/2014 13:29,34.001
5/29/2014 13:34,30.834
5/29/2014 13:39,32.006
5/29/2014 13:44,33.821
5/29/2014 13:49,33.334
5/29/2014 13:54,30.838
5/29/2014 13:59,34.474
5/29/2014 14:04,46.667
5/29/2014 14:09,86.834
5/29/2014 14:14,32.834
5/29/2014 14:19,33.173
5/29/2014 14:24,30.167
5/29/2014 14:29,33.81
5/29/2014 14:34,31.827
5/29/2014 14:39,31.833
5/29/2014 14:44,33.207
5/29/2014 14:49,31.262
5/29/2014 14:54,32.217
5/29/2014 14:59,34.612
5/29/2014 15:04,45.501
5/29/2014 15:09,86.5
5/29/2014 15:14,33.501
5/29/2014 15:19,32.67
5/29/2014 15:24,31.885
5/29/2014 15:29,34.529
5/29/2014 15:34,30.194
5/29/2014 15:39,31.932
5/29/2014 15:44,33.216
5/29/2014 15:49,31.89
5/29/2014 15:54,30.784
5/29/2014 15:59,34.834
5/29/2014 16:04,45.887
5/29/2014 16:09,92.833
5/29/2014 16:14,33.589
5/29/2014 16:19,32.176
5/29/2014 16:24,31.333
5/29/2014 16:29,33.553
5/29/2014 16:34,30.947
5/29/2014 16:39,32.972
5/29/2014 16:44,32.151
5/29/2014 16:49,32.334
5/29/2014 16:54,31.5
5/29/2014 16:59,34.887
5/29/2014 17:04,46.779
5/29/2014 17:09,93.167
5/29/2014 17:14,34.166
5/29/2014 17:19,33.481
5/29/2014 17:24,31.001
5/29/2014 17:29,33.167
5/29/2014 17:34,31.775
5/29/2014 17:39,31.714
5/29/2014 17:44,32.493
5/29/2014 17:49,31.833
5/29/2014 17:54,32.21
5/29/2014 17:59,34.608
5/29/2014 18:04,45.878
5/29/2014 18:09,93.5
5/29/2014 18:14,32.5
5/29/2014 18:19,31.648
5/29/2014 18:24,32.723
5/29/2014 18:29,32.933
5/29/2014 18:34,32.334
5/29/2014 18:39,30.5
5/29/2014 18:44,34.799
5/29/2014 18:49,32.668
5/29/2014 18:54,31.316
5/29/2014 18:59,33.994
5/29/2014 19:04,46.334
5/29/2014 19:09,93.167
5/29/2014 19:14,33.807
5/29/2014 19:19,32.666
5/29/2014 19:24,30.996
5/29/2014 19:29,33.059
5/29/2014 19:34,31.785
5/29/2014 19:39,31.64
5/29/2014 19:44,32.866
5/29/2014 19:49,31.079
5/29/2014 19:54,31.977
5/29/2014 19:59,34.499
5/29/2014 20:04,45.773
5/29/2014 20:09,87.167
5/29/2014 20:14,35.665
5/29/2014 20:19,32.44
5/29/2014 20:24,30.879
5/29/2014 20:29,33.499
5/29/2014 20:34,31.166
5/29/2014 20:39,32.166
5/29/2014 20:44,31.832
5/29/2014 20:49,31.333
5/29/2014 20:54,31.799
5/29/2014 20:59,35.001
5/29/2014 21:04,44.484
5/29/2014 21:09,93.5
5/29/2014 21:14,34.667
5/29/2014 21:19,32.451
5/29/2014 21:24,32.833
5/29/2014 21:29,31.78
5/29/2014 21:34,32.2
5/29/2014 21:39,32.167
5/29/2014 21:44,31.827
5/29/2014 21:49,31.501
5/29/2014 21:54,32.999
5/29/2014 21:59,35.785
5/29/2014 22:04,46.164
5/29/2014 22:09,92.833
5/29/2014 22:14,34.167
5/29/2014 22:19,31.668
5/29/2014 22:24,31.835
5/29/2014 22:29,33.645
5/29/2014 22:34,31.812
5/29/2014 22:39,31.149
5/29/2014 22:44,32
5/29/2014 22:49,33.429
5/29/2014 22:54,31.321
5/29/2014 22:59,34.212
5/29/2014 23:04,46.499
5/29/2014 23:09,93.333
5/29/2014 23:14,33.974
5/29/2014 23:19,32.309
5/29/2014 23:24,31.886
5/29/2014 23:29,34.266
5/29/2014 23:34,30.836
5/29/2014 23:39,32.013
5/29/2014 23:44,33.146
5/29/2014 23:49,31.995
5/29/2014 23:54,31.102
5/29/2014 23:59,71.874
5/30/2014 0:04,100
5/30/2014 0:09,100
5/30/2014 0:14,82.778
5/30/2014 0:19,56.7505
5/30/2014 0:24,37.2235
5/30/2014 0:29,42.508
5/30/2014 0:34,48.5103
5/30/2014 0:39,46.51
5/30/2014 0:44,31.3127
5/30/2014 0:49,30.38
5/30/2014 0:54,29.786
5/30/2014 0:59,34.169
5/30/2014 1:04,43.666
5/30/2014 1:09,72.166
5/30/2014 1:14,32.117
5/30/2014 1:19,30.47
5/30/2014 1:24,30.501
5/30/2014 1:29,32.009
5/30/2014 1:34,31.318
5/30/2014 1:39,31.787
5/30/2014 1:44,30.868
5/30/2014 1:49,30.678
5/30/2014 1:54,30.999
5/30/2014 1:59,33.128
5/30/2014 2:04,45.002
5/30/2014 2:09,72.12
5/30/2014 2:14,32.668
5/30/2014 2:19,32.976
5/30/2014 2:24,29.723
5/30/2014 2:29,31.666
5/30/2014 2:34,31.11
5/30/2014 2:39,31.163
5/30/2014 2:44,32.184
5/30/2014 2:49,29.954
5/30/2014 2:54,30.213
5/30/2014 2:59,35.171
5/30/2014 3:04,44.501
5/30/2014 3:09,100
5/30/2014 3:14,38.505
5/30/2014 3:19,31.666
5/30/2014 3:24,29.785
5/30/2014 3:29,37.102
5/30/2014 3:34,30.386
5/30/2014 3:39,30.979
5/30/2014 3:44,31.953
5/30/2014 3:49,30.666
5/30/2014 3:54,30.218
5/30/2014 3:59,33.115
5/30/2014 4:04,45.049
5/30/2014 4:09,72.505
5/30/2014 4:14,31.567
5/30/2014 4:19,30.169
5/30/2014 4:24,30.117
5/30/2014 4:29,32.347
5/30/2014 4:34,30.717
5/30/2014 4:39,30.287
5/30/2014 4:44,31.677
5/30/2014 4:49,30.648
5/30/2014 4:54,29.224
5/30/2014 4:59,33.118
5/30/2014 5:04,44.542
5/30/2014 5:09,72.121
5/30/2014 5:14,31.429
5/30/2014 5:19,31.766
5/30/2014 5:24,29.625
5/30/2014 5:29,33.175
5/30/2014 5:34,29.67
5/30/2014 5:39,30.323
5/30/2014 5:44,31.214
5/30/2014 5:49,30.166
5/30/2014 5:54,29.997
5/30/2014 5:59,33.662
5/30/2014 6:04,44.452
5/30/2014 6:09,72.39
5/30/2014 6:14,32.174
5/30/2014 6:19,32.671
5/30/2014 6:24,29.619
5/30/2014 6:29,32.168
5/30/2014 6:34,28.678
5/30/2014 6:39,30.784
5/30/2014 6:44,31.379
5/30/2014 6:49,30.247
5/30/2014 6:54,29.666
5/30/2014 6:59,33.839
5/30/2014 7:04,44.12
5/30/2014 7:09,72.007
5/30/2014 7:14,31.457
5/30/2014 7:19,29.501
5/30/2014 7:24,30.001
5/30/2014 7:29,31.553
5/30/2014 7:34,30.835
5/30/2014 7:39,30.822
5/30/2014 7:44,31.277
5/30/2014 7:49,30.671
5/30/2014 7:54,30.048
5/30/2014 7:59,33.654
5/30/2014 8:04,44.663
5/30/2014 8:09,72.559
5/30/2014 8:14,32.289
5/30/2014 8:19,28.834
5/30/2014 8:24,30.381
5/30/2014 8:29,31.174
5/30/2014 8:34,29.975
5/30/2014 8:39,30.613
5/30/2014 8:44,31.494
5/30/2014 8:49,30.716
5/30/2014 8:54,30.165
5/30/2014 8:59,32.976
5/30/2014 9:04,44.504
5/30/2014 9:09,72.168
5/30/2014 9:14,31.327
5/30/2014 9:19,31.003
5/30/2014 9:24,30.667
5/30/2014 9:29,31.001
5/30/2014 9:34,30.451
5/30/2014 9:39,30.884
5/30/2014 9:44,31.842
5/30/2014 9:49,30.001
5/30/2014 9:54,29.667
5/30/2014 9:59,33.329
5/30/2014 10:04,46.171
5/30/2014 10:09,72.39
5/30/2014 10:14,29.86
5/30/2014 10:19,31.119
5/30/2014 10:24,30.001
5/30/2014 10:29,32.048
5/30/2014 10:34,29.268
5/30/2014 10:39,29.743
5/30/2014 10:44,31.898
5/30/2014 10:49,29.169
5/30/2014 10:54,30.547
5/30/2014 10:59,32.784
5/30/2014 11:04,45.38
5/30/2014 11:09,78.833
5/30/2014 11:14,31.959
5/30/2014 11:19,30.221
5/30/2014 11:24,29.619
5/30/2014 11:29,31.532
5/30/2014 11:34,30.498
5/30/2014 11:39,29.505
5/30/2014 11:44,30.999
5/30/2014 11:49,29.999
5/30/2014 11:54,29.951
5/30/2014 11:59,33.07
5/30/2014 12:04,45.451
5/30/2014 12:09,72.284
5/30/2014 12:14,32.22
5/30/2014 12:19,30.601
5/30/2014 12:24,29.544
5/30/2014 12:29,31.645
5/30/2014 12:34,29.786
5/30/2014 12:39,30.551
5/30/2014 12:44,30.952
5/30/2014 12:49,30.006
5/30/2014 12:54,30.386
5/30/2014 12:59,33.446
5/30/2014 13:04,45.652
5/30/2014 13:09,71.838
5/30/2014 13:14,31.333
5/30/2014 13:19,29.503
5/30/2014 13:24,30.12
5/30/2014 13:29,31.004
5/30/2014 13:34,30.547
5/30/2014 13:39,29.838
5/30/2014 13:44,31.453
5/30/2014 13:49,30.35
5/30/2014 13:54,29.641
5/30/2014 13:59,32.986
5/30/2014 14:04,44.835
5/30/2014 14:09,78.499
5/30/2014 14:14,31.158
5/30/2014 14:19,30.999
5/30/2014 14:24,30.125
5/30/2014 14:29,32.011
5/30/2014 14:34,29.542
5/30/2014 14:39,30.265
5/30/2014 14:44,30.882
5/30/2014 14:49,29.831
5/30/2014 14:54,29.619
5/30/2014 14:59,33.352
5/30/2014 15:04,44.504
5/30/2014 15:09,72.005
5/30/2014 15:14,31.323
5/30/2014 15:19,30.784
5/30/2014 15:24,30.284
5/30/2014 15:29,32.987
5/30/2014 15:34,29.35
5/30/2014 15:39,29.284
5/30/2014 15:44,31.008
5/30/2014 15:49,30.167
5/30/2014 15:54,29.8
5/30/2014 15:59,33.835
5/30/2014 16:04,43.971
5/30/2014 16:09,71.95
5/30/2014 16:14,30.731
5/30/2014 16:19,30.5
5/30/2014 16:24,29.833
5/30/2014 16:29,31.309
5/30/2014 16:34,29.81
5/30/2014 16:39,30.119
5/30/2014 16:44,32.267
5/30/2014 16:49,29.383
5/30/2014 16:54,29.883
5/30/2014 16:59,33.154
5/30/2014 17:04,44.623
5/30/2014 17:09,78.784
5/30/2014 17:14,31.769
5/30/2014 17:19,30.187
5/30/2014 17:24,29.372
5/30/2014 17:29,32.109
5/30/2014 17:34,29.54
5/30/2014 17:39,29.737
5/30/2014 17:44,31.383
5/30/2014 17:49,29.999
5/30/2014 17:54,30.116
5/30/2014 17:59,33.031
5/30/2014 18:04,44.608
5/30/2014 18:09,72.165
5/30/2014 18:14,31.455
5/30/2014 18:19,30.379
5/30/2014 18:24,30.482
5/30/2014 18:29,31.161
5/30/2014 18:34,29.954
5/30/2014 18:39,30.507
5/30/2014 18:44,32.212
5/30/2014 18:49,29.969
5/30/2014 18:54,29.501
5/30/2014 18:59,32.999
5/30/2014 19:04,44.782
5/30/2014 19:09,78.787
5/30/2014 19:14,31.702
5/30/2014 19:19,30.166
5/30/2014 19:24,29.955
5/30/2014 19:29,31.168
5/30/2014 19:34,30.481
5/30/2014 19:39,29.833
5/30/2014 19:44,30.835
5/30/2014 19:49,30
5/30/2014 19:54,30.118
5/30/2014 19:59,32.579
5/30/2014 20:04,44.501
5/30/2014 20:09,64.886
5/30/2014 20:14,38.172
5/30/2014 20:19,31.168
5/30/2014 20:24,29.953
5/30/2014 20:29,31.521
5/30/2014 20:34,30.334
5/30/2014 20:39,29.499
5/30/2014 20:44,31.001
5/30/2014 20:49,30.294
5/30/2014 20:54,29.873
5/30/2014 20:59,32.837
5/30/2014 21:04,44.116
5/30/2014 21:09,71.999
5/30/2014 21:14,32.498
5/30/2014 21:19,31.334
5/30/2014 21:24,29.842
5/30/2014 21:29,31.163
5/30/2014 21:34,29.955
5/30/2014 21:39,30.05
5/30/2014 21:44,31.51
5/30/2014 21:49,30.311
5/30/2014 21:54,29.833
5/30/2014 21:59,33.155
5/30/2014 22:04,43.96
5/30/2014 22:09,79.502
5/30/2014 22:14,37.952
5/30/2014 22:19,30.548
5/30/2014 22:24,30.814
5/30/2014 22:29,30.837
5/30/2014 22:34,29.832
5/30/2014 22:39,29.666
5/30/2014 22:44,31.612
5/30/2014 22:49,30.317
5/30/2014 22:54,30.052
5/30/2014 22:59,33.358
5/30/2014 23:04,44.499
5/30/2014 23:09,65.115
5/30/2014 23:14,38.158
5/30/2014 23:19,31.129
5/30/2014 23:24,29.5
5/30/2014 23:29,30.493
5/30/2014 23:34,30.55
5/30/2014 23:39,30.273
5/30/2014 23:44,31.499
5/30/2014 23:49,30.465
5/30/2014 23:54,30.461
5/30/2014 23:59,32.512
5/31/2014 0:04,43.999
5/31/2014 0:09,72.167
5/31/2014 0:14,31.764
5/31/2014 0:19,31.162
5/31/2014 0:24,29.834
5/31/2014 0:29,32.278
5/31/2014 0:34,30.329
5/31/2014 0:39,30.216
5/31/2014 0:44,31.453
5/31/2014 0:49,30.048
5/31/2014 0:54,29.504
5/31/2014 0:59,32.673
5/31/2014 1:04,44.619
5/31/2014 1:09,71.833
5/31/2014 1:14,38.006
5/31/2014 1:19,31.053
5/31/2014 1:24,30.292
5/31/2014 1:29,32.1
5/31/2014 1:34,30.635
5/31/2014 1:39,29.166
5/31/2014 1:44,31.831
5/31/2014 1:49,29.645
5/31/2014 1:54,29.5
5/31/2014 1:59,32.78
5/31/2014 2:04,46.095
5/31/2014 2:09,79.22
5/31/2014 2:14,31.618
5/31/2014 2:19,30.661
5/31/2014 2:24,30
5/31/2014 2:29,31.498
5/31/2014 2:34,30.286
5/31/2014 2:39,29.834
5/31/2014 2:44,31.88
5/31/2014 2:49,29.455
5/31/2014 2:54,29.55
5/31/2014 2:59,32.92
5/31/2014 3:04,44.335
5/31/2014 3:09,78.501
5/31/2014 3:14,37.953
5/31/2014 3:19,34.047
5/31/2014 3:24,34.104
5/31/2014 3:29,32.341
5/31/2014 3:34,29.475
5/31/2014 3:39,30.793
5/31/2014 3:44,31.696
5/31/2014 3:49,30.833
5/31/2014 3:54,29.956
5/31/2014 3:59,32.884
5/31/2014 4:04,44.785
5/31/2014 4:09,79.287
5/31/2014 4:14,38.109
5/31/2014 4:19,29.832
5/31/2014 4:24,29.646
5/31/2014 4:29,30.936
5/31/2014 4:34,30.243
5/31/2014 4:39,30.493
5/31/2014 4:44,31.446
5/31/2014 4:49,29.875
5/31/2014 4:54,30.45
5/31/2014 4:59,32.669
5/31/2014 5:04,43.88
5/31/2014 5:09,78.666
5/31/2014 5:14,37.661
5/31/2014 5:19,30.506
5/31/2014 5:24,31.08
5/31/2014 5:29,31.82
5/31/2014 5:34,30.219
5/31/2014 5:39,30.287
5/31/2014 5:44,30.56
5/31/2014 5:49,29.788
5/31/2014 5:54,29.501
5/31/2014 5:59,32.727
5/31/2014 6:04,44.168
5/31/2014 6:09,78.833
5/31/2014 6:14,38.334
5/31/2014 6:19,30.334
5/31/2014 6:24,30.342
5/31/2014 6:29,30.451
5/31/2014 6:34,30.217
5/31/2014 6:39,29.831
5/31/2014 6:44,31.614
5/31/2014 6:49,29.168
5/31/2014 6:54,30.89
5/31/2014 6:59,32.872
5/31/2014 7:04,44.759
5/31/2014 7:09,65.997
5/31/2014 7:14,37.158
5/31/2014 7:19,31.107
5/31/2014 7:24,29.189
5/31/2014 7:29,30.942
5/31/2014 7:34,30.713
5/31/2014 7:39,29.41
5/31/2014 7:44,31.184
5/31/2014 7:49,29.168
5/31/2014 7:54,30.124
5/31/2014 7:59,33.322
5/31/2014 8:04,44.667
5/31/2014 8:09,79.053
5/31/2014 8:14,36.736
5/31/2014 8:19,31.712
5/31/2014 8:24,28.001
5/31/2014 8:29,31.606
5/31/2014 8:34,29.54
5/31/2014 8:39,31.282
5/31/2014 8:44,32.536
5/31/2014 8:49,29.498
5/31/2014 8:54,30.452
5/31/2014 8:59,32.989
5/31/2014 9:04,44.053
5/31/2014 9:09,78.948
5/31/2014 9:14,39.735
5/31/2014 9:19,29.45
5/31/2014 9:24,30.357
5/31/2014 9:29,31.167
5/31/2014 9:34,30.669
5/31/2014 9:39,29.838
5/31/2014 9:44,30.51
5/31/2014 9:49,29.619
5/31/2014 9:54,30.001
5/31/2014 9:59,32.71
5/31/2014 10:04,44.334
5/31/2014 10:09,78.835
5/31/2014 10:14,31.679
5/31/2014 10:19,30.502
5/31/2014 10:24,30.001
5/31/2014 10:29,32.168
5/31/2014 10:34,29.828
5/31/2014 10:39,30.219
5/31/2014 10:44,30.619
5/31/2014 10:49,30.047
5/31/2014 10:54,29.664
5/31/2014 10:59,33.616
5/31/2014 11:04,44.051
5/31/2014 11:09,79.047
5/31/2014 11:14,38.168
5/31/2014 11:19,30.505
5/31/2014 11:24,31.217
5/31/2014 11:29,29.664
5/31/2014 11:34,29.837
5/31/2014 11:39,29.455
5/31/2014 11:44,31.327
5/31/2014 11:49,30.013
5/31/2014 11:54,29.786
5/31/2014 11:59,33.386
5/31/2014 12:04,44.999
5/31/2014 12:09,78.714
5/31/2014 12:14,37.167
5/31/2014 12:19,29.88
5/31/2014 12:24,30.382
5/31/2014 12:29,31.287
5/31/2014 12:34,29.548
5/31/2014 12:39,29.499
5/31/2014 12:44,31.62
5/31/2014 12:49,29.97
5/31/2014 12:54,29.372
5/31/2014 12:59,33.333
5/31/2014 13:04,44.167
5/31/2014 13:09,72.546
5/31/2014 13:14,38.887
5/31/2014 13:19,29.333
5/31/2014 13:24,30.305
5/31/2014 13:29,32.221
5/31/2014 13:34,29.367
5/31/2014 13:39,30.66
5/31/2014 13:44,31.32
5/31/2014 13:49,29.39
5/31/2014 13:54,29.812
5/31/2014 13:59,33.836
5/31/2014 14:04,43.666
5/31/2014 14:09,78.714
5/31/2014 14:14,38.167
5/31/2014 14:19,29.999
5/31/2014 14:24,29.924
5/31/2014 14:29,31.544
5/31/2014 14:34,30.288
5/31/2014 14:39,29.713
5/31/2014 14:44,31.127
5/31/2014 14:49,30.525
5/31/2014 14:54,29.001
5/31/2014 14:59,32.103
5/31/2014 15:04,44.717
5/31/2014 15:09,78.714
5/31/2014 15:14,38.657
5/31/2014 15:19,29.5
5/31/2014 15:24,30.666
5/31/2014 15:29,30.275
5/31/2014 15:34,29.545
5/31/2014 15:39,30.617
5/31/2014 15:44,30.213
5/31/2014 15:49,30.121
5/31/2014 15:54,29.714
5/31/2014 15:59,32.832
5/31/2014 16:04,45.002
5/31/2014 16:09,72.225
5/31/2014 16:14,38.507
5/31/2014 16:19,31.667
5/31/2014 16:24,29.727
5/31/2014 16:29,30.807
5/31/2014 16:34,30.78
5/31/2014 16:39,29.783
5/31/2014 16:44,30.548
5/31/2014 16:49,30.174
5/31/2014 16:54,30.833
5/31/2014 16:59,33.005
5/31/2014 17:04,43.844
5/31/2014 17:09,78.671
5/31/2014 17:14,38.88
5/31/2014 17:19,29.687
5/31/2014 17:24,30.332
5/31/2014 17:29,29.497
5/31/2014 17:34,29.999
5/31/2014 17:39,29.668
5/31/2014 17:44,30.993
5/31/2014 17:49,30.166
5/31/2014 17:54,31.455
5/31/2014 17:59,32.179
5/31/2014 18:04,44.006
5/31/2014 18:09,79.281
5/31/2014 18:14,37.886
5/31/2014 18:19,30.651
5/31/2014 18:24,29.999
5/31/2014 18:29,31.461
5/31/2014 18:34,30.368
5/31/2014 18:39,30.153
5/31/2014 18:44,31.491
5/31/2014 18:49,30.332
5/31/2014 18:54,29.956
5/31/2014 18:59,32.723
5/31/2014 19:04,43.978
5/31/2014 19:09,65
5/31/2014 19:14,38.113
5/31/2014 19:19,29.712
5/31/2014 19:24,29.958
5/31/2014 19:29,31.719
5/31/2014 19:34,30.454
5/31/2014 19:39,31.166
5/31/2014 19:44,31.892
5/31/2014 19:49,29.451
5/31/2014 19:54,30.035
5/31/2014 19:59,32.784
5/31/2014 20:04,44.38
5/31/2014 20:09,78.948
5/31/2014 20:14,37.546
5/31/2014 20:19,29.574
5/31/2014 20:24,31.827
5/31/2014 20:29,31.057
5/31/2014 20:34,29.952
5/31/2014 20:39,30.126
5/31/2014 20:44,31.146
5/31/2014 20:49,29.707
5/31/2014 20:54,29.499
5/31/2014 20:59,32.855
5/31/2014 21:04,44.001
5/31/2014 21:09,79.167
5/31/2014 21:14,38.608
5/31/2014 21:19,30.046
5/31/2014 21:24,31.004
5/31/2014 21:29,31.153
5/31/2014 21:34,30.439
5/31/2014 21:39,29.712
5/31/2014 21:44,30.825
5/31/2014 21:49,30.783
5/31/2014 21:54,28.834
5/31/2014 21:59,33.366
5/31/2014 22:04,45.336
5/31/2014 22:09,86.167
5/31/2014 22:14,37.966
5/31/2014 22:19,30.217
5/31/2014 22:24,29.451
5/31/2014 22:29,31.507
5/31/2014 22:34,29.286
5/31/2014 22:39,29.5
5/31/2014 22:44,31.214
5/31/2014 22:49,30.454
5/31/2014 22:54,30.218
5/31/2014 22:59,32.69
5/31/2014 23:04,45.107
5/31/2014 23:09,78.838
5/31/2014 23:14,38.399
5/31/2014 23:19,29.777
5/31/2014 23:24,30.018
5/31/2014 23:29,31.279
5/31/2014 23:34,31.17
5/31/2014 23:39,30.498
5/31/2014 23:44,31.37
5/31/2014 23:49,30.605
5/31/2014 23:54,29.498
5/31/2014 23:59,32.287
6/1/2014 0:04,44.5
6/1/2014 0:09,78.884
6/1/2014 0:14,38.229
6/1/2014 0:19,30.314
6/1/2014 0:24,31.284
6/1/2014 0:29,32.217
6/1/2014 0:34,30.002
6/1/2014 0:39,29
6/1/2014 0:44,30.786
6/1/2014 0:49,29.714
6/1/2014 0:54,30.167
6/1/2014 0:59,32.639
6/1/2014 1:04,44.499
6/1/2014 1:09,79.005
6/1/2014 1:14,38.323
6/1/2014 1:19,30.455
6/1/2014 1:24,30.086
6/1/2014 1:29,31.333
6/1/2014 1:34,29.474
6/1/2014 1:39,30.036
6/1/2014 1:44,31.633
6/1/2014 1:49,29.217
6/1/2014 1:54,29.999
6/1/2014 1:59,32.577
6/1/2014 2:04,44.718
6/1/2014 2:09,65.5
6/1/2014 2:14,38.17
6/1/2014 2:19,31.838
6/1/2014 2:24,30.271
6/1/2014 2:29,31.049
6/1/2014 2:34,30.436
6/1/2014 2:39,29.381
6/1/2014 2:44,31.172
6/1/2014 2:49,29.666
6/1/2014 2:54,29.84
6/1/2014 2:59,33.174
6/1/2014 3:04,44.502
6/1/2014 3:09,79
6/1/2014 3:14,38.488
6/1/2014 3:19,29.666
6/1/2014 3:24,34.163
6/1/2014 3:29,31.667
6/1/2014 3:34,30.287
6/1/2014 3:39,30.832
6/1/2014 3:44,30.714
6/1/2014 3:49,34.166
6/1/2014 3:54,29.669
6/1/2014 3:59,32.613
6/1/2014 4:04,44.714
6/1/2014 4:09,78.714
6/1/2014 4:14,44.672
6/1/2014 4:19,30.792
6/1/2014 4:24,29.338
6/1/2014 4:29,31.215
6/1/2014 4:34,29.998
6/1/2014 4:39,30.009
6/1/2014 4:44,31.171
6/1/2014 4:49,30.668
6/1/2014 4:54,29.667
6/1/2014 4:59,33.351
6/1/2014 5:04,42.975
6/1/2014 5:09,86
6/1/2014 5:14,39.172
6/1/2014 5:19,30.437
6/1/2014 5:24,30.317
6/1/2014 5:29,31.388
6/1/2014 5:34,29.618
6/1/2014 5:39,30.216
6/1/2014 5:44,30.785
6/1/2014 5:49,30.04
6/1/2014 5:54,29.286
6/1/2014 5:59,32.832
6/1/2014 6:04,43.715
6/1/2014 6:09,78.714
6/1/2014 6:14,44.841
6/1/2014 6:19,30.1
6/1/2014 6:24,29.713
6/1/2014 6:29,31.12
6/1/2014 6:34,29.835
6/1/2014 6:39,30.38
6/1/2014 6:44,31.666
6/1/2014 6:49,30.166
6/1/2014 6:54,29.838
6/1/2014 6:59,33.341
6/1/2014 7:04,45.495
6/1/2014 7:09,85.833
6/1/2014 7:14,38.213
6/1/2014 7:19,30.344
6/1/2014 7:24,30.382
6/1/2014 7:29,31.818
6/1/2014 7:34,29.984
6/1/2014 7:39,29.494
6/1/2014 7:44,31.121
6/1/2014 7:49,29.629
6/1/2014 7:54,30.543
6/1/2014 7:59,32.512
6/1/2014 8:04,44.127
6/1/2014 8:09,78.833
6/1/2014 8:14,45.107
6/1/2014 8:19,29.718
6/1/2014 8:24,29.665
6/1/2014 8:29,31.512
6/1/2014 8:34,30.5
6/1/2014 8:39,29.781
6/1/2014 8:44,31.998
6/1/2014 8:49,29.499
6/1/2014 8:54,29.716
6/1/2014 8:59,33.809
6/1/2014 9:04,43.499
6/1/2014 9:09,78.787
6/1/2014 9:14,44.883
6/1/2014 9:19,30.498
6/1/2014 9:24,30.288
6/1/2014 9:29,31.004
6/1/2014 9:34,30.001
6/1/2014 9:39,29.714
6/1/2014 9:44,31
6/1/2014 9:49,30.168
6/1/2014 9:54,29.481
6/1/2014 9:59,32.443
6/1/2014 10:04,44.002
6/1/2014 10:09,85.833
6/1/2014 10:14,38.95
6/1/2014 10:19,30.553
6/1/2014 10:24,30.651
6/1/2014 10:29,31.77
6/1/2014 10:34,29.451
6/1/2014 10:39,29.712
6/1/2014 10:44,31.006
6/1/2014 10:49,30.131
6/1/2014 10:54,29.667
6/1/2014 10:59,32.613
6/1/2014 11:04,44.333
6/1/2014 11:09,65
6/1/2014 11:14,45.202
6/1/2014 11:19,30.195
6/1/2014 11:24,29.872
6/1/2014 11:29,31.119
6/1/2014 11:34,29.667
6/1/2014 11:39,29.603
6/1/2014 11:44,31.069
6/1/2014 11:49,29.379
6/1/2014 11:54,30.499
6/1/2014 11:59,32.832
6/1/2014 12:04,44.166
6/1/2014 12:09,78.784
6/1/2014 12:14,45.384
6/1/2014 12:19,30.165
6/1/2014 12:24,30.166
6/1/2014 12:29,32.12
6/1/2014 12:34,30.217
6/1/2014 12:39,29.951
6/1/2014 12:44,30.386
6/1/2014 12:49,29.663
6/1/2014 12:54,30.501
6/1/2014 12:59,33.165
6/1/2014 13:04,43.999
6/1/2014 13:09,85.951
6/1/2014 13:14,44.836
6/1/2014 13:19,30.34
6/1/2014 13:24,30.165
6/1/2014 13:29,31.617
6/1/2014 13:34,30.05
6/1/2014 13:39,30.5
6/1/2014 13:44,31.657
6/1/2014 13:49,29.12
6/1/2014 13:54,30.607
6/1/2014 13:59,32.429
6/1/2014 14:04,45.264
6/1/2014 14:09,85.884
6/1/2014 14:14,44.613
6/1/2014 14:19,30.222
6/1/2014 14:24,29.503
6/1/2014 14:29,31.28
6/1/2014 14:34,30.667
6/1/2014 14:39,29.853
6/1/2014 14:44,31.292
6/1/2014 14:49,30.333
6/1/2014 14:54,29.713
6/1/2014 14:59,33.849
6/1/2014 15:04,44.667
6/1/2014 15:09,78.833
6/1/2014 15:14,37.999
6/1/2014 15:19,30.496
6/1/2014 15:24,30.971
6/1/2014 15:29,31.647
6/1/2014 15:34,29.541
6/1/2014 15:39,30.503
6/1/2014 15:44,30.665
6/1/2014 15:49,29.667
6/1/2014 15:54,29.62
6/1/2014 15:59,33.388
6/1/2014 16:04,45.84
6/1/2014 16:09,79.002
6/1/2014 16:14,46.424
6/1/2014 16:19,29.408
6/1/2014 16:24,29.62
6/1/2014 16:29,31.164
6/1/2014 16:34,29.713
6/1/2014 16:39,30.334
6/1/2014 16:44,32
6/1/2014 16:49,29.333
6/1/2014 16:54,29.665
6/1/2014 16:59,34.004
6/1/2014 17:04,43.5
6/1/2014 17:09,86.048
6/1/2014 17:14,44.947
6/1/2014 17:19,31.599
6/1/2014 17:24,28.861
6/1/2014 17:29,30.165
6/1/2014 17:34,30.421
6/1/2014 17:39,30.161
6/1/2014 17:44,31.012
6/1/2014 17:49,29.877
6/1/2014 17:54,29.998
6/1/2014 17:59,33.018
6/1/2014 18:04,44.617
6/1/2014 18:09,85.951
6/1/2014 18:14,44.896
6/1/2014 18:19,30.832
6/1/2014 18:24,30.105
6/1/2014 18:29,31.952
6/1/2014 18:34,30.001
6/1/2014 18:39,31.546
6/1/2014 18:44,29.947
6/1/2014 18:49,31.992
6/1/2014 18:54,28.498
6/1/2014 18:59,32.422
6/1/2014 19:04,44.616
6/1/2014 19:09,78.789
6/1/2014 19:14,45.3
6/1/2014 19:19,31.921
6/1/2014 19:24,28.687
6/1/2014 19:29,31.636
6/1/2014 19:34,29.669
6/1/2014 19:39,30.052
6/1/2014 19:44,31.336
6/1/2014 19:49,29.29
6/1/2014 19:54,30.696
6/1/2014 19:59,31.498
6/1/2014 20:04,44.51
6/1/2014 20:09,86.218
6/1/2014 20:14,44.965
6/1/2014 20:19,31.504
6/1/2014 20:24,29.788
6/1/2014 20:29,31.88
6/1/2014 20:34,30.307
6/1/2014 20:39,30.178
6/1/2014 20:44,30.999
6/1/2014 20:49,29.999
6/1/2014 20:54,29.667
6/1/2014 20:59,34.287
6/1/2014 21:04,43.17
6/1/2014 21:09,85.951
6/1/2014 21:14,44.716
6/1/2014 21:19,30.326
6/1/2014 21:24,29.67
6/1/2014 21:29,30.826
6/1/2014 21:34,29.786
6/1/2014 21:39,29.504
6/1/2014 21:44,31.674
6/1/2014 21:49,30.011
6/1/2014 21:54,29.659
6/1/2014 21:59,33.629
6/1/2014 22:04,44.831
6/1/2014 22:09,79
6/1/2014 22:14,46.005
6/1/2014 22:19,30.001
6/1/2014 22:24,29.618
6/1/2014 22:29,31.148
6/1/2014 22:34,29.547
6/1/2014 22:39,29.717
6/1/2014 22:44,31.115
6/1/2014 22:49,29.999
6/1/2014 22:54,29.667
6/1/2014 22:59,33.299
6/1/2014 23:04,44.384
6/1/2014 23:09,86.334
6/1/2014 23:14,45.501
6/1/2014 23:19,30.333
6/1/2014 23:24,30.002
6/1/2014 23:29,31.275
6/1/2014 23:34,30.216
6/1/2014 23:39,31.503
6/1/2014 23:44,30.999
6/1/2014 23:49,29.987
6/1/2014 23:54,29.95
6/1/2014 23:59,31.812
6/2/2014 0:04,45.654
6/2/2014 0:09,85.784
6/2/2014 0:14,46.646
6/2/2014 0:19,29.837
6/2/2014 0:24,31.169
6/2/2014 0:29,31.887
6/2/2014 0:34,29.999
6/2/2014 0:39,31.499
6/2/2014 0:44,29.784
6/2/2014 0:49,30.547
6/2/2014 0:54,30
6/2/2014 0:59,32.817
6/2/2014 1:04,44.785
6/2/2014 1:09,65
6/2/2014 1:14,45.214
6/2/2014 1:19,30.287
6/2/2014 1:24,30.501
6/2/2014 1:29,32.05
6/2/2014 1:34,30.668
6/2/2014 1:39,29.989
6/2/2014 1:44,31.294
6/2/2014 1:49,29.832
6/2/2014 1:54,29.659
6/2/2014 1:59,33.002
6/2/2014 2:04,44.698
6/2/2014 2:09,85.833
6/2/2014 2:14,44.55
6/2/2014 2:19,30.168
6/2/2014 2:24,30.493
6/2/2014 2:29,32.955
6/2/2014 2:34,29.817
6/2/2014 2:39,30.003
6/2/2014 2:44,32.665
6/2/2014 2:49,29.287
6/2/2014 2:54,32.025
6/2/2014 2:59,32.831
6/2/2014 3:04,45.982
6/2/2014 3:09,86.002
6/2/2014 3:14,45.109
6/2/2014 3:19,30.045
6/2/2014 3:24,30.823
6/2/2014 3:29,31.944
6/2/2014 3:34,30.048
6/2/2014 3:39,38.055
6/2/2014 3:44,31.444
6/2/2014 3:49,29.001
6/2/2014 3:54,30.504
6/2/2014 3:59,32.981
6/2/2014 4:04,43.715
6/2/2014 4:09,85.833
6/2/2014 4:14,44.692
6/2/2014 4:19,29.901
6/2/2014 4:24,29.833
6/2/2014 4:29,33.053
6/2/2014 4:34,30.283
6/2/2014 4:39,30.55
6/2/2014 4:44,30.832
6/2/2014 4:49,29.619
6/2/2014 4:54,30.053
6/2/2014 4:59,33.14
6/2/2014 5:04,44.834
6/2/2014 5:09,86.053
6/2/2014 5:14,45.524
6/2/2014 5:19,30.338
6/2/2014 5:24,30.049
6/2/2014 5:29,31.461
6/2/2014 5:34,30.05
6/2/2014 5:39,30.167
6/2/2014 5:44,32.333
6/2/2014 5:49,29.331
6/2/2014 5:54,29.788
6/2/2014 5:59,33.069
6/2/2014 6:04,44.336
6/2/2014 6:09,86.051
6/2/2014 6:14,45.455
6/2/2014 6:19,30.659
6/2/2014 6:24,30.829
6/2/2014 6:29,30.486
6/2/2014 6:34,29.209
6/2/2014 6:39,30.173
6/2/2014 6:44,31.832
6/2/2014 6:49,30.17
6/2/2014 6:54,29.787
6/2/2014 6:59,32.951
6/2/2014 7:04,44.386
6/2/2014 7:09,79.118
6/2/2014 7:14,45.008
6/2/2014 7:19,30.717
6/2/2014 7:24,30.004
6/2/2014 7:29,31.492
6/2/2014 7:34,29.839
6/2/2014 7:39,29.499
6/2/2014 7:44,31.052
6/2/2014 7:49,29.917
6/2/2014 7:54,30.121
6/2/2014 7:59,32.773
6/2/2014 8:04,44.382
6/2/2014 8:09,85.784
6/2/2014 8:14,44.714
6/2/2014 8:19,30.668
6/2/2014 8:24,30.835
6/2/2014 8:29,30.905
6/2/2014 8:34,30.645
6/2/2014 8:39,28.793
6/2/2014 8:44,32.214
6/2/2014 8:49,28.784
6/2/2014 8:54,30.002
6/2/2014 8:59,32.833
6/2/2014 9:04,45.313
6/2/2014 9:09,85.787
6/2/2014 9:14,44.719
6/2/2014 9:19,29.804
6/2/2014 9:24,29.788
6/2/2014 9:29,31.702
6/2/2014 9:34,29.166
6/2/2014 9:39,30.164
6/2/2014 9:44,31
6/2/2014 9:49,29.833
6/2/2014 9:54,30.12
6/2/2014 9:59,32.996
6/2/2014 10:04,44.172
6/2/2014 10:09,65.119
6/2/2014 10:14,44.889
6/2/2014 10:19,29.777
6/2/2014 10:24,30.714
6/2/2014 10:29,30.891
6/2/2014 10:34,29.759
6/2/2014 10:39,30.45
6/2/2014 10:44,30.767
6/2/2014 10:49,29.781
6/2/2014 10:54,29.786
6/2/2014 10:59,32.551
6/2/2014 11:04,44.983
6/2/2014 11:09,85.666
6/2/2014 11:14,44.879
6/2/2014 11:19,29.957
6/2/2014 11:24,30.051
6/2/2014 11:29,30.977
6/2/2014 11:34,30.001
6/2/2014 11:39,29.889
6/2/2014 11:44,30.88
6/2/2014 11:49,29.952
6/2/2014 11:54,29.715
6/2/2014 11:59,33.666
6/2/2014 12:04,44.787
6/2/2014 12:09,85.833
6/2/2014 12:14,46.282
6/2/2014 12:19,29.668
6/2/2014 12:24,30.041
6/2/2014 12:29,31.286
6/2/2014 12:34,31.383
6/2/2014 12:39,29.601
6/2/2014 12:44,30.668
6/2/2014 12:49,30.217
6/2/2014 12:54,30.156
6/2/2014 12:59,33.001
6/2/2014 13:04,44.507
6/2/2014 13:09,92.833
6/2/2014 13:14,44.952
6/2/2014 13:19,30.679
6/2/2014 13:24,30.495
6/2/2014 13:29,31.333
6/2/2014 13:34,30.006
6/2/2014 13:39,30.089
6/2/2014 13:44,31.798
6/2/2014 13:49,30.34
6/2/2014 13:54,30.166
6/2/2014 13:59,33.784
6/2/2014 14:04,44.55
6/2/2014 14:09,85.833
6/2/2014 14:14,52.453
6/2/2014 14:19,29.884
6/2/2014 14:24,29.784
6/2/2014 14:29,32.142
6/2/2014 14:34,29.735
6/2/2014 14:39,29.45
6/2/2014 14:44,31.506
6/2/2014 14:49,30.475
6/2/2014 14:54,29.708
6/2/2014 14:59,33.3
6/2/2014 15:04,44.12
6/2/2014 15:09,86.051
6/2/2014 15:14,46.506
6/2/2014 15:19,30.104
6/2/2014 15:24,29.836
6/2/2014 15:29,32.045
6/2/2014 15:34,29.78
6/2/2014 15:39,30.386
6/2/2014 15:44,31.784
6/2/2014 15:49,30.167
6/2/2014 15:54,30.05
6/2/2014 15:59,33.334
6/2/2014 16:04,45.121
6/2/2014 16:09,92.833
6/2/2014 16:14,51.048
6/2/2014 16:19,29.859
6/2/2014 16:24,30.07
6/2/2014 16:29,31.722
6/2/2014 16:34,30.283
6/2/2014 16:39,29.832
6/2/2014 16:44,31.175
6/2/2014 16:49,30.214
6/2/2014 16:54,29.664
6/2/2014 16:59,34.508
6/2/2014 17:04,43.117
6/2/2014 17:09,92.833
6/2/2014 17:14,52.166
6/2/2014 17:19,30.151
6/2/2014 17:24,29.052
6/2/2014 17:29,31.5
6/2/2014 17:34,29.999
6/2/2014 17:39,29.957
6/2/2014 17:44,31.223
6/2/2014 17:49,30.5
6/2/2014 17:54,29.838
6/2/2014 17:59,34.763
6/2/2014 18:04,43.702
6/2/2014 18:09,86.451
6/2/2014 18:14,46.88
6/2/2014 18:19,29.043
6/2/2014 18:24,30.598
6/2/2014 18:29,30.508
6/2/2014 18:34,30.453
6/2/2014 18:39,30.548
6/2/2014 18:44,31.288
6/2/2014 18:49,29.878
6/2/2014 18:54,30.117
6/2/2014 18:59,32.991
6/2/2014 19:04,44.551
6/2/2014 19:09,85.833
6/2/2014 19:14,52.214
6/2/2014 19:19,29.991
6/2/2014 19:24,30.56
6/2/2014 19:29,31.588
6/2/2014 19:34,30.449
6/2/2014 19:39,30.837
6/2/2014 19:44,32.212
6/2/2014 19:49,30.45
6/2/2014 19:54,30.715
6/2/2014 19:59,32.386
6/2/2014 20:04,44.48
6/2/2014 20:09,86.387
6/2/2014 20:14,52.573
6/2/2014 20:19,30.217
6/2/2014 20:24,30.286
6/2/2014 20:29,32.027
6/2/2014 20:34,30.175
6/2/2014 20:39,30.785
6/2/2014 20:44,31.38
6/2/2014 20:49,30.126
6/2/2014 20:54,30.38
6/2/2014 20:59,33.83
6/2/2014 21:04,45.105
6/2/2014 21:09,85.714
6/2/2014 21:14,51.119
6/2/2014 21:19,31.545
6/2/2014 21:24,30.784
6/2/2014 21:29,32.338
6/2/2014 21:34,30.169
6/2/2014 21:39,30.885
6/2/2014 21:44,30.953
6/2/2014 21:49,30.336
6/2/2014 21:54,30.02
6/2/2014 21:59,33.782
6/2/2014 22:04,44.717
6/2/2014 22:09,92.623
6/2/2014 22:14,45.537
6/2/2014 22:19,31.382
6/2/2014 22:24,29.43
6/2/2014 22:29,31.499
6/2/2014 22:34,30.506
6/2/2014 22:39,29.949
6/2/2014 22:44,31.73
6/2/2014 22:49,30.662
6/2/2014 22:54,30.663
6/2/2014 22:59,33.248
6/2/2014 23:04,44.834
6/2/2014 23:09,92.881
6/2/2014 23:14,51.8
6/2/2014 23:19,29.979
6/2/2014 23:24,29.38
6/2/2014 23:29,31.883
6/2/2014 23:34,30.613
6/2/2014 23:39,30.173
6/2/2014 23:44,31.293
6/2/2014 23:49,30.224
6/2/2014 23:54,31.334
6/2/2014 23:59,32.114
6/3/2014 0:04,44
6/3/2014 0:09,85.668
6/3/2014 0:14,52
6/3/2014 0:19,30.669
6/3/2014 0:24,30.627
6/3/2014 0:29,32.009
6/3/2014 0:34,30.808
6/3/2014 0:39,31.664
6/3/2014 0:44,31.825
6/3/2014 0:49,29.958
6/3/2014 0:54,30.047
6/3/2014 0:59,32.999
6/3/2014 1:04,44.499
6/3/2014 1:09,92.787
6/3/2014 1:14,50.886
6/3/2014 1:19,31.007
6/3/2014 1:24,30.333
6/3/2014 1:29,32.498
6/3/2014 1:34,29.792
6/3/2014 1:39,31.165
6/3/2014 1:44,31.322
6/3/2014 1:49,30.881
6/3/2014 1:54,30.355
6/3/2014 1:59,32.283
6/3/2014 2:04,45.311
6/3/2014 2:09,65.054
6/3/2014 2:14,51.506
6/3/2014 2:19,31.837
6/3/2014 2:24,30.117
6/3/2014 2:29,32.381
6/3/2014 2:34,29.833
6/3/2014 2:39,31.482
6/3/2014 2:44,29.977
6/3/2014 2:49,30.215
6/3/2014 2:54,30.501
6/3/2014 2:59,33.314
6/3/2014 3:04,44.499
6/3/2014 3:09,86.051
6/3/2014 3:14,52.163
6/3/2014 3:19,30.996
6/3/2014 3:24,30.001
6/3/2014 3:29,31.423
6/3/2014 3:34,30.381
6/3/2014 3:39,30
6/3/2014 3:44,32.165
6/3/2014 3:49,30.785
6/3/2014 3:54,29.715
6/3/2014 3:59,33.276
6/3/2014 4:04,45.283
6/3/2014 4:09,92.787
6/3/2014 4:14,51.548
6/3/2014 4:19,30.499
6/3/2014 4:24,30.786
6/3/2014 4:29,31.65
6/3/2014 4:34,30.333
6/3/2014 4:39,30.002
6/3/2014 4:44,31.723
6/3/2014 4:49,30.287
6/3/2014 4:54,30.208
6/3/2014 4:59,34.835
6/3/2014 5:04,43.994
6/3/2014 5:09,92.833
6/3/2014 5:14,52.656
6/3/2014 5:19,29.578
6/3/2014 5:24,30.563
6/3/2014 5:29,32.038
6/3/2014 5:34,31.285
6/3/2014 5:39,30.092
6/3/2014 5:44,31.601
6/3/2014 5:49,30.005
6/3/2014 5:54,30.333
6/3/2014 5:59,32.328
6/3/2014 6:04,45.166
6/3/2014 6:09,65.38
6/3/2014 6:14,50.286
6/3/2014 6:19,30.162
6/3/2014 6:24,31.152
6/3/2014 6:29,32.71
6/3/2014 6:34,29.03
6/3/2014 6:39,30.259
6/3/2014 6:44,31.534
6/3/2014 6:49,30.453
6/3/2014 6:54,30.214
6/3/2014 6:59,34.261
6/3/2014 7:04,44.502
6/3/2014 7:09,93
6/3/2014 7:14,51.327
6/3/2014 7:19,30.615
6/3/2014 7:24,30.657
6/3/2014 7:29,31.974
6/3/2014 7:34,29.465
6/3/2014 7:39,30.475
6/3/2014 7:44,30.945
6/3/2014 7:49,31.654
6/3/2014 7:54,30.266
6/3/2014 7:59,32.421
6/3/2014 8:04,44.5
6/3/2014 8:09,93
6/3/2014 8:14,51.449
6/3/2014 8:19,30.666
6/3/2014 8:24,30.501
6/3/2014 8:29,31.616
6/3/2014 8:34,29.697
6/3/2014 8:39,30.257
6/3/2014 8:44,32.329
6/3/2014 8:49,30.635
6/3/2014 8:54,29.929
6/3/2014 8:59,33.453
6/3/2014 9:04,44.214
6/3/2014 9:09,64.954
6/3/2014 9:14,49.537
6/3/2014 9:19,30.168
6/3/2014 9:24,30.448
6/3/2014 9:29,32.047
6/3/2014 9:34,30.287
6/3/2014 9:39,31.38
6/3/2014 9:44,31.326
6/3/2014 9:49,29.737
6/3/2014 9:54,31.047
6/3/2014 9:59,33.622
6/3/2014 10:04,45.166
6/3/2014 10:09,85.667
6/3/2014 10:14,51.381
6/3/2014 10:19,30.469
6/3/2014 10:24,30.833
6/3/2014 10:29,31.596
6/3/2014 10:34,31.38
6/3/2014 10:39,29.165
6/3/2014 10:44,31.757
6/3/2014 10:49,30.548
6/3/2014 10:54,30.336
6/3/2014 10:59,33.516
6/3/2014 11:04,44.334
6/3/2014 11:09,93
6/3/2014 11:14,52.34
6/3/2014 11:19,29.284
6/3/2014 11:24,30.168
6/3/2014 11:29,32.13
6/3/2014 11:34,29.89
6/3/2014 11:39,30.287
6/3/2014 11:44,31.725
6/3/2014 11:49,30.137
6/3/2014 11:54,30.287
6/3/2014 11:59,34.21
6/3/2014 12:04,44.501
6/3/2014 12:09,92.833
6/3/2014 12:14,51.504
6/3/2014 12:19,31.458
6/3/2014 12:24,30.333
6/3/2014 12:29,31.835
6/3/2014 12:34,31.698
6/3/2014 12:39,28.834
6/3/2014 12:44,32.333
6/3/2014 12:49,30.172
6/3/2014 12:54,29.498
6/3/2014 12:59,33.279
6/3/2014 13:04,44.169
6/3/2014 13:09,92.833
6/3/2014 13:14,51.504
6/3/2014 13:19,31.294
6/3/2014 13:24,29.162
6/3/2014 13:29,32.71
6/3/2014 13:34,29.334
6/3/2014 13:39,31.171
6/3/2014 13:44,32.117
6/3/2014 13:49,30.543
6/3/2014 13:54,30.611
6/3/2014 13:59,32.854
6/3/2014 14:04,45.665
6/3/2014 14:09,92.833
6/3/2014 14:14,51.507
6/3/2014 14:19,30.5
6/3/2014 14:24,31.168
6/3/2014 14:29,31.29
6/3/2014 14:34,30.835
6/3/2014 14:39,30.483
6/3/2014 14:44,31.213
6/3/2014 14:49,30.949
6/3/2014 14:54,29.882
6/3/2014 14:59,33.952
6/3/2014 15:04,44.833
6/3/2014 15:09,92.833
6/3/2014 15:14,51.717
6/3/2014 15:19,31.823
6/3/2014 15:24,29.62
6/3/2014 15:29,32.057
6/3/2014 15:34,30.594
6/3/2014 15:39,31.549
6/3/2014 15:44,31.78
6/3/2014 15:49,29.713
6/3/2014 15:54,30.121
6/3/2014 15:59,34.385
6/3/2014 16:04,43.454
6/3/2014 16:09,93
6/3/2014 16:14,51.124
6/3/2014 16:19,30.214
6/3/2014 16:24,30.576
6/3/2014 16:29,31.881
6/3/2014 16:34,30.452
6/3/2014 16:39,30.718
6/3/2014 16:44,31.5
6/3/2014 16:49,30.666
6/3/2014 16:54,30.449
6/3/2014 16:59,72.72
6/3/2014 17:04,100
6/3/2014 17:09,100
6/3/2014 17:14,74.7538
6/3/2014 17:19,86.333
6/3/2014 17:24,33.5
6/3/2014 17:29,33.829
6/3/2014 17:34,33.395
6/3/2014 17:39,32.638
6/3/2014 17:44,33.443
6/3/2014 17:49,32.006
6/3/2014 17:54,32.206
6/3/2014 17:59,34.989
6/3/2014 18:04,46.281
6/3/2014 18:09,34.112
6/3/2014 18:14,33.685
6/3/2014 18:19,45.494
6/3/2014 18:24,47.213
6/3/2014 18:29,34.759
6/3/2014 18:34,31.032
6/3/2014 18:39,32.337
6/3/2014 18:44,33.503
6/3/2014 18:49,32.126
6/3/2014 18:54,31.725
6/3/2014 18:59,36.611
6/3/2014 19:04,45.601
6/3/2014 19:09,33.271
6/3/2014 19:14,34.218
6/3/2014 19:19,30.815
6/3/2014 19:24,31.886
6/3/2014 19:29,32.659
6/3/2014 19:34,31.931
6/3/2014 19:39,32.168
6/3/2014 19:44,34.163
6/3/2014 19:49,31.501
6/3/2014 19:54,32.332
6/3/2014 19:59,35.326
6/3/2014 20:04,44.835
6/3/2014 20:09,32.653
6/3/2014 20:14,33.051
6/3/2014 20:19,32.61
6/3/2014 20:24,32.666
6/3/2014 20:29,32.834
6/3/2014 20:34,34.057
6/3/2014 20:39,31.766
6/3/2014 20:44,33.719
6/3/2014 20:49,33.092
6/3/2014 20:54,30.668
6/3/2014 20:59,36.166
6/3/2014 21:04,44.959
6/3/2014 21:09,33.169
6/3/2014 21:14,34.015
6/3/2014 21:19,30.823
6/3/2014 21:24,32.167
6/3/2014 21:29,33.334
6/3/2014 21:34,32.887
6/3/2014 21:39,32.448
6/3/2014 21:44,32.993
6/3/2014 21:49,32.001
6/3/2014 21:54,31.544
6/3/2014 21:59,35.666
6/3/2014 22:04,46.261
6/3/2014 22:09,33.824
6/3/2014 22:14,33.834
6/3/2014 22:19,31.718
6/3/2014 22:24,31.935
6/3/2014 22:29,32.835
6/3/2014 22:34,31.466
6/3/2014 22:39,31.831
6/3/2014 22:44,33.001
6/3/2014 22:49,31.656
6/3/2014 22:54,32.819
6/3/2014 22:59,34.999
6/3/2014 23:04,46.366
6/3/2014 23:09,33.664
6/3/2014 23:14,33
6/3/2014 23:19,33
6/3/2014 23:24,31.999
6/3/2014 23:29,33.327
6/3/2014 23:34,33.501
6/3/2014 23:39,31.671
6/3/2014 23:44,32.564
6/3/2014 23:49,31.782
6/3/2014 23:54,32.442
6/3/2014 23:59,34.301
6/4/2014 0:04,45.999
6/4/2014 0:09,39.38
6/4/2014 0:14,33.756
6/4/2014 0:19,31.834
6/4/2014 0:24,33
6/4/2014 0:29,32.217
6/4/2014 0:34,31.95
6/4/2014 0:39,32.832
6/4/2014 0:44,33.22
6/4/2014 0:49,32.776
6/4/2014 0:54,30.88
6/4/2014 0:59,36.112
6/4/2014 1:04,45.668
6/4/2014 1:09,33.834
6/4/2014 1:14,33.164
6/4/2014 1:19,31.545
6/4/2014 1:24,32.247
6/4/2014 1:29,34.304
6/4/2014 1:34,33.665
6/4/2014 1:39,33.495
6/4/2014 1:44,32.718
6/4/2014 1:49,32.282
6/4/2014 1:54,31.555
6/4/2014 1:59,36.227
6/4/2014 2:04,46.802
6/4/2014 2:09,32.502
6/4/2014 2:14,33.492
6/4/2014 2:19,33.5
6/4/2014 2:24,31.339
6/4/2014 2:29,33.646
6/4/2014 2:34,31.5
6/4/2014 2:39,32.004
6/4/2014 2:44,34.832
6/4/2014 2:49,30.804
6/4/2014 2:54,32.33
6/4/2014 2:59,36.183
6/4/2014 3:04,45.479
6/4/2014 3:09,34.651
6/4/2014 3:14,33.335
6/4/2014 3:19,34.269
6/4/2014 3:24,30.606
6/4/2014 3:29,37.095
6/4/2014 3:34,32.498
6/4/2014 3:39,31.997
6/4/2014 3:44,37.166
6/4/2014 3:49,31.664
6/4/2014 3:54,31.887
6/4/2014 3:59,35.773
6/4/2014 4:04,45.501
6/4/2014 4:09,33.834
6/4/2014 4:14,33.667
6/4/2014 4:19,31.5
6/4/2014 4:24,32.003
6/4/2014 4:29,34
6/4/2014 4:34,30.912
6/4/2014 4:39,32.888
6/4/2014 4:44,32.667
6/4/2014 4:49,32.832
6/4/2014 4:54,31.833
6/4/2014 4:59,35.231
6/4/2014 5:04,45.603
6/4/2014 5:09,40.004
6/4/2014 5:14,33.833
6/4/2014 5:19,33.833
6/4/2014 5:24,31.83
6/4/2014 5:29,32.986
6/4/2014 5:34,31.668
6/4/2014 5:39,32.386
6/4/2014 5:44,32.898
6/4/2014 5:49,31.645
6/4/2014 5:54,34.001
6/4/2014 5:59,34.826
6/4/2014 6:04,47.323
6/4/2014 6:09,39.844
6/4/2014 6:14,34.682
6/4/2014 6:19,32.539
6/4/2014 6:24,31.787
6/4/2014 6:29,34.553
6/4/2014 6:34,31.982
6/4/2014 6:39,32.33
6/4/2014 6:44,32.772
6/4/2014 6:49,31.998
6/4/2014 6:54,31.16
6/4/2014 6:59,35.663
6/4/2014 7:04,45.333
6/4/2014 7:09,32.855
6/4/2014 7:14,33.609
6/4/2014 7:19,33.991
6/4/2014 7:24,31.5
6/4/2014 7:29,32.48
6/4/2014 7:34,31.72
6/4/2014 7:39,31.612
6/4/2014 7:44,33.838
6/4/2014 7:49,31.006
6/4/2014 7:54,31.501
6/4/2014 7:59,34.999
6/4/2014 8:04,46.551
6/4/2014 8:09,39.993
6/4/2014 8:14,33.923
6/4/2014 8:19,31.381
6/4/2014 8:24,31.605
6/4/2014 8:29,33.625
6/4/2014 8:34,30.616
6/4/2014 8:39,31.806
6/4/2014 8:44,33.501
6/4/2014 8:49,31.316
6/4/2014 8:54,31.716
6/4/2014 8:59,35.95
6/4/2014 9:04,44.834
6/4/2014 9:09,33.166
6/4/2014 9:14,33.847
6/4/2014 9:19,31.707
6/4/2014 9:24,32.114
6/4/2014 9:29,34.167
6/4/2014 9:34,30.97
6/4/2014 9:39,32.34
6/4/2014 9:44,33.886
6/4/2014 9:49,32.939
6/4/2014 9:54,31.337
6/4/2014 9:59,34.666
6/4/2014 10:04,47.17
6/4/2014 10:09,47.107
6/4/2014 10:14,32.526
6/4/2014 10:19,31.986
6/4/2014 10:24,33.282
6/4/2014 10:29,32.004
6/4/2014 10:34,32.223
6/4/2014 10:39,32.115
6/4/2014 10:44,33.334
6/4/2014 10:49,32.167
6/4/2014 10:54,31.876
6/4/2014 10:59,34.749
6/4/2014 11:04,45.828
6/4/2014 11:09,45.982
6/4/2014 11:14,33.332
6/4/2014 11:19,32.342
6/4/2014 11:24,32.895
6/4/2014 11:29,33.444
6/4/2014 11:34,31.649
6/4/2014 11:39,31.641
6/4/2014 11:44,32.667
6/4/2014 11:49,31.726
6/4/2014 11:54,31.618
6/4/2014 11:59,34.83
6/4/2014 12:04,46.39
6/4/2014 12:09,46.171
6/4/2014 12:14,33.167
6/4/2014 12:19,33.334
6/4/2014 12:24,30.472
6/4/2014 12:29,32.837
6/4/2014 12:34,31.671
6/4/2014 12:39,31.713
6/4/2014 12:44,33.638
6/4/2014 12:49,33.1
6/4/2014 12:54,30.363
6/4/2014 12:59,36.465
6/4/2014 13:04,44.833
6/4/2014 13:09,47.764
6/4/2014 13:14,33.025
6/4/2014 13:19,33.501
6/4/2014 13:24,31.503
6/4/2014 13:29,33.832
6/4/2014 13:34,32.248
6/4/2014 13:39,32.708
6/4/2014 13:44,32.995
6/4/2014 13:49,32.68
6/4/2014 13:54,32.102
6/4/2014 13:59,34.477
6/4/2014 14:04,46.724
6/4/2014 14:09,46.316
6/4/2014 14:14,33.364
6/4/2014 14:19,32.116
6/4/2014 14:24,32.501
6/4/2014 14:29,34.125
6/4/2014 14:34,31.496
6/4/2014 14:39,32.668
6/4/2014 14:44,33.506
6/4/2014 14:49,33.334
6/4/2014 14:54,31.667
6/4/2014 14:59,35.172
6/4/2014 15:04,46.159
6/4/2014 15:09,52.166
6/4/2014 15:14,34.332
6/4/2014 15:19,31.502
6/4/2014 15:24,31.332
6/4/2014 15:29,33.177
6/4/2014 15:34,33.219
6/4/2014 15:39,32.783
6/4/2014 15:44,33.827
6/4/2014 15:49,31.667
6/4/2014 15:54,31.88
6/4/2014 15:59,36.114
6/4/2014 16:04,44.336
6/4/2014 16:09,52.824
6/4/2014 16:14,34.488
6/4/2014 16:19,33.501
6/4/2014 16:24,32.056
6/4/2014 16:29,34.607
6/4/2014 16:34,32.173
6/4/2014 16:39,32.22
6/4/2014 16:44,71.93
6/4/2014 16:49,52.83
6/4/2014 16:54,31.501
6/4/2014 16:59,34.815
6/4/2014 17:04,46.942
6/4/2014 17:09,47.666
6/4/2014 17:14,34.219
6/4/2014 17:19,32.93
6/4/2014 17:24,31.659
6/4/2014 17:29,32.648
6/4/2014 17:34,33.167
6/4/2014 17:39,31.491
6/4/2014 17:44,33.387
6/4/2014 17:49,31.667
6/4/2014 17:54,32.612
6/4/2014 17:59,35.512
6/4/2014 18:04,46.833
6/4/2014 18:09,54.982
6/4/2014 18:14,32.798
6/4/2014 18:19,33.214
6/4/2014 18:24,30.688
6/4/2014 18:29,33.5
6/4/2014 18:34,32.327
6/4/2014 18:39,32.481
6/4/2014 18:44,32.501
6/4/2014 18:49,32.154
6/4/2014 18:54,32.001
6/4/2014 18:59,35.327
6/4/2014 19:04,45.833
6/4/2014 19:09,47.019
6/4/2014 19:14,31.834
6/4/2014 19:19,32.501
6/4/2014 19:24,32.333
6/4/2014 19:29,33.993
6/4/2014 19:34,31.779
6/4/2014 19:39,32.378
6/4/2014 19:44,34.166
6/4/2014 19:49,32
6/4/2014 19:54,31.832
6/4/2014 19:59,35.755
6/4/2014 20:04,45.206
6/4/2014 20:09,53.666
6/4/2014 20:14,33.484
6/4/2014 20:19,32.335
6/4/2014 20:24,31.66
6/4/2014 20:29,34.334
6/4/2014 20:34,31.168
6/4/2014 20:39,32.325
6/4/2014 20:44,34.794
6/4/2014 20:49,30.5
6/4/2014 20:54,32.335
6/4/2014 20:59,34.356
6/4/2014 21:04,46.335
6/4/2014 21:09,48.668
6/4/2014 21:14,33.002
6/4/2014 21:19,32.5
6/4/2014 21:24,31.705
6/4/2014 21:29,33.275
6/4/2014 21:34,32.474
6/4/2014 21:39,32.334
6/4/2014 21:44,33.003
6/4/2014 21:49,32.379
6/4/2014 21:54,32.091
6/4/2014 21:59,35.498
6/4/2014 22:04,46.455
6/4/2014 22:09,53.832
6/4/2014 22:14,34.166
6/4/2014 22:19,32.003
6/4/2014 22:24,32.061
6/4/2014 22:29,33.247
6/4/2014 22:34,30.667
6/4/2014 22:39,31.5
6/4/2014 22:44,33.327
6/4/2014 22:49,33.832
6/4/2014 22:54,30.662
6/4/2014 22:59,35.988
6/4/2014 23:04,45.668
6/4/2014 23:09,53
6/4/2014 23:14,33.501
6/4/2014 23:19,33.643
6/4/2014 23:24,31.133
6/4/2014 23:29,33.038
6/4/2014 23:34,32.614
6/4/2014 23:39,31.333
6/4/2014 23:44,33.666
6/4/2014 23:49,32.665
6/4/2014 23:54,32.659
6/4/2014 23:59,32.966
6/5/2014 0:04,45.303
6/5/2014 0:09,47
6/5/2014 0:14,34.008
6/5/2014 0:19,32.985
6/5/2014 0:24,33.387
6/5/2014 0:29,32.828
6/5/2014 0:34,31.766
6/5/2014 0:39,32.143
6/5/2014 0:44,34.333
6/5/2014 0:49,30.166
6/5/2014 0:54,31.813
6/5/2014 0:59,35.335
6/5/2014 1:04,47.334
6/5/2014 1:09,51.997
6/5/2014 1:14,33.656
6/5/2014 1:19,32.521
6/5/2014 1:24,32.098
6/5/2014 1:29,33.318
6/5/2014 1:34,32.5
6/5/2014 1:39,31.216
6/5/2014 1:44,35.366
6/5/2014 1:49,30.159
6/5/2014 1:54,32.059
6/5/2014 1:59,35.186
6/5/2014 2:04,46.008
6/5/2014 2:09,47.282
6/5/2014 2:14,34.147
6/5/2014 2:19,32.798
6/5/2014 2:24,32.167
6/5/2014 2:29,33.659
6/5/2014 2:34,31.839
6/5/2014 2:39,32.043
6/5/2014 2:44,32.471
6/5/2014 2:49,31.709
6/5/2014 2:54,31.663
6/5/2014 2:59,35.617
6/5/2014 3:04,46.833
6/5/2014 3:09,56.667
6/5/2014 3:14,38.497
6/5/2014 3:19,31.168
6/5/2014 3:24,31.668
6/5/2014 3:29,34.834
6/5/2014 3:34,32.334
6/5/2014 3:39,30.876
6/5/2014 3:44,33.454
6/5/2014 3:49,31.642
6/5/2014 3:54,31.878
6/5/2014 3:59,34.764
6/5/2014 4:04,46.174
6/5/2014 4:09,47.335
6/5/2014 4:14,33.833
6/5/2014 4:19,32.16
6/5/2014 4:24,31.17
6/5/2014 4:29,34.33
6/5/2014 4:34,31.544
6/5/2014 4:39,30.48
6/5/2014 4:44,32.78
6/5/2014 4:49,32.308
6/5/2014 4:54,33.161
6/5/2014 4:59,33.667
6/5/2014 5:04,46.668
6/5/2014 5:09,54.607
6/5/2014 5:14,33.238
6/5/2014 5:19,32.022
6/5/2014 5:24,31.825
6/5/2014 5:29,33.146
6/5/2014 5:34,33.498
6/5/2014 5:39,32.094
6/5/2014 5:44,32.674
6/5/2014 5:49,31.833
6/5/2014 5:54,31.321
6/5/2014 5:59,35.163
6/5/2014 6:04,45.834
6/5/2014 6:09,46.336
6/5/2014 6:14,34.655
6/5/2014 6:19,32.171
6/5/2014 6:24,33.759
6/5/2014 6:29,34.518
6/5/2014 6:34,31.3
6/5/2014 6:39,31.168
6/5/2014 6:44,32.834
6/5/2014 6:49,32.325
6/5/2014 6:54,32.334
6/5/2014 6:59,33.888
6/5/2014 7:04,45.668
6/5/2014 7:09,47.334
6/5/2014 7:14,32.5
6/5/2014 7:19,33.342
6/5/2014 7:24,31.724
6/5/2014 7:29,33.448
6/5/2014 7:34,32.217
6/5/2014 7:39,31.947
6/5/2014 7:44,32.885
6/5/2014 7:49,31.434
6/5/2014 7:54,31.334
6/5/2014 7:59,36.996
6/5/2014 8:04,43.887
6/5/2014 8:09,47.303
6/5/2014 8:14,32.931
6/5/2014 8:19,34.002
6/5/2014 8:24,30.643
6/5/2014 8:29,33.667
6/5/2014 8:34,32.833
6/5/2014 8:39,31.218
6/5/2014 8:44,33.449
6/5/2014 8:49,31.167
6/5/2014 8:54,32.166
6/5/2014 8:59,34.337
6/5/2014 9:04,45.997
6/5/2014 9:09,48.835
6/5/2014 9:14,33.179
6/5/2014 9:19,31.488
6/5/2014 9:24,32.16
6/5/2014 9:29,32.499
6/5/2014 9:34,32
6/5/2014 9:39,32.338
6/5/2014 9:44,33.167
6/5/2014 9:49,31.811
6/5/2014 9:54,32.5
6/5/2014 9:59,34.166
6/5/2014 10:04,45.802
6/5/2014 10:09,52.999
6/5/2014 10:14,34.337
6/5/2014 10:19,31.41
6/5/2014 10:24,32.884
6/5/2014 10:29,32.782
6/5/2014 10:34,31.872
6/5/2014 10:39,33.118
6/5/2014 10:44,32.665
6/5/2014 10:49,31.824
6/5/2014 10:54,31.668
6/5/2014 10:59,34.885
6/5/2014 11:04,46.281
6/5/2014 11:09,52.835
6/5/2014 11:14,33.495
6/5/2014 11:19,31.54
6/5/2014 11:24,31.318
6/5/2014 11:29,34.322
6/5/2014 11:34,30.949
6/5/2014 11:39,31.724
6/5/2014 11:44,33.41
6/5/2014 11:49,31.478
6/5/2014 11:54,32
6/5/2014 11:59,36.159
6/5/2014 12:04,44.334
6/5/2014 12:09,46.278
6/5/2014 12:14,33.724
6/5/2014 12:19,32.591
6/5/2014 12:24,31.341
6/5/2014 12:29,33.501
6/5/2014 12:34,32.976
6/5/2014 12:39,31.834
6/5/2014 12:44,32.988
6/5/2014 12:49,32.121
6/5/2014 12:54,32.004
6/5/2014 12:59,34.987
6/5/2014 13:04,46.992
6/5/2014 13:09,53.556
6/5/2014 13:14,32.833
6/5/2014 13:19,31.437
6/5/2014 13:24,31.333
6/5/2014 13:29,33.319
6/5/2014 13:34,31.544
6/5/2014 13:39,32.586
6/5/2014 13:44,33.663
6/5/2014 13:49,31.168
6/5/2014 13:54,32.999
6/5/2014 13:59,35.295
6/5/2014 14:04,46.5
6/5/2014 14:09,60.167
6/5/2014 14:14,33.671
6/5/2014 14:19,31.887
6/5/2014 14:24,31.602
6/5/2014 14:29,33.167
6/5/2014 14:34,31.499
6/5/2014 14:39,31.664
6/5/2014 14:44,33.497
6/5/2014 14:49,32.217
6/5/2014 14:54,31.113
6/5/2014 14:59,34.667
6/5/2014 15:04,46.166
6/5/2014 15:09,53.225
6/5/2014 15:14,34.282
6/5/2014 15:19,32.331
6/5/2014 15:24,32.834
6/5/2014 15:29,32.652
6/5/2014 15:34,30.82
6/5/2014 15:39,32.161
6/5/2014 15:44,33.554
6/5/2014 15:49,30.616
6/5/2014 15:54,32.995
6/5/2014 15:59,33.989
6/5/2014 16:04,46.648
6/5/2014 16:09,52.844
6/5/2014 16:14,33.825
6/5/2014 16:19,31.299
6/5/2014 16:24,34.49
6/5/2014 16:29,32.053
6/5/2014 16:34,30.94
6/5/2014 16:39,31.5
6/5/2014 16:44,32.989
6/5/2014 16:49,32.166
6/5/2014 16:54,32.385
6/5/2014 16:59,34.686
6/5/2014 17:04,45.376
6/5/2014 17:09,59.543
6/5/2014 17:14,32.947
6/5/2014 17:19,32.04
6/5/2014 17:24,31.981
6/5/2014 17:29,33.327
6/5/2014 17:34,32.286
6/5/2014 17:39,31.001
6/5/2014 17:44,32.992
6/5/2014 17:49,31.837
6/5/2014 17:54,33.22
6/5/2014 17:59,34.278
6/5/2014 18:04,46.501
6/5/2014 18:09,53.332
6/5/2014 18:14,33.333
6/5/2014 18:19,31.72
6/5/2014 18:24,31.998
6/5/2014 18:29,33.65
6/5/2014 18:34,31.342
6/5/2014 18:39,31.812
6/5/2014 18:44,32.761
6/5/2014 18:49,32.167
6/5/2014 18:54,32.485
6/5/2014 18:59,34.484
6/5/2014 19:04,46.144
6/5/2014 19:09,59.051
6/5/2014 19:14,33.776
6/5/2014 19:19,33.121
6/5/2014 19:24,31.668
6/5/2014 19:29,34.313
6/5/2014 19:34,31.008
6/5/2014 19:39,32.317
6/5/2014 19:44,32.833
6/5/2014 19:49,31.988
6/5/2014 19:54,31.896
6/5/2014 19:59,34.949
6/5/2014 20:04,45.826
6/5/2014 20:09,59.666
6/5/2014 20:14,33.891
6/5/2014 20:19,33.762
6/5/2014 20:24,30.707
6/5/2014 20:29,33.919
6/5/2014 20:34,33.333
6/5/2014 20:39,32.172
6/5/2014 20:44,33.667
6/5/2014 20:49,31.334
6/5/2014 20:54,31.669
6/5/2014 20:59,35.313
6/5/2014 21:04,45.501
6/5/2014 21:09,59.996
6/5/2014 21:14,34.662
6/5/2014 21:19,32
6/5/2014 21:24,31.774
6/5/2014 21:29,32.99
6/5/2014 21:34,32
6/5/2014 21:39,32.667
6/5/2014 21:44,33.951
6/5/2014 21:49,31.334
6/5/2014 21:54,31.318
6/5/2014 21:59,34.673
6/5/2014 22:04,46.107
6/5/2014 22:09,60.166
6/5/2014 22:14,32.815
6/5/2014 22:19,32.499
6/5/2014 22:24,32.993
6/5/2014 22:29,33.218
6/5/2014 22:34,30.769
6/5/2014 22:39,33.051
6/5/2014 22:44,34.113
6/5/2014 22:49,30.053
6/5/2014 22:54,32.107
6/5/2014 22:59,36.332
6/5/2014 23:04,45.324
6/5/2014 23:09,60
6/5/2014 23:14,33.811
6/5/2014 23:19,34.6
6/5/2014 23:24,30.208
6/5/2014 23:29,33.052
6/5/2014 23:34,31.256
6/5/2014 23:39,32.262
6/5/2014 23:44,33.105
6/5/2014 23:49,32.11
6/5/2014 23:54,31.673
6/5/2014 23:59,33.461
6/6/2014 0:04,46.427
6/6/2014 0:09,59.167
6/6/2014 0:14,34.167
6/6/2014 0:19,31.999
6/6/2014 0:24,34.499
6/6/2014 0:29,33.149
6/6/2014 0:34,31
6/6/2014 0:39,32.394
6/6/2014 0:44,34.274
6/6/2014 0:49,32.36
6/6/2014 0:54,30.333
6/6/2014 0:59,35.753
6/6/2014 1:04,45.66
6/6/2014 1:09,59.882
6/6/2014 1:14,34.781
6/6/2014 1:19,33.667
6/6/2014 1:24,31.334
6/6/2014 1:29,34
6/6/2014 1:34,33.16
6/6/2014 1:39,30.833
6/6/2014 1:44,33.218
6/6/2014 1:49,31.995
6/6/2014 1:54,32.482
6/6/2014 1:59,34.578
6/6/2014 2:04,46.5
6/6/2014 2:09,60.321
6/6/2014 2:14,32.973
6/6/2014 2:19,32.496
6/6/2014 2:24,33.135
6/6/2014 2:29,34.666
6/6/2014 2:34,31.333
6/6/2014 2:39,31.65
6/6/2014 2:44,32.843
6/6/2014 2:49,32.156
6/6/2014 2:54,31.168
6/6/2014 2:59,34.665
6/6/2014 3:04,49.383
6/6/2014 3:09,73.833
6/6/2014 3:14,33.832
6/6/2014 3:19,32.829
6/6/2014 3:24,31.824
6/6/2014 3:29,33.453
6/6/2014 3:34,32.066
6/6/2014 3:39,31.257
6/6/2014 3:44,37.051
6/6/2014 3:49,31.668
6/6/2014 3:54,32.501
6/6/2014 3:59,35.5
6/6/2014 4:04,45.5
6/6/2014 4:09,59.49
6/6/2014 4:14,32.491
6/6/2014 4:19,32.138
6/6/2014 4:24,32.322
6/6/2014 4:29,33.783
6/6/2014 4:34,32.105
6/6/2014 4:39,32.449
6/6/2014 4:44,32.32
6/6/2014 4:49,33.504
6/6/2014 4:54,31.001
6/6/2014 4:59,35.167
6/6/2014 5:04,46.002
6/6/2014 5:09,59.5
6/6/2014 5:14,33.318
6/6/2014 5:19,33.286
6/6/2014 5:24,31.324
6/6/2014 5:29,33.16
6/6/2014 5:34,32
6/6/2014 5:39,31.999
6/6/2014 5:44,33.235
6/6/2014 5:49,31.951
6/6/2014 5:54,31.335
6/6/2014 5:59,36.332
6/6/2014 6:04,47.424
6/6/2014 6:09,59.387
6/6/2014 6:14,33.606
6/6/2014 6:19,33.141
6/6/2014 6:24,31.001
6/6/2014 6:29,34.001
6/6/2014 6:34,31.836
6/6/2014 6:39,31.996
6/6/2014 6:44,33.33
6/6/2014 6:49,31.642
6/6/2014 6:54,32.001
6/6/2014 6:59,35.915
6/6/2014 7:04,45.266
6/6/2014 7:09,59.451
6/6/2014 7:14,34.312
6/6/2014 7:19,32.645
6/6/2014 7:24,31.72
6/6/2014 7:29,33.656
6/6/2014 7:34,31.644
6/6/2014 7:39,32.282
6/6/2014 7:44,33.818
6/6/2014 7:49,32.166
6/6/2014 7:54,31.813
6/6/2014 7:59,36.327
6/6/2014 8:04,45.496
6/6/2014 8:09,59.657
6/6/2014 8:14,34.483
6/6/2014 8:19,32.501
6/6/2014 8:24,31
6/6/2014 8:29,33.161
6/6/2014 8:34,31.978
6/6/2014 8:39,31.661
6/6/2014 8:44,32.334
6/6/2014 8:49,31.334
6/6/2014 8:54,34.16
6/6/2014 8:59,33.141
6/6/2014 9:04,46.999
6/6/2014 9:09,58.833
6/6/2014 9:14,33.344
6/6/2014 9:19,33.499
6/6/2014 9:24,31.833
6/6/2014 9:29,33.833
6/6/2014 9:34,32.385
6/6/2014 9:39,33.767
6/6/2014 9:44,32.281
6/6/2014 9:49,31.885
6/6/2014 9:54,31.619
6/6/2014 9:59,35.497
6/6/2014 10:04,46.308
6/6/2014 10:09,60.332
6/6/2014 10:14,33.166
6/6/2014 10:19,33.501
6/6/2014 10:24,33.166
6/6/2014 10:29,33
6/6/2014 10:34,32.376
6/6/2014 10:39,32.278
6/6/2014 10:44,32.667
6/6/2014 10:49,31.717
6/6/2014 10:54,31.27
6/6/2014 10:59,35.689
6/6/2014 11:04,44.539
6/6/2014 11:09,60.5
6/6/2014 11:14,33.157
6/6/2014 11:19,32.98
6/6/2014 11:24,34.463
6/6/2014 11:29,31.998
6/6/2014 11:34,33.824
6/6/2014 11:39,30.832
6/6/2014 11:44,33.315
6/6/2014 11:49,31.228
6/6/2014 11:54,31.442
6/6/2014 11:59,37.889
6/6/2014 12:04,45.361
6/6/2014 12:09,60.098
6/6/2014 12:14,33.546
6/6/2014 12:19,33
6/6/2014 12:24,32.331
6/6/2014 12:29,32.798
6/6/2014 12:34,32.256
6/6/2014 12:39,31.898
6/6/2014 12:44,33.179
6/6/2014 12:49,31.677
6/6/2014 12:54,32.49
6/6/2014 12:59,34.352
6/6/2014 13:04,46.501
6/6/2014 13:09,60.167
6/6/2014 13:14,35.436
6/6/2014 13:19,32.699
6/6/2014 13:24,32.486
6/6/2014 13:29,32.833
6/6/2014 13:34,31.658
6/6/2014 13:39,31.167
6/6/2014 13:44,32.999
6/6/2014 13:49,32.489
6/6/2014 13:54,33.833
6/6/2014 13:59,34.291
6/6/2014 14:04,46.166
6/6/2014 14:09,65.668
6/6/2014 14:14,33.488
6/6/2014 14:19,31.999
6/6/2014 14:24,32.833
6/6/2014 14:29,33.5
6/6/2014 14:34,32.503
6/6/2014 14:39,31.667
6/6/2014 14:44,33.663
6/6/2014 14:49,32.335
6/6/2014 14:54,31.991
6/6/2014 14:59,34.317
6/6/2014 15:04,46.053
6/6/2014 15:09,60.332
6/6/2014 15:14,34.605
6/6/2014 15:19,31.666
6/6/2014 15:24,31.835
6/6/2014 15:29,34.666
6/6/2014 15:34,31.667
6/6/2014 15:39,32.329
6/6/2014 15:44,32.496
6/6/2014 15:49,32.555
6/6/2014 15:54,32.334
6/6/2014 15:59,72.936
6/6/2014 16:04,100
6/6/2014 16:09,79
6/6/2014 16:14,33.761
6/6/2014 16:19,32.553
6/6/2014 16:24,32.993
6/6/2014 16:29,34
6/6/2014 16:34,32.218
6/6/2014 16:39,32.115
6/6/2014 16:44,33.318
6/6/2014 16:49,31.717
6/6/2014 16:54,31.613
6/6/2014 16:59,35.037
6/6/2014 17:04,46.103
6/6/2014 17:09,65.834
6/6/2014 17:14,34.16
6/6/2014 17:19,31.895
6/6/2014 17:24,32.115
6/6/2014 17:29,33.146
6/6/2014 17:34,32.325
6/6/2014 17:39,32.167
6/6/2014 17:44,33.048
6/6/2014 17:49,32.472
6/6/2014 17:54,31.666
6/6/2014 17:59,35.614
6/6/2014 18:04,46.332
6/6/2014 18:09,65.828
6/6/2014 18:14,33.176
6/6/2014 18:19,31.5
6/6/2014 18:24,32.608
6/6/2014 18:29,32.544
6/6/2014 18:34,31.821
6/6/2014 18:39,32.107
6/6/2014 18:44,33.344
6/6/2014 18:49,32.999
6/6/2014 18:54,32.667
6/6/2014 18:59,33.499
6/6/2014 19:04,46.218
6/6/2014 19:09,65.949
6/6/2014 19:14,33.336
6/6/2014 19:19,31.988
6/6/2014 19:24,32
6/6/2014 19:29,34.394
6/6/2014 19:34,32.669
6/6/2014 19:39,32.108
6/6/2014 19:44,33.832
6/6/2014 19:49,32.672
6/6/2014 19:54,30.539
6/6/2014 19:59,34.489
6/6/2014 20:04,46.102
6/6/2014 20:09,66.837
6/6/2014 20:14,33.78
6/6/2014 20:19,32.353
6/6/2014 20:24,31.449
6/6/2014 20:29,34.321
6/6/2014 20:34,32.672
6/6/2014 20:39,31.502
6/6/2014 20:44,34.004
6/6/2014 20:49,32.668
6/6/2014 20:54,33.557
6/6/2014 20:59,34.928
6/6/2014 21:04,45.692
6/6/2014 21:09,66.008
6/6/2014 21:14,33.826
6/6/2014 21:19,32.335
6/6/2014 21:24,32.666
6/6/2014 21:29,33.384
6/6/2014 21:34,31.773
6/6/2014 21:39,31.163
6/6/2014 21:44,34.167
6/6/2014 21:49,31.327
6/6/2014 21:54,31.841
6/6/2014 21:59,35.333
6/6/2014 22:04,47.167
6/6/2014 22:09,73.111
6/6/2014 22:14,33.502
6/6/2014 22:19,32.059
6/6/2014 22:24,31.441
6/6/2014 22:29,33.82
6/6/2014 22:34,31.835
6/6/2014 22:39,31.667
6/6/2014 22:44,33.17
6/6/2014 22:49,32.153
6/6/2014 22:54,31.861
6/6/2014 22:59,34.762
6/6/2014 23:04,46
6/6/2014 23:09,66.667
6/6/2014 23:14,32.993
6/6/2014 23:19,32.985
6/6/2014 23:24,31.721
6/6/2014 23:29,33.654
6/6/2014 23:34,31.617
6/6/2014 23:39,32.541
6/6/2014 23:44,33.335
6/6/2014 23:49,33.28
6/6/2014 23:54,31.339
6/6/2014 23:59,33.399
6/7/2014 0:04,47.598
6/7/2014 0:09,73.005
6/7/2014 0:14,33.501
6/7/2014 0:19,32.166
6/7/2014 0:24,31.887
6/7/2014 0:29,34.616
6/7/2014 0:34,32.496
6/7/2014 0:39,31.506
6/7/2014 0:44,33.341
6/7/2014 0:49,32.334
6/7/2014 0:54,31.834
6/7/2014 0:59,36.166
6/7/2014 1:04,46.165
6/7/2014 1:09,73.165
6/7/2014 1:14,33.834
6/7/2014 1:19,31.5
6/7/2014 1:24,32
6/7/2014 1:29,34.33
6/7/2014 1:34,30.997
6/7/2014 1:39,33.002
6/7/2014 1:44,32.476
6/7/2014 1:49,33.509
6/7/2014 1:54,31.67
6/7/2014 1:59,34.304
6/7/2014 2:04,46.834
6/7/2014 2:09,71.01
6/7/2014 2:14,34.839
6/7/2014 2:19,32.499
6/7/2014 2:24,32
6/7/2014 2:29,33.833
6/7/2014 2:34,31.66
6/7/2014 2:39,32.211
6/7/2014 2:44,33.106
6/7/2014 2:49,32.002
6/7/2014 2:54,32.002
6/7/2014 2:59,36.435
6/7/2014 3:04,44.997
6/7/2014 3:09,73.06
6/7/2014 3:14,33.496
6/7/2014 3:19,32.437
6/7/2014 3:24,31.501
6/7/2014 3:29,33.221
6/7/2014 3:34,31.449
6/7/2014 3:39,35.544
6/7/2014 3:44,33.708
6/7/2014 3:49,35.502
6/7/2014 3:54,32.166
6/7/2014 3:59,35.109
6/7/2014 4:04,45.833
6/7/2014 4:09,73.833
6/7/2014 4:14,33.667
6/7/2014 4:19,32.265
6/7/2014 4:24,32.272
6/7/2014 4:29,33.001
6/7/2014 4:34,31.453
6/7/2014 4:39,32.171
6/7/2014 4:44,32.543
6/7/2014 4:49,32.414
6/7/2014 4:54,32.001
6/7/2014 4:59,34.511
6/7/2014 5:04,45.654
6/7/2014 5:09,73.053
6/7/2014 5:14,35.282
6/7/2014 5:19,31.17
6/7/2014 5:24,33.334
6/7/2014 5:29,32.368
6/7/2014 5:34,31.993
6/7/2014 5:39,33.6
6/7/2014 5:44,32.001
6/7/2014 5:49,32.832
6/7/2014 5:54,30.667
6/7/2014 5:59,35.359
6/7/2014 6:04,46.772
6/7/2014 6:09,72.668
6/7/2014 6:14,35.221
6/7/2014 6:19,31.152
6/7/2014 6:24,32.934
6/7/2014 6:29,33.556
6/7/2014 6:34,32.317
6/7/2014 6:39,31.614
6/7/2014 6:44,33.152
6/7/2014 6:49,31.819
6/7/2014 6:54,31.657
6/7/2014 6:59,34.999
6/7/2014 7:04,46.129
6/7/2014 7:09,74.434
6/7/2014 7:14,32.725
6/7/2014 7:19,32.113
6/7/2014 7:24,31.506
6/7/2014 7:29,33.834
6/7/2014 7:34,30.509
6/7/2014 7:39,31.335
6/7/2014 7:44,33.499
6/7/2014 7:49,31.385
6/7/2014 7:54,31.94
6/7/2014 7:59,34.832
6/7/2014 8:04,46.391
6/7/2014 8:09,72.655
6/7/2014 8:14,34.448
6/7/2014 8:19,31
6/7/2014 8:24,32.333
6/7/2014 8:29,34.332
6/7/2014 8:34,31.001
6/7/2014 8:39,32.332
6/7/2014 8:44,33.335
6/7/2014 8:49,31.874
6/7/2014 8:54,33.612
6/7/2014 8:59,33.906
6/7/2014 9:04,45.496
6/7/2014 9:09,72.946
6/7/2014 9:14,33.333
6/7/2014 9:19,31.869
6/7/2014 9:24,31.449
6/7/2014 9:29,33.327
6/7/2014 9:34,31.056
6/7/2014 9:39,32.448
6/7/2014 9:44,32.552
6/7/2014 9:49,32.609
6/7/2014 9:54,30.558
6/7/2014 9:59,35.6
6/7/2014 10:04,45.667
6/7/2014 10:09,73.167
6/7/2014 10:14,33.668
6/7/2014 10:19,31.816
6/7/2014 10:24,32.165
6/7/2014 10:29,32.379
6/7/2014 10:34,31.787
6/7/2014 10:39,31.496
6/7/2014 10:44,32.725
6/7/2014 10:49,32.164
6/7/2014 10:54,32.444
6/7/2014 10:59,34.054
6/7/2014 11:04,45.946
6/7/2014 11:09,73.167
6/7/2014 11:14,33.16
6/7/2014 11:19,32.333
6/7/2014 11:24,32.486
6/7/2014 11:29,34.381
6/7/2014 11:34,31.11
6/7/2014 11:39,31.896
6/7/2014 11:44,33.325
6/7/2014 11:49,31.443
6/7/2014 11:54,31.827
6/7/2014 11:59,35.321
6/7/2014 12:04,45.219
6/7/2014 12:09,72.94
6/7/2014 12:14,34.166
6/7/2014 12:19,32.553
6/7/2014 12:24,32.934
6/7/2014 12:29,34.001
6/7/2014 12:34,31.488
6/7/2014 12:39,32.324
6/7/2014 12:44,33.221
6/7/2014 12:49,31.951
6/7/2014 12:54,33.333
6/7/2014 12:59,34.159
6/7/2014 13:04,47.062
6/7/2014 13:09,71.304
6/7/2014 13:14,33.486
6/7/2014 13:19,32.822
6/7/2014 13:24,32.888
6/7/2014 13:29,32.946
6/7/2014 13:34,31.319
6/7/2014 13:39,32.037
6/7/2014 13:44,33.171
6/7/2014 13:49,32.939
6/7/2014 13:54,31.657
6/7/2014 13:59,35.708
6/7/2014 14:04,45.499
6/7/2014 14:09,72.835
6/7/2014 14:14,34.169
6/7/2014 14:19,32.491
6/7/2014 14:24,32.321
6/7/2014 14:29,33.997
6/7/2014 14:34,31.885
6/7/2014 14:39,32.329
6/7/2014 14:44,34.282
6/7/2014 14:49,32.592
6/7/2014 14:54,30.202
6/7/2014 14:59,35.831
6/7/2014 15:04,45.66
6/7/2014 15:09,72.951
6/7/2014 15:14,34.001
6/7/2014 15:19,32.167
6/7/2014 15:24,33.5
6/7/2014 15:29,33.495
6/7/2014 15:34,32.833
6/7/2014 15:39,31.819
6/7/2014 15:44,34.884
6/7/2014 15:49,32.448
6/7/2014 15:54,32.999
6/7/2014 15:59,35.473
6/7/2014 16:04,47.334
6/7/2014 16:09,72.667
6/7/2014 16:14,35.659
6/7/2014 16:19,31.999
6/7/2014 16:24,32.385
6/7/2014 16:29,33.943
6/7/2014 16:34,31.556
6/7/2014 16:39,31.67
6/7/2014 16:44,32.615
6/7/2014 16:49,32.493
6/7/2014 16:54,31.496
6/7/2014 16:59,34.537
6/7/2014 17:04,46.176
6/7/2014 17:09,81.252
6/7/2014 17:14,32.678
6/7/2014 17:19,31.448
6/7/2014 17:24,33.163
6/7/2014 17:29,33.857
6/7/2014 17:34,31.109
6/7/2014 17:39,32.714
6/7/2014 17:44,31.949
6/7/2014 17:49,31.996
6/7/2014 17:54,31.489
6/7/2014 17:59,34.675
6/7/2014 18:04,45.294
6/7/2014 18:09,73.003
6/7/2014 18:14,34.159
6/7/2014 18:19,32.005
6/7/2014 18:24,32.991
6/7/2014 18:29,34.329
6/7/2014 18:34,31.986
6/7/2014 18:39,32.383
6/7/2014 18:44,33.987
6/7/2014 18:49,33.603
6/7/2014 18:54,30.494
6/7/2014 18:59,35.96
6/7/2014 19:04,44.826
6/7/2014 19:09,79
6/7/2014 19:14,33.604
6/7/2014 19:19,33.383
6/7/2014 19:24,30.946
6/7/2014 19:29,34.138
6/7/2014 19:34,33.17
6/7/2014 19:39,33.372
6/7/2014 19:44,33.169
6/7/2014 19:49,32.328
6/7/2014 19:54,31.558
6/7/2014 19:59,35.105
6/7/2014 20:04,45.789
6/7/2014 20:09,78.782
6/7/2014 20:14,34.677
6/7/2014 20:19,33.391
6/7/2014 20:24,33.096
6/7/2014 20:29,34.557
6/7/2014 20:34,33.313
6/7/2014 20:39,31.319
6/7/2014 20:44,32.993
6/7/2014 20:49,31.782
6/7/2014 20:54,32.38
6/7/2014 20:59,34.759
6/7/2014 21:04,46.054
6/7/2014 21:09,73.333
6/7/2014 21:14,34.386
6/7/2014 21:19,33.83
6/7/2014 21:24,31.598
6/7/2014 21:29,34.5
6/7/2014 21:34,31.501
6/7/2014 21:39,31.508
6/7/2014 21:44,32.706
6/7/2014 21:49,31.893
6/7/2014 21:54,31.54
6/7/2014 21:59,34.516
6/7/2014 22:04,47.154
6/7/2014 22:09,79.5
6/7/2014 22:14,33.342
6/7/2014 22:19,32.494
6/7/2014 22:24,32.834
6/7/2014 22:29,32.829
6/7/2014 22:34,31.001
6/7/2014 22:39,32.502
6/7/2014 22:44,32.817
6/7/2014 22:49,31.835
6/7/2014 22:54,31.173
6/7/2014 22:59,34.555
6/7/2014 23:04,45.279
6/7/2014 23:09,72.615
6/7/2014 23:14,33.001
6/7/2014 23:19,32.381
6/7/2014 23:24,31.945
6/7/2014 23:29,33.999
6/7/2014 23:34,33.665
6/7/2014 23:39,32.334
6/7/2014 23:44,33.888
6/7/2014 23:49,33.299
6/7/2014 23:54,30.644
6/7/2014 23:59,33.196
6/8/2014 0:04,46.489
6/8/2014 0:09,79.615
6/8/2014 0:14,33
6/8/2014 0:19,32.668
6/8/2014 0:24,31.336
6/8/2014 0:29,34.331
6/8/2014 0:34,32.505
6/8/2014 0:39,32.503
6/8/2014 0:44,33.485
6/8/2014 0:49,32
6/8/2014 0:54,31.498
6/8/2014 0:59,35.196
6/8/2014 1:04,46.096
6/8/2014 1:09,73.333
6/8/2014 1:14,34.334
6/8/2014 1:19,32.334
6/8/2014 1:24,33.8
6/8/2014 1:29,33.846
6/8/2014 1:34,32.667
6/8/2014 1:39,31.312
6/8/2014 1:44,33.494
6/8/2014 1:49,31.822
6/8/2014 1:54,31.999
6/8/2014 1:59,35.821
6/8/2014 2:04,45.997
6/8/2014 2:09,80.167
6/8/2014 2:14,33.508
6/8/2014 2:19,32.664
6/8/2014 2:24,33.332
6/8/2014 2:29,34.72
6/8/2014 2:34,33.28
6/8/2014 2:39,32.996
6/8/2014 2:44,32.33
6/8/2014 2:49,31.554
6/8/2014 2:54,32.67
6/8/2014 2:59,34.826
6/8/2014 3:04,46.776
6/8/2014 3:09,79.107
6/8/2014 3:14,34.047
6/8/2014 3:19,33.332
6/8/2014 3:24,35.882
6/8/2014 3:29,33.334
6/8/2014 3:34,31.864
6/8/2014 3:39,36.947
6/8/2014 3:44,31.892
6/8/2014 3:49,31.951
6/8/2014 3:54,30.658
6/8/2014 3:59,35.001
6/8/2014 4:04,46.546
6/8/2014 4:09,86.333
6/8/2014 4:14,33.774
6/8/2014 4:19,31.332
6/8/2014 4:24,33.15
6/8/2014 4:29,32.425
6/8/2014 4:34,32.394
6/8/2014 4:39,33.334
6/8/2014 4:44,32.001
6/8/2014 4:49,31.666
6/8/2014 4:54,31.262
6/8/2014 4:59,34.88
6/8/2014 5:04,46.391
6/8/2014 5:09,79.615
6/8/2014 5:14,33.493
6/8/2014 5:19,33.336
6/8/2014 5:24,32.168
6/8/2014 5:29,33.052
6/8/2014 5:34,33.504
6/8/2014 5:39,31.834
6/8/2014 5:44,33.629
6/8/2014 5:49,32.001
6/8/2014 5:54,31.836
6/8/2014 5:59,33.75
6/8/2014 6:04,46.049
6/8/2014 6:09,85.833
6/8/2014 6:14,34.168
6/8/2014 6:19,31.887
6/8/2014 6:24,32.157
6/8/2014 6:29,34
6/8/2014 6:34,32.271
6/8/2014 6:39,32.656
6/8/2014 6:44,33.166
6/8/2014 6:49,32.166
6/8/2014 6:54,31.825
6/8/2014 6:59,35.22
6/8/2014 7:04,45.772
6/8/2014 7:09,79.666
6/8/2014 7:14,34.121
6/8/2014 7:19,33.17
6/8/2014 7:24,31.501
6/8/2014 7:29,34.5
6/8/2014 7:34,32.054
6/8/2014 7:39,32.33
6/8/2014 7:44,33.111
6/8/2014 7:49,32.978
6/8/2014 7:54,32.001
6/8/2014 7:59,36.519
6/8/2014 8:04,44.667
6/8/2014 8:09,86.048
6/8/2014 8:14,34.123
6/8/2014 8:19,32.001
6/8/2014 8:24,31
6/8/2014 8:29,33.33
6/8/2014 8:34,32.033
6/8/2014 8:39,31.67
6/8/2014 8:44,33.335
6/8/2014 8:49,31.616
6/8/2014 8:54,32.201
6/8/2014 8:59,35.616
6/8/2014 9:04,45.641
6/8/2014 9:09,87.053
6/8/2014 9:14,33.439
6/8/2014 9:19,31.871
6/8/2014 9:24,32.457
6/8/2014 9:29,33.334
6/8/2014 9:34,31.322
6/8/2014 9:39,31.507
6/8/2014 9:44,33.166
6/8/2014 9:49,31.596
6/8/2014 9:54,31.061
6/8/2014 9:59,34.647
6/8/2014 10:04,46.499
6/8/2014 10:09,86.666
6/8/2014 10:14,33.847
6/8/2014 10:19,32.216
6/8/2014 10:24,32.618
6/8/2014 10:29,32.907
6/8/2014 10:34,31.777
6/8/2014 10:39,32.057
6/8/2014 10:44,32.776
6/8/2014 10:49,33.486
6/8/2014 10:54,31.159
6/8/2014 10:59,34.343
6/8/2014 11:04,45.506
6/8/2014 11:09,86.334
6/8/2014 11:14,32.82
6/8/2014 11:19,32.053
6/8/2014 11:24,32.604
6/8/2014 11:29,32.546
6/8/2014 11:34,32.096
6/8/2014 11:39,32.167
6/8/2014 11:44,31.997
6/8/2014 11:49,31.666
6/8/2014 11:54,31.669
6/8/2014 11:59,34.23
6/8/2014 12:04,45.496
6/8/2014 12:09,87.107
6/8/2014 12:14,33.043
6/8/2014 12:19,31.589
6/8/2014 12:24,32.003
6/8/2014 12:29,33.5
6/8/2014 12:34,31.5
6/8/2014 12:39,32.002
6/8/2014 12:44,33.666
6/8/2014 12:49,31.827
6/8/2014 12:54,32.334
6/8/2014 12:59,34.946
6/8/2014 13:04,46.377
6/8/2014 13:09,86.115
6/8/2014 13:14,32.388
6/8/2014 13:19,32.608
6/8/2014 13:24,32.492
6/8/2014 13:29,32.551
6/8/2014 13:34,32.27
6/8/2014 13:39,30.825
6/8/2014 13:44,32.99
6/8/2014 13:49,31.984
6/8/2014 13:54,32.213
6/8/2014 13:59,34.66
6/8/2014 14:04,45.654
6/8/2014 14:09,85.834
6/8/2014 14:14,33.334
6/8/2014 14:19,31.724
6/8/2014 14:24,31.782
6/8/2014 14:29,33.809
6/8/2014 14:34,30.984
6/8/2014 14:39,32.503
6/8/2014 14:44,33.346
6/8/2014 14:49,31.278
6/8/2014 14:54,31.333
6/8/2014 14:59,35.024
6/8/2014 15:04,46.502
6/8/2014 15:09,86.5
6/8/2014 15:14,34.01
6/8/2014 15:19,31.223
6/8/2014 15:24,32.435
6/8/2014 15:29,34.861
6/8/2014 15:34,31.114
6/8/2014 15:39,31.166
6/8/2014 15:44,33.665
6/8/2014 15:49,32.385
6/8/2014 15:54,32.283
6/8/2014 15:59,34.649
6/8/2014 16:04,45.494
6/8/2014 16:09,86.115
6/8/2014 16:14,35.167
6/8/2014 16:19,31.662
6/8/2014 16:24,32.839
6/8/2014 16:29,33.313
6/8/2014 16:34,31.057
6/8/2014 16:39,31.827
6/8/2014 16:44,32.616
6/8/2014 16:49,32.142
6/8/2014 16:54,32.165
6/8/2014 16:59,34.832
6/8/2014 17:04,45.224
6/8/2014 17:09,86.448
6/8/2014 17:14,33.501
6/8/2014 17:19,32.499
6/8/2014 17:24,31.661
6/8/2014 17:29,33.038
6/8/2014 17:34,30.95
6/8/2014 17:39,31.5
6/8/2014 17:44,32.884
6/8/2014 17:49,32.289
6/8/2014 17:54,30.712
6/8/2014 17:59,35.269
6/8/2014 18:04,45.502
6/8/2014 18:09,85.37
6/8/2014 18:14,32.771
6/8/2014 18:19,31.329
6/8/2014 18:24,30.889
6/8/2014 18:29,34.13
6/8/2014 18:34,31.035
6/8/2014 18:39,31.436
6/8/2014 18:44,32.72
6/8/2014 18:49,32.105
6/8/2014 18:54,31.329
6/8/2014 18:59,35.646
6/8/2014 19:04,44.979
6/8/2014 19:09,86
6/8/2014 19:14,33.543
6/8/2014 19:19,32.271
6/8/2014 19:24,32.999
6/8/2014 19:29,32.832
6/8/2014 19:34,32.056
6/8/2014 19:39,32.169
6/8/2014 19:44,33.605
6/8/2014 19:49,31.007
6/8/2014 19:54,31.506
6/8/2014 19:59,35.678
6/8/2014 20:04,44.721
6/8/2014 20:09,87
6/8/2014 20:14,34.039
6/8/2014 20:19,32.612
6/8/2014 20:24,32.334
6/8/2014 20:29,33.669
6/8/2014 20:34,32.163
6/8/2014 20:39,32.834
6/8/2014 20:44,33.324
6/8/2014 20:49,31.108
6/8/2014 20:54,32.118
6/8/2014 20:59,34.285
6/8/2014 21:04,46.808
6/8/2014 21:09,85.667
6/8/2014 21:14,33.844
6/8/2014 21:19,31.823
6/8/2014 21:24,31.482
6/8/2014 21:29,33.001
6/8/2014 21:34,31.494
6/8/2014 21:39,31.539
6/8/2014 21:44,32.88
6/8/2014 21:49,31.207
6/8/2014 21:54,31.478
6/8/2014 21:59,34.165
6/8/2014 22:04,46.051
6/8/2014 22:09,93.167
6/8/2014 22:14,33.12
6/8/2014 22:19,32.39
6/8/2014 22:24,32.782
6/8/2014 22:29,32.343
6/8/2014 22:34,31.499
6/8/2014 22:39,31.833
6/8/2014 22:44,33.989
6/8/2014 22:49,30.002
6/8/2014 22:54,31.5
6/8/2014 22:59,35.33
6/8/2014 23:04,45.025
6/8/2014 23:09,86.057
6/8/2014 23:14,34.455
6/8/2014 23:19,32.14
6/8/2014 23:24,31.645
6/8/2014 23:29,34.318
6/8/2014 23:34,30.363
6/8/2014 23:39,32.106
6/8/2014 23:44,32.834
6/8/2014 23:49,32.44
6/8/2014 23:54,32.047
6/8/2014 23:59,32.663
6/9/2014 0:04,46.001
6/9/2014 0:09,86.666
6/9/2014 0:14,34.18
6/9/2014 0:19,31.877
6/9/2014 0:24,31.601
6/9/2014 0:29,33.494
6/9/2014 0:34,32.61
6/9/2014 0:39,31.732
6/9/2014 0:44,33.372
6/9/2014 0:49,31.831
6/9/2014 0:54,32.437
6/9/2014 0:59,35.064
6/9/2014 1:04,46.159
6/9/2014 1:09,86.167
6/9/2014 1:14,33.724
6/9/2014 1:19,32.711
6/9/2014 1:24,32.38
6/9/2014 1:29,34.498
6/9/2014 1:34,33.5
6/9/2014 1:39,31.667
6/9/2014 1:44,33.666
6/9/2014 1:49,31.713
6/9/2014 1:54,31.61
6/9/2014 1:59,35.802
6/9/2014 2:04,45.998
6/9/2014 2:09,93.167
6/9/2014 2:14,34.506
6/9/2014 2:19,32.83
6/9/2014 2:24,31.001
6/9/2014 2:29,32.886
6/9/2014 2:34,31.597
6/9/2014 2:39,31.835
6/9/2014 2:44,33.175
6/9/2014 2:49,31.495
6/9/2014 2:54,31.542
6/9/2014 2:59,36.947
6/9/2014 3:04,44.67
6/9/2014 3:09,94.667
6/9/2014 3:14,31.627
6/9/2014 3:19,36.006
6/9/2014 3:24,32.51
6/9/2014 3:29,32.314
6/9/2014 3:34,32.163
6/9/2014 3:39,30.984
6/9/2014 3:44,32.669
6/9/2014 3:49,31.06
6/9/2014 3:54,32.11
6/9/2014 3:59,35.683
6/9/2014 4:04,45.04
6/9/2014 4:09,86.448
6/9/2014 4:14,33.36
6/9/2014 4:19,31.171
6/9/2014 4:24,31.669
6/9/2014 4:29,32.62
6/9/2014 4:34,31.668
6/9/2014 4:39,32.169
6/9/2014 4:44,32.998
6/9/2014 4:49,31.164
6/9/2014 4:54,32.387
6/9/2014 4:59,34.27
6/9/2014 5:04,45.833
6/9/2014 5:09,93.22
6/9/2014 5:14,33.948
6/9/2014 5:19,33.163
6/9/2014 5:24,30.834
6/9/2014 5:29,34.334
6/9/2014 5:34,32.554
6/9/2014 5:39,32.283
6/9/2014 5:44,31.711
6/9/2014 5:49,31.672
6/9/2014 5:54,31.269
6/9/2014 5:59,34.557
6/9/2014 6:04,45.449
6/9/2014 6:09,86.115
6/9/2014 6:14,34.177
6/9/2014 6:19,32.333
6/9/2014 6:24,32.335
6/9/2014 6:29,32.366
6/9/2014 6:34,32.269
6/9/2014 6:39,30.972
6/9/2014 6:44,34.047
6/9/2014 6:49,30.776
6/9/2014 6:54,31.515
6/9/2014 6:59,35.594
6/9/2014 7:04,44.504
6/9/2014 7:09,93.167
6/9/2014 7:14,33.501
6/9/2014 7:19,32.101
6/9/2014 7:24,31.556
6/9/2014 7:29,33.055
6/9/2014 7:34,31.503
6/9/2014 7:39,31.278
6/9/2014 7:44,33.305
6/9/2014 7:49,31.166
6/9/2014 7:54,32.153
6/9/2014 7:59,34.502
6/9/2014 8:04,46.45
6/9/2014 8:09,93.833
6/9/2014 8:14,33
6/9/2014 8:19,32.495
6/9/2014 8:24,31.5
6/9/2014 8:29,34.334
6/9/2014 8:34,32.172
6/9/2014 8:39,31.833
6/9/2014 8:44,33.487
6/9/2014 8:49,30.884
6/9/2014 8:54,32.282
6/9/2014 8:59,35.438
6/9/2014 9:04,46.877
6/9/2014 9:09,93.167
6/9/2014 9:14,34.501
6/9/2014 9:19,32.167
6/9/2014 9:24,33.166
6/9/2014 9:29,31.508
6/9/2014 9:34,31.694
6/9/2014 9:39,31.947
6/9/2014 9:44,33.402
6/9/2014 9:49,32.66
6/9/2014 9:54,31.33
6/9/2014 9:59,34.648
6/9/2014 10:04,45.784
6/9/2014 10:09,93.167
6/9/2014 10:14,33.672
6/9/2014 10:19,32.333
6/9/2014 10:24,32.72
6/9/2014 10:29,33.494
6/9/2014 10:34,32.158
6/9/2014 10:39,32.629
6/9/2014 10:44,32.334
6/9/2014 10:49,31.334
6/9/2014 10:54,31.335
6/9/2014 10:59,35.162
6/9/2014 11:04,45.153
6/9/2014 11:09,93
6/9/2014 11:14,33.927
6/9/2014 11:19,32.666
6/9/2014 11:24,31.711
6/9/2014 11:29,33.936
6/9/2014 11:34,33.553
6/9/2014 11:39,31.431
6/9/2014 11:44,34.025
6/9/2014 11:49,32.281
6/9/2014 11:54,32.048
6/9/2014 11:59,35.339
6/9/2014 12:04,45.6
6/9/2014 12:09,93.39
6/9/2014 12:14,35.112
6/9/2014 12:19,32.598
6/9/2014 12:24,32.052
6/9/2014 12:29,35.318
6/9/2014 12:34,32.216
6/9/2014 12:39,32.95
6/9/2014 12:44,34.001
6/9/2014 12:49,32.667
6/9/2014 12:54,31.379
6/9/2014 12:59,35.07
6/9/2014 13:04,46.149
6/9/2014 13:09,93.333
6/9/2014 13:14,33.725
6/9/2014 13:19,32.328
6/9/2014 13:24,32.28
6/9/2014 13:29,33.481
6/9/2014 13:34,32.824
6/9/2014 13:39,31.693
6/9/2014 13:44,33.116
6/9/2014 13:49,32.864
6/9/2014 13:54,31.604
6/9/2014 13:59,35.625
6/9/2014 14:04,46.055
6/9/2014 14:09,100
6/9/2014 14:14,33.661
6/9/2014 14:19,32.172
6/9/2014 14:24,33.154
6/9/2014 14:29,32.976
6/9/2014 14:34,33.653
6/9/2014 14:39,33.167
6/9/2014 14:44,33.207
6/9/2014 14:49,32.434
6/9/2014 14:54,31.832
6/9/2014 14:59,35.482
6/9/2014 15:04,45.001
6/9/2014 15:09,93.333
6/9/2014 15:14,33.999
6/9/2014 15:19,32.663
6/9/2014 15:24,33.665
6/9/2014 15:29,33.665
6/9/2014 15:34,31.818
6/9/2014 15:39,33.147
6/9/2014 15:44,32.163
6/9/2014 15:49,31.381
6/9/2014 15:54,32.775
6/9/2014 15:59,34.019
6/9/2014 16:04,46.645
6/9/2014 16:09,100
6/9/2014 16:14,33.223
6/9/2014 16:19,32.442
6/9/2014 16:24,33.667
6/9/2014 16:29,33.991
6/9/2014 16:34,33.002
6/9/2014 16:39,31.53
6/9/2014 16:44,33.055
6/9/2014 16:49,31.795
6/9/2014 16:54,32.397
6/9/2014 16:59,34.881
6/9/2014 17:04,46.273
6/9/2014 17:09,100
6/9/2014 17:14,33.107
6/9/2014 17:19,32.212
6/9/2014 17:24,31.618
6/9/2014 17:29,33.673
6/9/2014 17:34,32.671
6/9/2014 17:39,32.481
6/9/2014 17:44,32.667
6/9/2014 17:49,31.877
6/9/2014 17:54,33.44
6/9/2014 17:59,34.987
6/9/2014 18:04,46.554
6/9/2014 18:09,100
6/9/2014 18:14,33.725
6/9/2014 18:19,31.617
6/9/2014 18:24,31.499
6/9/2014 18:29,32.935
6/9/2014 18:34,32.896
6/9/2014 18:39,30.546
6/9/2014 18:44,33.109
6/9/2014 18:49,32.441
6/9/2014 18:54,32.106
6/9/2014 18:59,35.147
6/9/2014 19:04,46.61
6/9/2014 19:09,100
6/9/2014 19:14,34.296
6/9/2014 19:19,32.148
6/9/2014 19:24,32.331
6/9/2014 19:29,32.988
6/9/2014 19:34,31.966
6/9/2014 19:39,33.326
6/9/2014 19:44,33.656
6/9/2014 19:49,34.313
6/9/2014 19:54,29.816
6/9/2014 19:59,35.46
6/9/2014 20:04,46.67
6/9/2014 20:09,100
6/9/2014 20:14,33.875
6/9/2014 20:19,32.321
6/9/2014 20:24,33.114
6/9/2014 20:29,34.21
6/9/2014 20:34,32.446
6/9/2014 20:39,31.815
6/9/2014 20:44,33.66
6/9/2014 20:49,32.667
6/9/2014 20:54,31.641
6/9/2014 20:59,37.327
6/9/2014 21:04,45.333
6/9/2014 21:09,100
6/9/2014 21:14,33.948
6/9/2014 21:19,32.158
6/9/2014 21:24,32.553
6/9/2014 21:29,34.443
6/9/2014 21:34,31.167
6/9/2014 21:39,31.997
6/9/2014 21:44,33.552
6/9/2014 21:49,32.309
6/9/2014 21:54,32.168
6/9/2014 21:59,35.337
6/9/2014 22:04,46.44
6/9/2014 22:09,100
6/9/2014 22:14,32.941
6/9/2014 22:19,31.833
6/9/2014 22:24,32.5
6/9/2014 22:29,33.982
6/9/2014 22:34,30.725
6/9/2014 22:39,31.811
6/9/2014 22:44,33.787
6/9/2014 22:49,33.674
6/9/2014 22:54,30.553
6/9/2014 22:59,35.1
6/9/2014 23:04,46.65
6/9/2014 23:09,100
6/9/2014 23:14,33.874
6/9/2014 23:19,31.779
6/9/2014 23:24,31.834
6/9/2014 23:29,32.999
6/9/2014 23:34,32.166
6/9/2014 23:39,31.221
6/9/2014 23:44,34.814
6/9/2014 23:49,32.07
6/9/2014 23:54,31.474
6/9/2014 23:59,33.274
6/10/2014 0:04,46.223
6/10/2014 0:09,100
6/10/2014 0:14,33.666
6/10/2014 0:19,32.829
6/10/2014 0:24,32.871
6/10/2014 0:29,33.668
6/10/2014 0:34,31.586
6/10/2014 0:39,32.679
6/10/2014 0:44,33.167
6/10/2014 0:49,31.361
6/10/2014 0:54,31.96
6/10/2014 0:59,34.999
6/10/2014 1:04,45.501
6/10/2014 1:09,100
6/10/2014 1:14,34.332
6/10/2014 1:19,31.336
6/10/2014 1:24,32.017
6/10/2014 1:29,33.331
6/10/2014 1:34,32.605
6/10/2014 1:39,31.169
6/10/2014 1:44,34.001
6/10/2014 1:49,31.639
6/10/2014 1:54,31.876
6/10/2014 1:59,36.359
6/10/2014 2:04,44.968
6/10/2014 2:09,100
6/10/2014 2:14,33.335
6/10/2014 2:19,31.333
6/10/2014 2:24,33.001
6/10/2014 2:29,33.167
6/10/2014 2:34,32.667
6/10/2014 2:39,31.834
6/10/2014 2:44,33.994
6/10/2014 2:49,32.204
6/10/2014 2:54,32.102
6/10/2014 2:59,35.335
6/10/2014 3:04,46.501
6/10/2014 3:09,100
6/10/2014 3:14,37.772
6/10/2014 3:19,33.719
6/10/2014 3:24,31.778
6/10/2014 3:29,34.177
6/10/2014 3:34,32.472
6/10/2014 3:39,31.211
6/10/2014 3:44,33.609
6/10/2014 3:49,35.817
6/10/2014 3:54,32.556
6/10/2014 3:59,34.967
6/10/2014 4:04,45.844
6/10/2014 4:09,100
6/10/2014 4:14,34.171
6/10/2014 4:19,31.87
6/10/2014 4:24,32.775
6/10/2014 4:29,31.486
6/10/2014 4:34,32.501
6/10/2014 4:39,31.702
6/10/2014 4:44,33.452
6/10/2014 4:49,31.053
6/10/2014 4:54,31.944
6/10/2014 4:59,35.301
6/10/2014 5:04,45.338
6/10/2014 5:09,100
6/10/2014 5:14,40.84
6/10/2014 5:19,31.21
6/10/2014 5:24,32.619
6/10/2014 5:29,33.963
6/10/2014 5:34,32.153
6/10/2014 5:39,31.496
6/10/2014 5:44,33.501
6/10/2014 5:49,31.423
6/10/2014 5:54,31.39
6/10/2014 5:59,35.219
6/10/2014 6:04,46.281
6/10/2014 6:09,100
6/10/2014 6:14,32.647
6/10/2014 6:19,32.985
6/10/2014 6:24,31.718
6/10/2014 6:29,33.108
6/10/2014 6:34,31.28
6/10/2014 6:39,33.5
6/10/2014 6:44,32.498
6/10/2014 6:49,33.489
6/10/2014 6:54,31.645
6/10/2014 6:59,34.667
6/10/2014 7:04,46.233
6/10/2014 7:09,100
6/10/2014 7:14,33.513
6/10/2014 7:19,32
6/10/2014 7:24,31.705
6/10/2014 7:29,33.347
6/10/2014 7:34,32.955
6/10/2014 7:39,31.274
6/10/2014 7:44,33.054
6/10/2014 7:49,31.605
6/10/2014 7:54,31.834
6/10/2014 7:59,34.717
6/10/2014 8:04,47.259
6/10/2014 8:09,100
6/10/2014 8:14,39.975
6/10/2014 8:19,33.93
6/10/2014 8:24,30.171
6/10/2014 8:29,32.3483
6/10/2014 8:34,31.005
6/10/2014 8:39,32.333
6/10/2014 8:44,33.016
6/10/2014 8:49,32.5
6/10/2014 8:54,31.388
6/10/2014 8:59,35.584
6/10/2014 9:04,45.225
6/10/2014 9:09,100
6/10/2014 9:14,34
6/10/2014 9:19,32.989
6/10/2014 9:24,32.499
6/10/2014 9:29,32.764
6/10/2014 9:34,33.5
6/10/2014 9:39,30.818
6/10/2014 9:44,32.501
6/10/2014 9:49,31.834
6/10/2014 9:54,31.669
6/10/2014 9:59,34.988
6/10/2014 10:04,46.16
6/10/2014 10:09,100
6/10/2014 10:14,40.039
6/10/2014 10:19,31.779
6/10/2014 10:24,32.72
6/10/2014 10:29,35.432
6/10/2014 10:34,30.49
6/10/2014 10:39,32.997
6/10/2014 10:44,32.719
6/10/2014 10:49,31.771
6/10/2014 10:54,32.167
6/10/2014 10:59,36.383
6/10/2014 11:04,46.006
6/10/2014 11:09,100
6/10/2014 11:14,34.261
6/10/2014 11:19,32.83
6/10/2014 11:24,32.158
6/10/2014 11:29,33.674
6/10/2014 11:34,31.834
6/10/2014 11:39,32.962
6/10/2014 11:44,33.001
6/10/2014 11:49,31.718
6/10/2014 11:54,32.615
6/10/2014 11:59,36.066
6/10/2014 12:04,45.934
6/10/2014 12:09,100
6/10/2014 12:14,41.329
6/10/2014 12:19,31.827
6/10/2014 12:24,32.384
6/10/2014 12:29,33.817
6/10/2014 12:34,32.334
6/10/2014 12:39,32.5
6/10/2014 12:44,33.836
6/10/2014 12:49,32.115
6/10/2014 12:54,32.668
6/10/2014 12:59,36.2
6/10/2014 13:04,46.947
6/10/2014 13:09,100
6/10/2014 13:14,40.568
6/10/2014 13:19,32.615
6/10/2014 13:24,31.501
6/10/2014 13:29,33.654
6/10/2014 13:34,32.701
6/10/2014 13:39,31.555
6/10/2014 13:44,33.928
6/10/2014 13:49,32.669
6/10/2014 13:54,31.278
6/10/2014 13:59,36.002
6/10/2014 14:04,45.171
6/10/2014 14:09,100
6/10/2014 14:14,41.49
6/10/2014 14:19,32.651
6/10/2014 14:24,31.167
6/10/2014 14:29,33.988
6/10/2014 14:34,31.825
6/10/2014 14:39,32.662
6/10/2014 14:44,33.718
6/10/2014 14:49,33.271
6/10/2014 14:54,31.489
6/10/2014 14:59,34.833
6/10/2014 15:04,46.666
6/10/2014 15:09,100
6/10/2014 15:14,41.001
6/10/2014 15:19,33.83
6/10/2014 15:24,32.165
6/10/2014 15:29,33.5
6/10/2014 15:34,32.501
6/10/2014 15:39,31.383
6/10/2014 15:44,33.62
6/10/2014 15:49,33.482
6/10/2014 15:54,31.39
6/10/2014 15:59,35.123
6/10/2014 16:04,46.833
6/10/2014 16:09,100
6/10/2014 16:14,41.28
6/10/2014 16:19,32.941
6/10/2014 16:24,31.885
6/10/2014 16:29,33.436
6/10/2014 16:34,31.843
6/10/2014 16:39,31.715
6/10/2014 16:44,32.651
6/10/2014 16:49,31.756
6/10/2014 16:54,32.339
6/10/2014 16:59,35.016
6/10/2014 17:04,45.363
6/10/2014 17:09,100
6/10/2014 17:14,40.55
6/10/2014 17:19,32.176
6/10/2014 17:24,32.099
6/10/2014 17:29,34
6/10/2014 17:34,33.834
6/10/2014 17:39,31.808
6/10/2014 17:44,33.834
6/10/2014 17:49,32.506
6/10/2014 17:54,32.666
6/10/2014 17:59,34.651
6/10/2014 18:04,46.666
6/10/2014 18:09,100
6/10/2014 18:14,40.668
6/10/2014 18:19,32.167
6/10/2014 18:24,33.001
6/10/2014 18:29,34.494
6/10/2014 18:34,31.168
6/10/2014 18:39,32.81
6/10/2014 18:44,33.345
6/10/2014 18:49,33.336
6/10/2014 18:54,31.485
6/10/2014 18:59,34.975
6/10/2014 19:04,46.666
6/10/2014 19:09,100
6/10/2014 19:14,39.989
6/10/2014 19:19,32.141
6/10/2014 19:24,32.322
6/10/2014 19:29,33.19
6/10/2014 19:34,32.278
6/10/2014 19:39,32.386
6/10/2014 19:44,33.595
6/10/2014 19:49,31.5
6/10/2014 19:54,31.833
6/10/2014 19:59,35.264
6/10/2014 20:04,45.884
6/10/2014 20:09,100
6/10/2014 20:14,41.196
6/10/2014 20:19,32.993
6/10/2014 20:24,32.199
6/10/2014 20:29,74.058
6/10/2014 20:34,100
6/10/2014 20:39,93
6/10/2014 20:44,72.948
6/10/2014 20:49,100
6/10/2014 20:54,100
6/10/2014 20:59,67.593
6/10/2014 21:04,50.4755
6/10/2014 21:09,92.9165
6/10/2014 21:14,57.032
6/10/2014 21:19,48.7205
6/10/2014 21:24,48.698
6/10/2014 21:29,34.939
6/10/2014 21:34,32.827
6/10/2014 21:39,31.391
6/10/2014 21:44,33.448
6/10/2014 21:49,32.83
6/10/2014 21:54,33.167
6/10/2014 21:59,36.311
6/10/2014 22:04,46.815
6/10/2014 22:09,100
6/10/2014 22:14,48.499
6/10/2014 22:19,33.949
6/10/2014 22:24,31.648
6/10/2014 22:29,35.012
6/10/2014 22:34,30.836
6/10/2014 22:39,32.552
6/10/2014 22:44,33.454
6/10/2014 22:49,33.668
6/10/2014 22:54,31.487
6/10/2014 22:59,35.518
6/10/2014 23:04,46.667
6/10/2014 23:09,100
6/10/2014 23:14,48.163
6/10/2014 23:19,32.879
6/10/2014 23:24,32.439
6/10/2014 23:29,33.219
6/10/2014 23:34,32.504
6/10/2014 23:39,33.609
6/10/2014 23:44,32.975
6/10/2014 23:49,31.387
6/10/2014 23:54,32.446
6/10/2014 23:59,33.8
6/11/2014 0:04,45.997
6/11/2014 0:09,100
6/11/2014 0:14,48.5
6/11/2014 0:19,32.162
6/11/2014 0:24,31.984
6/11/2014 0:29,34.5
6/11/2014 0:34,32.191
6/11/2014 0:39,31.889
6/11/2014 0:44,33.227
6/11/2014 0:49,32.168
6/11/2014 0:54,31.882
6/11/2014 0:59,36.098
6/11/2014 1:04,45.646
6/11/2014 1:09,100
6/11/2014 1:14,48.483
6/11/2014 1:19,30.812
6/11/2014 1:24,33.169
6/11/2014 1:29,34.162
6/11/2014 1:34,31.02
6/11/2014 1:39,33.946
6/11/2014 1:44,32.178
6/11/2014 1:49,32.824
6/11/2014 1:54,30.831
6/11/2014 1:59,35.167
6/11/2014 2:04,46.551
6/11/2014 2:09,100
6/11/2014 2:14,46.814
6/11/2014 2:19,33
6/11/2014 2:24,33.322
6/11/2014 2:29,34.021
6/11/2014 2:34,32.062
6/11/2014 2:39,32.505
6/11/2014 2:44,33.265
6/11/2014 2:49,32.767
6/11/2014 2:54,32.89
6/11/2014 2:59,34.639
6/11/2014 3:04,46.892
6/11/2014 3:09,100
6/11/2014 3:14,47.662
6/11/2014 3:19,33.714
6/11/2014 3:24,35.382
6/11/2014 3:29,35.173
6/11/2014 3:34,32.002
6/11/2014 3:39,36.336
6/11/2014 3:44,33.832
6/11/2014 3:49,33.991
6/11/2014 3:54,32.034
6/11/2014 3:59,35.586
6/11/2014 4:04,46.383
6/11/2014 4:09,100
6/11/2014 4:14,47.372
6/11/2014 4:19,32.502
6/11/2014 4:24,32.821
6/11/2014 4:29,33.387
6/11/2014 4:34,32.613
6/11/2014 4:39,33.21
6/11/2014 4:44,34.103
6/11/2014 4:49,32.333
6/11/2014 4:54,34.985
6/11/2014 4:59,33.708
6/11/2014 5:04,46.953
6/11/2014 5:09,100
6/11/2014 5:14,48.179
6/11/2014 5:19,31.499
6/11/2014 5:24,32.511
6/11/2014 5:29,34.164
6/11/2014 5:34,32.89
6/11/2014 5:39,31.787
6/11/2014 5:44,33.168
6/11/2014 5:49,32.313
6/11/2014 5:54,32.497
6/11/2014 5:59,34.64
6/11/2014 6:04,47.499
6/11/2014 6:09,100
6/11/2014 6:14,48.162
6/11/2014 6:19,31.996
6/11/2014 6:24,32.452
6/11/2014 6:29,34.219
6/11/2014 6:34,31.115
6/11/2014 6:39,33.168
6/11/2014 6:44,33.007
6/11/2014 6:49,32.67
6/11/2014 6:54,31.86
6/11/2014 6:59,35.129
6/11/2014 7:04,46.551
6/11/2014 7:09,100
6/11/2014 7:14,48.011
6/11/2014 7:19,31.163
6/11/2014 7:24,31.822
6/11/2014 7:29,33.33
6/11/2014 7:34,32.221
6/11/2014 7:39,32.106
6/11/2014 7:44,34.217
6/11/2014 7:49,32.59
6/11/2014 7:54,32.506
6/11/2014 7:59,35.214
6/11/2014 8:04,45.943
6/11/2014 8:09,100
6/11/2014 8:14,47.996
6/11/2014 8:19,31.995
6/11/2014 8:24,33.019
6/11/2014 8:29,33.778
6/11/2014 8:34,32.002
6/11/2014 8:39,32.168
6/11/2014 8:44,32.806
6/11/2014 8:49,33.334
6/11/2014 8:54,31.478
6/11/2014 8:59,36.495
6/11/2014 9:04,46.499
6/11/2014 9:09,100
6/11/2014 9:14,48
6/11/2014 9:19,32.66
6/11/2014 9:24,32.672
6/11/2014 9:29,33.329
6/11/2014 9:34,34.319
6/11/2014 9:39,31.725
6/11/2014 9:44,33.989
6/11/2014 9:49,32.277
6/11/2014 9:54,32.4183
6/11/2014 9:59,36.015
6/11/2014 10:04,46.719
6/11/2014 10:09,100
6/11/2014 10:14,48.165
6/11/2014 10:19,32.721
6/11/2014 10:24,33.256
6/11/2014 10:29,34.5
6/11/2014 10:34,33.141
6/11/2014 10:39,30.987
6/11/2014 10:44,34.241
6/11/2014 10:49,32.616
6/11/2014 10:54,33.001
6/11/2014 10:59,36.5
6/11/2014 11:04,46.202
6/11/2014 11:09,100
6/11/2014 11:14,47.772
6/11/2014 11:19,34.832
6/11/2014 11:24,31.981
6/11/2014 11:29,34.5
6/11/2014 11:34,33.713
6/11/2014 11:39,32.274
6/11/2014 11:44,34.549
6/11/2014 11:49,33.614
6/11/2014 11:54,30.806
6/11/2014 11:59,35.42
6/11/2014 12:04,46.276
6/11/2014 12:09,100
6/11/2014 12:14,47.255
6/11/2014 12:19,33.662
6/11/2014 12:24,31.504
6/11/2014 12:29,33.655
6/11/2014 12:34,32.334
6/11/2014 12:39,33.167
6/11/2014 12:44,33.164
6/11/2014 12:49,32.219
6/11/2014 12:54,32.659
6/11/2014 12:59,35.781
6/11/2014 13:04,46.657
6/11/2014 13:09,100
6/11/2014 13:14,54.823
6/11/2014 13:19,32.836
6/11/2014 13:24,33.166
6/11/2014 13:29,33.646
6/11/2014 13:34,32.365
6/11/2014 13:39,32.106
6/11/2014 13:44,34.163
6/11/2014 13:49,32.841
6/11/2014 13:54,32.203
6/11/2014 13:59,34.927
6/11/2014 14:04,45.998
6/11/2014 14:09,100
6/11/2014 14:14,47.29
6/11/2014 14:19,32.336
6/11/2014 14:24,33.157
6/11/2014 14:29,33.498
6/11/2014 14:34,32.433
6/11/2014 14:39,32.2617
6/11/2014 14:44,34.026
6/11/2014 14:49,63.116
6/11/2014 14:54,32.109
6/11/2014 14:59,51.168
6/11/2014 15:04,59.833
6/11/2014 15:09,92.667
6/11/2014 15:14,46.718
6/11/2014 15:19,32.25
6/11/2014 15:24,33.164
6/11/2014 15:29,33.335
6/11/2014 15:34,32.719
6/11/2014 15:39,32.651
6/11/2014 15:44,34.442
6/11/2014 15:49,32.508
6/11/2014 15:54,32.5
6/11/2014 15:59,36.834
6/11/2014 16:04,45.166
6/11/2014 16:09,66.823
6/11/2014 16:14,46.438
6/11/2014 16:19,46.878
6/11/2014 16:24,32.989
6/11/2014 16:29,34.873
6/11/2014 16:34,32.375
6/11/2014 16:39,32.87
6/11/2014 16:44,34.046
6/11/2014 16:49,33.443
6/11/2014 16:54,32.002
6/11/2014 16:59,35.286
6/11/2014 17:04,46.394
6/11/2014 17:09,67.382
6/11/2014 17:14,40.42
6/11/2014 17:19,32.656
6/11/2014 17:24,32.829
6/11/2014 17:29,65.167
6/11/2014 17:34,66.168
6/11/2014 17:39,65.835
6/11/2014 17:44,41.494
6/11/2014 17:49,31.981
6/11/2014 17:54,31.652
6/11/2014 17:59,36.047
6/11/2014 18:04,46.781
6/11/2014 18:09,66.501
6/11/2014 18:14,48.5
6/11/2014 18:19,32.66
6/11/2014 18:24,32.666
6/11/2014 18:29,34.343
6/11/2014 18:34,32.496
6/11/2014 18:39,32.499
6/11/2014 18:44,33.5
6/11/2014 18:49,32.044
6/11/2014 18:54,32.101
6/11/2014 18:59,36.052
6/11/2014 19:04,46.1
6/11/2014 19:09,67.166
6/11/2014 19:14,46.668
6/11/2014 19:19,32.369
6/11/2014 19:24,32.831
6/11/2014 19:29,33.843
6/11/2014 19:34,33.502
6/11/2014 19:39,31.49
6/11/2014 19:44,33.972
6/11/2014 19:49,32.102
6/11/2014 19:54,33.334
6/11/2014 19:59,34.389
6/11/2014 20:04,46.121
6/11/2014 20:09,66.5
6/11/2014 20:14,40.601
6/11/2014 20:19,32.499
6/11/2014 20:24,33.043
6/11/2014 20:29,32.994
6/11/2014 20:34,32.942
6/11/2014 20:39,32.544
6/11/2014 20:44,33.342
6/11/2014 20:49,33.286
6/11/2014 20:54,31.041
6/11/2014 20:59,36.302
6/11/2014 21:04,45.769
6/11/2014 21:09,66.333
6/11/2014 21:14,47.273
6/11/2014 21:19,33.058
6/11/2014 21:24,31.809
6/11/2014 21:29,74.146
6/11/2014 21:34,65.501
6/11/2014 21:39,66.666
6/11/2014 21:44,86.334
6/11/2014 21:49,66.002
6/11/2014 21:54,65.669
6/11/2014 21:59,48.333
6/11/2014 22:04,47.506
6/11/2014 22:09,72.944
6/11/2014 22:14,47.269
6/11/2014 22:19,31.983
6/11/2014 22:24,31.895
6/11/2014 22:29,34.146
6/11/2014 22:34,32.947
6/11/2014 22:39,31.335
6/11/2014 22:44,34.308
6/11/2014 22:49,31.334
6/11/2014 22:54,32.833
6/11/2014 22:59,34.344
6/11/2014 23:04,46.332
6/11/2014 23:09,66.612
6/11/2014 23:14,46.961
6/11/2014 23:19,33.165
6/11/2014 23:24,33.31
6/11/2014 23:29,32.349
6/11/2014 23:34,32.813
6/11/2014 23:39,31.653
6/11/2014 23:44,33.831
6/11/2014 23:49,32.311
6/11/2014 23:54,32.158
6/11/2014 23:59,33.99
6/12/2014 0:04,45.553
6/12/2014 0:09,66.203
6/12/2014 0:14,46.5
6/12/2014 0:19,32.054
6/12/2014 0:24,32.38
6/12/2014 0:29,33.98
6/12/2014 0:34,32.203
6/12/2014 0:39,32.147
6/12/2014 0:44,34.278
6/12/2014 0:49,32.67
6/12/2014 0:54,31.501
6/12/2014 0:59,35.884
6/12/2014 1:04,45.826
6/12/2014 1:09,73
6/12/2014 1:14,47.6
6/12/2014 1:19,32.166
6/12/2014 1:24,33.271
6/12/2014 1:29,33.207
6/12/2014 1:34,32.333
6/12/2014 1:39,32.324
6/12/2014 1:44,32.554
6/12/2014 1:49,32.77
6/12/2014 1:54,31.832
6/12/2014 1:59,35.764
6/12/2014 2:04,47.217
6/12/2014 2:09,66.77
6/12/2014 2:14,47.317
6/12/2014 2:19,32.773
6/12/2014 2:24,30.67
6/12/2014 2:29,33.583
6/12/2014 2:34,33.728
6/12/2014 2:39,30.833
6/12/2014 2:44,33.761
6/12/2014 2:49,32.554
6/12/2014 2:54,31.483
6/12/2014 2:59,36.487
6/12/2014 3:04,44.675
6/12/2014 3:09,72.996
6/12/2014 3:14,47.122
6/12/2014 3:19,31.664
6/12/2014 3:24,39.669
6/12/2014 3:29,67.29
6/12/2014 3:34,46.33
6/12/2014 3:39,31.218
6/12/2014 3:44,37.329
6/12/2014 3:49,33.12
6/12/2014 3:54,32.669
6/12/2014 3:59,36.64
6/12/2014 4:04,45.484
6/12/2014 4:09,73.659
6/12/2014 4:14,47.486
6/12/2014 4:19,31.49
6/12/2014 4:24,32.148
6/12/2014 4:29,33.713
6/12/2014 4:34,32.773
6/12/2014 4:39,32.496
6/12/2014 4:44,34.058
6/12/2014 4:49,32.092
6/12/2014 4:54,32.501
6/12/2014 4:59,36.495
6/12/2014 5:04,45.834
6/12/2014 5:09,72.338
6/12/2014 5:14,46.976
6/12/2014 5:19,33.671
6/12/2014 5:24,32.333
6/12/2014 5:29,34.833
6/12/2014 5:34,31.395
6/12/2014 5:39,33.438
6/12/2014 5:44,33
6/12/2014 5:49,33.5
6/12/2014 5:54,32.156
6/12/2014 5:59,35.361
6/12/2014 6:04,45.764
6/12/2014 6:09,73.259
6/12/2014 6:14,46.937
6/12/2014 6:19,32.836
6/12/2014 6:24,31.387
6/12/2014 6:29,33.594
6/12/2014 6:34,32.553
6/12/2014 6:39,31.457
6/12/2014 6:44,33.549
6/12/2014 6:49,32.614
6/12/2014 6:54,31.545
6/12/2014 6:59,35.445
6/12/2014 7:04,47.062
6/12/2014 7:09,72.587
6/12/2014 7:14,46.984
6/12/2014 7:19,31.462
6/12/2014 7:24,31.99
6/12/2014 7:29,33.836
6/12/2014 7:34,32.054
6/12/2014 7:39,31.95
6/12/2014 7:44,33.413
6/12/2014 7:49,32.069
6/12/2014 7:54,31.655
6/12/2014 7:59,35.756
6/12/2014 8:04,46.041
6/12/2014 8:09,74.167
6/12/2014 8:14,46.218
6/12/2014 8:19,32.27
6/12/2014 8:24,32.22
6/12/2014 8:29,34.285
6/12/2014 8:34,32.987
6/12/2014 8:39,30.819
6/12/2014 8:44,34.209
6/12/2014 8:49,32.436
6/12/2014 8:54,32.671
6/12/2014 8:59,36.166
6/12/2014 9:04,46.334
6/12/2014 9:09,73.323
6/12/2014 9:14,47.131
6/12/2014 9:19,32.546
6/12/2014 9:24,31.765
6/12/2014 9:29,33.329
6/12/2014 9:34,31.819
6/12/2014 9:39,32.716
6/12/2014 9:44,33.258
6/12/2014 9:49,32.336
6/12/2014 9:54,32.815
6/12/2014 9:59,34.623
6/12/2014 10:04,46.002
6/12/2014 10:09,73.167
6/12/2014 10:14,47.104
6/12/2014 10:19,33.331
6/12/2014 10:24,31.836
6/12/2014 10:29,34.524
6/12/2014 10:34,33.276
6/12/2014 10:39,33.214
6/12/2014 10:44,34.721
6/12/2014 10:49,32.12
6/12/2014 10:54,32.168
6/12/2014 10:59,35.6
6/12/2014 11:04,46.599
6/12/2014 11:09,73.83
6/12/2014 11:14,46.334
6/12/2014 11:19,34.167
6/12/2014 11:24,33.214
6/12/2014 11:29,34.421
6/12/2014 11:34,32.656
6/12/2014 11:39,32.391
6/12/2014 11:44,33.765
6/12/2014 11:49,32.656
6/12/2014 11:54,32.171
6/12/2014 11:59,34.97
6/12/2014 12:04,46.001
6/12/2014 12:09,73.167
6/12/2014 12:14,52.994
6/12/2014 12:19,31.663
6/12/2014 12:24,33.34
6/12/2014 12:29,32.842
6/12/2014 12:34,32.495
6/12/2014 12:39,31.999
6/12/2014 12:44,33.642
6/12/2014 12:49,32.366
6/12/2014 12:54,32.11
6/12/2014 12:59,34.665
6/12/2014 13:04,46.706
6/12/2014 13:09,73.505
6/12/2014 13:14,47.167
6/12/2014 13:19,32.663
6/12/2014 13:24,32.334
6/12/2014 13:29,34.167
6/12/2014 13:34,31.667
6/12/2014 13:39,32.337
6/12/2014 13:44,33.16
6/12/2014 13:49,32.173
6/12/2014 13:54,31.667
6/12/2014 13:59,35.333
6/12/2014 14:04,45.764
6/12/2014 14:09,72.836
6/12/2014 14:14,52.72
6/12/2014 14:19,32.111
6/12/2014 14:24,32.375
6/12/2014 14:29,33.15
6/12/2014 14:34,32.219
6/12/2014 14:39,32.892
6/12/2014 14:44,32.33
6/12/2014 14:49,32.001
6/12/2014 14:54,31.721
6/12/2014 14:59,35.127
6/12/2014 15:04,46.05
6/12/2014 15:09,73.001
6/12/2014 15:14,46.833
6/12/2014 15:19,31.927
6/12/2014 15:24,32.729
6/12/2014 15:29,33.22
6/12/2014 15:34,32.835
6/12/2014 15:39,32.147
6/12/2014 15:44,33.605
6/12/2014 15:49,31.999
6/12/2014 15:54,32.167
6/12/2014 15:59,35.868
6/12/2014 16:04,46.215
6/12/2014 16:09,73.667
6/12/2014 16:14,52.279
6/12/2014 16:19,33.167
6/12/2014 16:24,31.496
6/12/2014 16:29,34.452
6/12/2014 16:34,32.865
6/12/2014 16:39,31.658
6/12/2014 16:44,34.654
6/12/2014 16:49,32.721
6/12/2014 16:54,31.278
6/12/2014 16:59,36.018
6/12/2014 17:04,46.174
6/12/2014 17:09,80.167
6/12/2014 17:14,52.329
6/12/2014 17:19,33.055
6/12/2014 17:24,33.78
6/12/2014 17:29,34.333
6/12/2014 17:34,32.226
6/12/2014 17:39,32.937
6/12/2014 17:44,34.347
6/12/2014 17:49,32.502
6/12/2014 17:54,33.002
6/12/2014 17:59,34.888
6/12/2014 18:04,46.756
6/12/2014 18:09,73.169
6/12/2014 18:14,47.676
6/12/2014 18:19,31.989
6/12/2014 18:24,32.336
6/12/2014 18:29,33.838
6/12/2014 18:34,32.169
6/12/2014 18:39,31.834
6/12/2014 18:44,34.646
6/12/2014 18:49,30.671
6/12/2014 18:54,31.84
6/12/2014 18:59,35.554
6/12/2014 19:04,45.767
6/12/2014 19:09,72.333
6/12/2014 19:14,54.428
6/12/2014 19:19,31.509
6/12/2014 19:24,32.503
6/12/2014 19:29,33.85
6/12/2014 19:34,32.67
6/12/2014 19:39,32.334
6/12/2014 19:44,32.534
6/12/2014 19:49,31.954
6/12/2014 19:54,32.157
6/12/2014 19:59,35.333
6/12/2014 20:04,45.883
6/12/2014 20:09,73.333
6/12/2014 20:14,54.057
6/12/2014 20:19,32.612
6/12/2014 20:24,31.167
6/12/2014 20:29,33.712
6/12/2014 20:34,32.172
6/12/2014 20:39,32.21
6/12/2014 20:44,33.949
6/12/2014 20:49,32.223
6/12/2014 20:54,32.551
6/12/2014 20:59,35.884
6/12/2014 21:04,46.283
6/12/2014 21:09,73.04
6/12/2014 21:14,52.942
6/12/2014 21:19,32.663
6/12/2014 21:24,33.825
6/12/2014 21:29,33.729
6/12/2014 21:34,32.785
6/12/2014 21:39,31.647
6/12/2014 21:44,32.999
6/12/2014 21:49,32.346
6/12/2014 21:54,31.491
6/12/2014 21:59,35.306
6/12/2014 22:04,46.827
6/12/2014 22:09,73
6/12/2014 22:14,52.434
6/12/2014 22:19,32.208
6/12/2014 22:24,31.697
6/12/2014 22:29,33.462
6/12/2014 22:34,32.881
6/12/2014 22:39,31.994
6/12/2014 22:44,33.023
6/12/2014 22:49,32.579
6/12/2014 22:54,30.884
6/12/2014 22:59,35.779
6/12/2014 23:04,45.545
6/12/2014 23:09,72.446
6/12/2014 23:14,52.331
6/12/2014 23:19,32.639
6/12/2014 23:24,31.777
6/12/2014 23:29,32.734
6/12/2014 23:34,31.933
6/12/2014 23:39,32.875
6/12/2014 23:44,33.318
6/12/2014 23:49,31.981
6/12/2014 23:54,32.284
6/12/2014 23:59,33.735
6/13/2014 0:04,45.889
6/13/2014 0:09,73.336
6/13/2014 0:14,53.485
6/13/2014 0:19,31.667
6/13/2014 0:24,32.168
6/13/2014 0:29,34.834
6/13/2014 0:34,33.323
6/13/2014 0:39,30.982
6/13/2014 0:44,33.332
6/13/2014 0:49,32.219
6/13/2014 0:54,33.276
6/13/2014 0:59,35.163
6/13/2014 1:04,47.166
6/13/2014 1:09,72.946
6/13/2014 1:14,47.387
6/13/2014 1:19,33
6/13/2014 1:24,34.254
6/13/2014 1:29,33.151
6/13/2014 1:34,32.333
6/13/2014 1:39,31.829
6/13/2014 1:44,33.161
6/13/2014 1:49,31.829
6/13/2014 1:54,33.203
6/13/2014 1:59,34.473
6/13/2014 2:04,46.487
6/13/2014 2:09,73.5
6/13/2014 2:14,53.152
6/13/2014 2:19,32.714
6/13/2014 2:24,31.949
6/13/2014 2:29,33.044
6/13/2014 2:34,32.107
6/13/2014 2:39,31.75
6/13/2014 2:44,33.038
6/13/2014 2:49,32.155
6/13/2014 2:54,31.714
6/13/2014 2:59,35.281
6/13/2014 3:04,46.5
6/13/2014 3:09,74.267
6/13/2014 3:14,52.036
6/13/2014 3:19,32.38
6/13/2014 3:24,32.023
6/13/2014 3:29,47.767
6/13/2014 3:34,33.087
6/13/2014 3:39,31.379
6/13/2014 3:44,34.448
6/13/2014 3:49,32.165
6/13/2014 3:54,31.667
6/13/2014 3:59,35.513
6/13/2014 4:04,45.166
6/13/2014 4:09,75.048
6/13/2014 4:14,52.619
6/13/2014 4:19,32.656
6/13/2014 4:24,31.834
6/13/2014 4:29,33.325
6/13/2014 4:34,32.663
6/13/2014 4:39,31.391
6/13/2014 4:44,33.375
6/13/2014 4:49,33.268
6/13/2014 4:54,31.461
6/13/2014 4:59,34.27
6/13/2014 5:04,45.917
6/13/2014 5:09,79.16
6/13/2014 5:14,52.722
6/13/2014 5:19,32.446
6/13/2014 5:24,32.054
6/13/2014 5:29,34.268
6/13/2014 5:34,32.005
6/13/2014 5:39,32.056
6/13/2014 5:44,33.431
6/13/2014 5:49,31.831
6/13/2014 5:54,31.5
6/13/2014 5:59,35.867
6/13/2014 6:04,46.055
6/13/2014 6:09,73.486
6/13/2014 6:14,52.827
6/13/2014 6:19,32.158
6/13/2014 6:24,33.664
6/13/2014 6:29,32.884
6/13/2014 6:34,31.667
6/13/2014 6:39,32.11
6/13/2014 6:44,33.653
6/13/2014 6:49,32.672
6/13/2014 6:54,31.876
6/13/2014 6:59,34.783
6/13/2014 7:04,46.219
6/13/2014 7:09,73.834
6/13/2014 7:14,52.493
6/13/2014 7:19,32.383
6/13/2014 7:24,32.786
6/13/2014 7:29,32.443
6/13/2014 7:34,32.782
6/13/2014 7:39,32.772
6/13/2014 7:44,32.764
6/13/2014 7:49,32.283
6/13/2014 7:54,31.832
6/13/2014 7:59,35.309
6/13/2014 8:04,46.382
6/13/2014 8:09,79.327
6/13/2014 8:14,53.83
6/13/2014 8:19,33.614
6/13/2014 8:24,32.048
6/13/2014 8:29,34.659
6/13/2014 8:34,31.16
6/13/2014 8:39,33.281
6/13/2014 8:44,34.213
6/13/2014 8:49,32.332
6/13/2014 8:54,32.437
6/13/2014 8:59,35.55
6/13/2014 9:04,46.167
6/13/2014 9:09,80.166
6/13/2014 9:14,53.206
6/13/2014 9:19,33.278
6/13/2014 9:24,32.385
6/13/2014 9:29,34.442
6/13/2014 9:34,33.276
6/13/2014 9:39,31.183
6/13/2014 9:44,35.325
6/13/2014 9:49,31.828
6/13/2014 9:54,31.45
6/13/2014 9:59,35.39
6/13/2014 10:04,46.279
6/13/2014 10:09,80.667
6/13/2014 10:14,52.114
6/13/2014 10:19,34.881
6/13/2014 10:24,29.95
6/13/2014 10:29,34.282
6/13/2014 10:34,32.063
6/13/2014 10:39,32.209
6/13/2014 10:44,33.103
6/13/2014 10:49,32.324
6/13/2014 10:54,31.818
6/13/2014 10:59,35.166
6/13/2014 11:04,45.886
6/13/2014 11:09,79.501
6/13/2014 11:14,53.336
6/13/2014 11:19,32.453
6/13/2014 11:24,32.716
6/13/2014 11:29,33.616
6/13/2014 11:34,32.04
6/13/2014 11:39,32.103
6/13/2014 11:44,33.352
6/13/2014 11:49,31.896
6/13/2014 11:54,31.498
6/13/2014 11:59,35.447
6/13/2014 12:04,46.556
6/13/2014 12:09,80.001
6/13/2014 12:14,52.973
6/13/2014 12:19,32.167
6/13/2014 12:24,32.657
6/13/2014 12:29,34.997
6/13/2014 12:34,32.162
6/13/2014 12:39,32.997
6/13/2014 12:44,33.208
6/13/2014 12:49,32.279
6/13/2014 12:54,32.715
6/13/2014 12:59,36.228
6/13/2014 13:04,45.766
6/13/2014 13:09,79.614
6/13/2014 13:14,53.338
6/13/2014 13:19,32.058
6/13/2014 13:24,33.281
6/13/2014 13:29,34.875
6/13/2014 13:34,32.603
6/13/2014 13:39,32.001
6/13/2014 13:44,33.501
6/13/2014 13:49,31.841
6/13/2014 13:54,31.664
6/13/2014 13:59,35.138
6/13/2014 14:04,46.053
6/13/2014 14:09,79.554
6/13/2014 14:14,53.115
6/13/2014 14:19,32.499
6/13/2014 14:24,32.006
6/13/2014 14:29,33.887
6/13/2014 14:34,32.616
6/13/2014 14:39,31.657
6/13/2014 14:44,33.7
6/13/2014 14:49,31.604
6/13/2014 14:54,31.712
6/13/2014 14:59,35.115
6/13/2014 15:04,45.887
6/13/2014 15:09,79.833
6/13/2014 15:14,52.437
6/13/2014 15:19,32.718
6/13/2014 15:24,32.771
6/13/2014 15:29,33.068
6/13/2014 15:34,31.819
6/13/2014 15:39,31.781
6/13/2014 15:44,32.874
6/13/2014 15:49,33.341
6/13/2014 15:54,31.266
6/13/2014 15:59,35.408
6/13/2014 16:04,46.789
6/13/2014 16:09,78.708
6/13/2014 16:14,53.773
6/13/2014 16:19,33.222
6/13/2014 16:24,33.112
6/13/2014 16:29,34.517
6/13/2014 16:34,34.367
6/13/2014 16:39,31.287
6/13/2014 16:44,33.274
6/13/2014 16:49,31.788
6/13/2014 16:54,32.826
6/13/2014 16:59,35.593
6/13/2014 17:04,45.561
6/13/2014 17:09,80.167
6/13/2014 17:14,53.289
6/13/2014 17:19,31.008
6/13/2014 17:24,32.486
6/13/2014 17:29,33.984
6/13/2014 17:34,32.171
6/13/2014 17:39,31.211
6/13/2014 17:44,32.955
6/13/2014 17:49,31.827
6/13/2014 17:54,32.81
6/13/2014 17:59,34.484
6/13/2014 18:04,45.891
6/13/2014 18:09,79.994
6/13/2014 18:14,52.666
6/13/2014 18:19,32.5
6/13/2014 18:24,32.833
6/13/2014 18:29,33.685
6/13/2014 18:34,32.672
6/13/2014 18:39,33.706
6/13/2014 18:44,33.481
6/13/2014 18:49,30.607
6/13/2014 18:54,31.887
6/13/2014 18:59,35.122
6/13/2014 19:04,45.708
6/13/2014 19:09,80.338
6/13/2014 19:14,52.332
6/13/2014 19:19,32.333
6/13/2014 19:24,33.162
6/13/2014 19:29,34.707
6/13/2014 19:34,32.637
6/13/2014 19:39,32.784
6/13/2014 19:44,32.976
6/13/2014 19:49,32.17
6/13/2014 19:54,31.887
6/13/2014 19:59,37.154
6/13/2014 20:04,46.608
6/13/2014 20:09,80.115
6/13/2014 20:14,52.672
6/13/2014 20:19,33.338
6/13/2014 20:24,33.001
6/13/2014 20:29,33.481
6/13/2014 20:34,32.228
6/13/2014 20:39,32.613
6/13/2014 20:44,35.514
6/13/2014 20:49,31.823
6/13/2014 20:54,32.221
6/13/2014 20:59,35.462
6/13/2014 21:04,46.01
6/13/2014 21:09,79.833
6/13/2014 21:14,52.433
6/13/2014 21:19,32.398
6/13/2014 21:24,32.166
6/13/2014 21:29,34
6/13/2014 21:34,32.558
6/13/2014 21:39,32.957
6/13/2014 21:44,33.375
6/13/2014 21:49,33.283
6/13/2014 21:54,31.731
6/13/2014 21:59,35.816
6/13/2014 22:04,45.66
6/13/2014 22:09,78.666
6/13/2014 22:14,52.667
6/13/2014 22:19,32.056
6/13/2014 22:24,32.117
6/13/2014 22:29,33.333
6/13/2014 22:34,32.715
6/13/2014 22:39,33.11
6/13/2014 22:44,32.5
6/13/2014 22:49,32.063
6/13/2014 22:54,32.084
6/13/2014 22:59,35.124
6/13/2014 23:04,45.543
6/13/2014 23:09,79.324
6/13/2014 23:14,52.668
6/13/2014 23:19,32.539
6/13/2014 23:24,32.446
6/13/2014 23:29,33.547
6/13/2014 23:34,32.618
6/13/2014 23:39,32.662
6/13/2014 23:44,34.061
6/13/2014 23:49,32.101
6/13/2014 23:54,33.171
6/13/2014 23:59,33.406
6/14/2014 0:04,46.103
6/14/2014 0:09,79.999
6/14/2014 0:14,52.834
6/14/2014 0:19,33
6/14/2014 0:24,33.665
6/14/2014 0:29,33.564
6/14/2014 0:34,32.279
6/14/2014 0:39,32.488
6/14/2014 0:44,33.819
6/14/2014 0:49,31.38
6/14/2014 0:54,32.289
6/14/2014 0:59,34.81
6/14/2014 1:04,46.663
6/14/2014 1:09,79.166
6/14/2014 1:14,52.712
6/14/2014 1:19,32.931
6/14/2014 1:24,32.158
6/14/2014 1:29,34.042
6/14/2014 1:34,32.756
6/14/2014 1:39,31.99
6/14/2014 1:44,33.222
6/14/2014 1:49,32.342
6/14/2014 1:54,32.099
6/14/2014 1:59,35.706
6/14/2014 2:04,45.632
6/14/2014 2:09,79.502
6/14/2014 2:14,53.664
6/14/2014 2:19,31.664
6/14/2014 2:24,31.666
6/14/2014 2:29,33.666
6/14/2014 2:34,32.501
6/14/2014 2:39,31.724
6/14/2014 2:44,34.613
6/14/2014 2:49,31.169
6/14/2014 2:54,33.008
6/14/2014 2:59,60.9152
6/14/2014 3:04,39.219
6/14/2014 3:09,91.4587
6/14/2014 3:14,79.886
6/14/2014 3:19,59.498
6/14/2014 3:24,66.443
6/14/2014 3:29,48.382
6/14/2014 3:34,39.451
6/14/2014 3:39,50.166
6/14/2014 3:44,57.933
6/14/2014 3:49,48.166
6/14/2014 3:54,32.32
6/14/2014 3:59,35.863
6/14/2014 4:04,45.818
6/14/2014 4:09,66.667
6/14/2014 4:14,53.161
6/14/2014 4:19,32.445
6/14/2014 4:24,32.83
6/14/2014 4:29,32.863
6/14/2014 4:34,32.396
6/14/2014 4:39,32.891
6/14/2014 4:44,32.819
6/14/2014 4:49,45.722
6/14/2014 4:54,32.999
6/14/2014 4:59,34.948
6/14/2014 5:04,46.22
6/14/2014 5:09,66.667
6/14/2014 5:14,52.167
6/14/2014 5:19,32.5
6/14/2014 5:24,33.339
6/14/2014 5:29,34.674
6/14/2014 5:34,31.139
6/14/2014 5:39,32.44
6/14/2014 5:44,33.728
6/14/2014 5:49,31.712
6/14/2014 5:54,32.152
6/14/2014 5:59,35.949
6/14/2014 6:04,47.166
6/14/2014 6:09,66.666
6/14/2014 6:14,53.219
6/14/2014 6:19,33.004
6/14/2014 6:24,32.981
6/14/2014 6:29,33.162
6/14/2014 6:34,32.673
6/14/2014 6:39,33.119
6/14/2014 6:44,33.777
6/14/2014 6:49,32.499
6/14/2014 6:54,33.144
6/14/2014 6:59,35.23
6/14/2014 7:04,46.942
6/14/2014 7:09,67.334
6/14/2014 7:14,52.479
6/14/2014 7:19,32.834
6/14/2014 7:24,31.666
6/14/2014 7:29,33.67
6/14/2014 7:34,32.485
6/14/2014 7:39,32.946
6/14/2014 7:44,35.003
6/14/2014 7:49,31.911
6/14/2014 7:54,33.427
6/14/2014 7:59,35.774
6/14/2014 8:04,45.365
6/14/2014 8:09,65.998
6/14/2014 8:14,53.388
6/14/2014 8:19,32.612
6/14/2014 8:24,32.537
6/14/2014 8:29,33.148
6/14/2014 8:34,31.772
6/14/2014 8:39,33.334
6/14/2014 8:44,33.839
6/14/2014 8:49,31.811
6/14/2014 8:54,31.925
6/14/2014 8:59,35.232
6/14/2014 9:04,45.657
6/14/2014 9:09,65.884
6/14/2014 9:14,53.335
6/14/2014 9:19,31.838
6/14/2014 9:24,32.604
6/14/2014 9:29,33.708
6/14/2014 9:34,31.751
6/14/2014 9:39,32.378
6/14/2014 9:44,34.444
6/14/2014 9:49,31.999
6/14/2014 9:54,32.49
6/14/2014 9:59,35.966
6/14/2014 10:04,46.817
6/14/2014 10:09,65.373
6/14/2014 10:14,53.979
6/14/2014 10:19,32.613
6/14/2014 10:24,32.493
6/14/2014 10:29,33.65
6/14/2014 10:34,31.22
6/14/2014 10:39,33.284
6/14/2014 10:44,32.5
6/14/2014 10:49,32.001
6/14/2014 10:54,31.726
6/14/2014 10:59,35.174
6/14/2014 11:04,46.946
6/14/2014 11:09,65.666
6/14/2014 11:14,53.717
6/14/2014 11:19,31.928
6/14/2014 11:24,32
6/14/2014 11:29,33.502
6/14/2014 11:34,32.667
6/14/2014 11:39,30.889
6/14/2014 11:44,33.129
6/14/2014 11:49,32.715
6/14/2014 11:54,32.281
6/14/2014 11:59,35.213
6/14/2014 12:04,47.425
6/14/2014 12:09,67.163
6/14/2014 12:14,52.799
6/14/2014 12:19,33.231
6/14/2014 12:24,31.772
6/14/2014 12:29,33.602
6/14/2014 12:34,31.898
6/14/2014 12:39,33.335
6/14/2014 12:44,32.832
6/14/2014 12:49,31.312
6/14/2014 12:54,32.665
6/14/2014 12:59,36.318
6/14/2014 13:04,46.385
6/14/2014 13:09,66.167
6/14/2014 13:14,52.334
6/14/2014 13:19,31.998
6/14/2014 13:24,32.661
6/14/2014 13:29,34.354
6/14/2014 13:34,33.282
6/14/2014 13:39,31.822
6/14/2014 13:44,35.332
6/14/2014 13:49,31.335
6/14/2014 13:54,33.5
6/14/2014 13:59,34.688
6/14/2014 14:04,47.5
6/14/2014 14:09,66.612
6/14/2014 14:14,52.218
6/14/2014 14:19,32.285
6/14/2014 14:24,33.541
6/14/2014 14:29,33.616
6/14/2014 14:34,31.057
6/14/2014 14:39,33.61
6/14/2014 14:44,33.887
6/14/2014 14:49,31.797
6/14/2014 14:54,33.003
6/14/2014 14:59,34.483
6/14/2014 15:04,47.023
6/14/2014 15:09,67.274
6/14/2014 15:14,53.494
6/14/2014 15:19,31.953
6/14/2014 15:24,33.168
6/14/2014 15:29,34.325
6/14/2014 15:34,32.332
6/14/2014 15:39,31.898
6/14/2014 15:44,33.441
6/14/2014 15:49,32.166
6/14/2014 15:54,32.053
6/14/2014 15:59,34.765
6/14/2014 16:04,45.668
6/14/2014 16:09,66.333
6/14/2014 16:14,52.999
6/14/2014 16:19,32.502
6/14/2014 16:24,32.667
6/14/2014 16:29,33.172
6/14/2014 16:34,31.665
6/14/2014 16:39,33.164
6/14/2014 16:44,33.344
6/14/2014 16:49,32.84
6/14/2014 16:54,31.39
6/14/2014 16:59,35.154
6/14/2014 17:04,46.156
6/14/2014 17:09,66.332
6/14/2014 17:14,53.386
6/14/2014 17:19,31.768
6/14/2014 17:24,33.334
6/14/2014 17:29,32.003
6/14/2014 17:34,31.99
6/14/2014 17:39,31.531
6/14/2014 17:44,34.115
6/14/2014 17:49,31.999
6/14/2014 17:54,32.172
6/14/2014 17:59,35.5
6/14/2014 18:04,45.666
6/14/2014 18:09,68.893
6/14/2014 18:14,53.113
6/14/2014 18:19,32.674
6/14/2014 18:24,31.99
6/14/2014 18:29,33.729
6/14/2014 18:34,31.953
6/14/2014 18:39,32.833
6/14/2014 18:44,33.037
6/14/2014 18:49,32.326
6/14/2014 18:54,30.954
6/14/2014 18:59,35.002
6/14/2014 19:04,46.503
6/14/2014 19:09,66.447
6/14/2014 19:14,53.164
6/14/2014 19:19,33.055
6/14/2014 19:24,33.6
6/14/2014 19:29,33.21
6/14/2014 19:34,33.173
6/14/2014 19:39,32.272
6/14/2014 19:44,33.88
6/14/2014 19:49,32.276
6/14/2014 19:54,33.528
6/14/2014 19:59,72.934
6/14/2014 20:04,79.887
6/14/2014 20:09,82.0993
6/14/2014 20:14,46.995
6/14/2014 20:19,59.386
6/14/2014 20:24,77.0767
6/14/2014 20:29,47.03
6/14/2014 20:34,52.28
6/14/2014 20:39,77.334
6/14/2014 20:44,46.324
6/14/2014 20:49,65.501
6/14/2014 20:54,66.034
6/14/2014 20:59,62.267
6/14/2014 21:04,52.838
6/14/2014 21:09,38.547
6/14/2014 21:14,38.553
6/14/2014 21:19,44.732
6/14/2014 21:24,29.718
6/14/2014 21:29,31.829
6/14/2014 21:34,29.999
6/14/2014 21:39,31.161
6/14/2014 21:44,31.155
6/14/2014 21:49,30.825
6/14/2014 21:54,30.112
6/14/2014 21:59,34.23
6/14/2014 22:04,43.53
6/14/2014 22:09,36.712
6/14/2014 22:14,31.326
6/14/2014 22:19,30.118
6/14/2014 22:24,30.548
6/14/2014 22:29,32.115
6/14/2014 22:34,30.04
6/14/2014 22:39,30.783
6/14/2014 22:44,31.263
6/14/2014 22:49,30.451
6/14/2014 22:54,29.76
6/14/2014 22:59,32.713
6/14/2014 23:04,44.619
6/14/2014 23:09,44.166
6/14/2014 23:14,31.995
6/14/2014 23:19,31.448
6/14/2014 23:24,29.601
6/14/2014 23:29,32.057
6/14/2014 23:34,29.546
6/14/2014 23:39,29.787
6/14/2014 23:44,31.214
6/14/2014 23:49,30.119
6/14/2014 23:54,29.714
6/14/2014 23:59,32.437
6/15/2014 0:04,44.668
6/15/2014 0:09,45.49
6/15/2014 0:14,31.662
6/15/2014 0:19,30.287
6/15/2014 0:24,30.501
6/15/2014 0:29,31.495
6/15/2014 0:34,29.666
6/15/2014 0:39,29.88
6/15/2014 0:44,30.945
6/15/2014 0:49,29.714
6/15/2014 0:54,30.665
6/15/2014 0:59,32.455
6/15/2014 1:04,43.998
6/15/2014 1:09,38.84
6/15/2014 1:14,31.331
6/15/2014 1:19,29.998
6/15/2014 1:24,30.047
6/15/2014 1:29,31.455
6/15/2014 1:34,29.931
6/15/2014 1:39,30.115
6/15/2014 1:44,30.951
6/15/2014 1:49,30.166
6/15/2014 1:54,30.88
6/15/2014 1:59,31.937
6/15/2014 2:04,44.387
6/15/2014 2:09,44.201
6/15/2014 2:14,31.955
6/15/2014 2:19,29.826
6/15/2014 2:24,29.883
6/15/2014 2:29,30.967
6/15/2014 2:34,30.477
6/15/2014 2:39,29.666
6/15/2014 2:44,31.192
6/15/2014 2:49,30.617
6/15/2014 2:54,29.95
6/15/2014 2:59,34.006
6/15/2014 3:04,43.363
6/15/2014 3:09,39.663
6/15/2014 3:14,30.832
6/15/2014 3:19,30.617
6/15/2014 3:24,29.667
6/15/2014 3:29,35.259
6/15/2014 3:34,31.284
6/15/2014 3:39,34.333
6/15/2014 3:44,31
6/15/2014 3:49,29.833
6/15/2014 3:54,29.881
6/15/2014 3:59,33.104
6/15/2014 4:04,44.051
6/15/2014 4:09,38.784
6/15/2014 4:14,30.096
6/15/2014 4:19,30.427
6/15/2014 4:24,30.125
6/15/2014 4:29,31.883
6/15/2014 4:34,29.84
6/15/2014 4:39,30.828
6/15/2014 4:44,30.5
6/15/2014 4:49,29.832
6/15/2014 4:54,29.999
6/15/2014 4:59,32.69
6/15/2014 5:04,44.732
6/15/2014 5:09,44.167
6/15/2014 5:14,31.374
6/15/2014 5:19,30.289
6/15/2014 5:24,29.997
6/15/2014 5:29,31.88
6/15/2014 5:34,29.44
6/15/2014 5:39,30.827
6/15/2014 5:44,30.711
6/15/2014 5:49,30.996
6/15/2014 5:54,29.933
6/15/2014 5:59,32.136
6/15/2014 6:04,44.713
6/15/2014 6:09,45.332
6/15/2014 6:14,31.944
6/15/2014 6:19,29.382
6/15/2014 6:24,29.779
6/15/2014 6:29,31.495
6/15/2014 6:34,30.607
6/15/2014 6:39,29.381
6/15/2014 6:44,31.998
6/15/2014 6:49,29.833
6/15/2014 6:54,30.334
6/15/2014 6:59,32.843
6/15/2014 7:04,44.282
6/15/2014 7:09,44.501
6/15/2014 7:14,31.778
6/15/2014 7:19,29.88
6/15/2014 7:24,30.999
6/15/2014 7:29,30.451
6/15/2014 7:34,30.722
6/15/2014 7:39,29.72
6/15/2014 7:44,31.281
6/15/2014 7:49,30.289
6/15/2014 7:54,29.547
6/15/2014 7:59,32.663
6/15/2014 8:04,44.838
6/15/2014 8:09,44.453
6/15/2014 8:14,32.067
6/15/2014 8:19,30.953
6/15/2014 8:24,28.716
6/15/2014 8:29,32.332
6/15/2014 8:34,29.452
6/15/2014 8:39,30.214
6/15/2014 8:44,31.099
6/15/2014 8:49,31.047
6/15/2014 8:54,29.003
6/15/2014 8:59,32.855
6/15/2014 9:04,44.166
6/15/2014 9:09,45.167
6/15/2014 9:14,31.842
6/15/2014 9:19,30.152
6/15/2014 9:24,30.329
6/15/2014 9:29,31.538
6/15/2014 9:34,30.171
6/15/2014 9:39,29.902
6/15/2014 9:44,31.383
6/15/2014 9:49,29.834
6/15/2014 9:54,29.813
6/15/2014 9:59,33.481
6/15/2014 10:04,44.281
6/15/2014 10:09,44.959
6/15/2014 10:14,31.218
6/15/2014 10:19,30.286
6/15/2014 10:24,30.213
6/15/2014 10:29,31.18
6/15/2014 10:34,30.026
6/15/2014 10:39,29.57
6/15/2014 10:44,31.215
6/15/2014 10:49,30.196
6/15/2014 10:54,30.289
6/15/2014 10:59,34.335
6/15/2014 11:04,43.165
6/15/2014 11:09,37.728
6/15/2014 11:14,31.22
6/15/2014 11:19,30.283
6/15/2014 11:24,30.167
6/15/2014 11:29,30.833
6/15/2014 11:34,29.836
6/15/2014 11:39,30.501
6/15/2014 11:44,31.123
6/15/2014 11:49,30.102
6/15/2014 11:54,30.003
6/15/2014 11:59,33.447
6/15/2014 12:04,43.997
6/15/2014 12:09,44.787
6/15/2014 12:14,31.045
6/15/2014 12:19,30.485
6/15/2014 12:24,28.999
6/15/2014 12:29,32.452
6/15/2014 12:34,30.824
6/15/2014 12:39,29.721
6/15/2014 12:44,31.776
6/15/2014 12:49,29.536
6/15/2014 12:54,30.832
6/15/2014 12:59,32
6/15/2014 13:04,44.114
6/15/2014 13:09,38.335
6/15/2014 13:14,31.715
6/15/2014 13:19,29.772
6/15/2014 13:24,31.218
6/15/2014 13:29,32.311
6/15/2014 13:34,28.981
6/15/2014 13:39,30.164
6/15/2014 13:44,31.332
6/15/2014 13:49,29.786
6/15/2014 13:54,30.264
6/15/2014 13:59,33.402
6/15/2014 14:04,44.058
6/15/2014 14:09,44.995
6/15/2014 14:14,31.648
6/15/2014 14:19,30.159
6/15/2014 14:24,31.12
6/15/2014 14:29,31.166
6/15/2014 14:34,29.879
6/15/2014 14:39,30.503
6/15/2014 14:44,30.998
6/15/2014 14:49,30.328
6/15/2014 14:54,29.28
6/15/2014 14:59,33.832
6/15/2014 15:04,44.667
6/15/2014 15:09,44.807
6/15/2014 15:14,31.777
6/15/2014 15:19,30.45
6/15/2014 15:24,30
6/15/2014 15:29,31.276
6/15/2014 15:34,30.119
6/15/2014 15:39,30.454
6/15/2014 15:44,30.434
6/15/2014 15:49,30.325
6/15/2014 15:54,29.941
6/15/2014 15:59,33.054
6/15/2014 16:04,44.652
6/15/2014 16:09,45.064
6/15/2014 16:14,31.456
6/15/2014 16:19,29.548
6/15/2014 16:24,30.001
6/15/2014 16:29,31.498
6/15/2014 16:34,30.786
6/15/2014 16:39,29.872
6/15/2014 16:44,31.334
6/15/2014 16:49,30.94
6/15/2014 16:54,29.216
6/15/2014 16:59,33.166
6/15/2014 17:04,44.499
6/15/2014 17:09,44.621
6/15/2014 17:14,31.163
6/15/2014 17:19,30.888
6/15/2014 17:24,29.166
6/15/2014 17:29,31.836
6/15/2014 17:34,30.165
6/15/2014 17:39,29.833
6/15/2014 17:44,31.56
6/15/2014 17:49,29.746
6/15/2014 17:54,29.714
6/15/2014 17:59,32.817
6/15/2014 18:04,45.495
6/15/2014 18:09,44.611
6/15/2014 18:14,32.107
6/15/2014 18:19,29.714
6/15/2014 18:24,30.165
6/15/2014 18:29,31.287
6/15/2014 18:34,30.21
6/15/2014 18:39,29.961
6/15/2014 18:44,31.878
6/15/2014 18:49,30.122
6/15/2014 18:54,29.835
6/15/2014 18:59,33.179
6/15/2014 19:04,45.501
6/15/2014 19:09,45.167
6/15/2014 19:14,32.279
6/15/2014 19:19,29.217
6/15/2014 19:24,29.453
6/15/2014 19:29,31.556
6/15/2014 19:34,29.787
6/15/2014 19:39,30.156
6/15/2014 19:44,31.202
6/15/2014 19:49,30.498
6/15/2014 19:54,29.673
6/15/2014 19:59,32.624
6/15/2014 20:04,45.047
6/15/2014 20:09,45.047
6/15/2014 20:14,31.777
6/15/2014 20:19,30.053
6/15/2014 20:24,30.17
6/15/2014 20:29,32.166
6/15/2014 20:34,29.474
6/15/2014 20:39,31.122
6/15/2014 20:44,30.715
6/15/2014 20:49,30.276
6/15/2014 20:54,30.168
6/15/2014 20:59,33.092
6/15/2014 21:04,44.399
6/15/2014 21:09,44
6/15/2014 21:14,31.345
6/15/2014 21:19,31
6/15/2014 21:24,29.84
6/15/2014 21:29,31.33
6/15/2014 21:34,29.787
6/15/2014 21:39,31.382
6/15/2014 21:44,30.12
6/15/2014 21:49,30.719
6/15/2014 21:54,29.783
6/15/2014 21:59,32.728
6/15/2014 22:04,44.328
6/15/2014 22:09,45.047
6/15/2014 22:14,31.111
6/15/2014 22:19,31.812
6/15/2014 22:24,30.381
6/15/2014 22:29,31.666
6/15/2014 22:34,30.294
6/15/2014 22:39,29.679
6/15/2014 22:44,31.508
6/15/2014 22:49,29.833
6/15/2014 22:54,30.384
6/15/2014 22:59,32.665
6/15/2014 23:04,45.065
6/15/2014 23:09,51.499
6/15/2014 23:14,31.34
6/15/2014 23:19,30.998
6/15/2014 23:24,29.167
6/15/2014 23:29,31.621
6/15/2014 23:34,31.337
6/15/2014 23:39,28.832
6/15/2014 23:44,32.211
6/15/2014 23:49,30.283
6/15/2014 23:54,30.266
6/15/2014 23:59,32.43
6/16/2014 0:04,44.122
6/16/2014 0:09,45.382
6/16/2014 0:14,31.282
6/16/2014 0:19,30.6
6/16/2014 0:24,30.451
6/16/2014 0:29,31.5
6/16/2014 0:34,31.165
6/16/2014 0:39,29.74
6/16/2014 0:44,30.566
6/16/2014 0:49,29.949
6/16/2014 0:54,30.714
6/16/2014 0:59,33.499
6/16/2014 1:04,44.999
6/16/2014 1:09,51.714
6/16/2014 1:14,30.666
6/16/2014 1:19,30.668
6/16/2014 1:24,31.006
6/16/2014 1:29,31.498
6/16/2014 1:34,30.5
6/16/2014 1:39,30.29
6/16/2014 1:44,31.233
6/16/2014 1:49,30.118
6/16/2014 1:54,30.547
6/16/2014 1:59,33.027
6/16/2014 2:04,44.333
6/16/2014 2:09,45.719
6/16/2014 2:14,30.769
6/16/2014 2:19,31.108
6/16/2014 2:24,30.28
6/16/2014 2:29,31.83
6/16/2014 2:34,30.454
6/16/2014 2:39,30.044
6/16/2014 2:44,31.12
6/16/2014 2:49,30.548
6/16/2014 2:54,30
6/16/2014 2:59,32.841
6/16/2014 3:04,44.953
6/16/2014 3:09,37.719
6/16/2014 3:14,32.274
6/16/2014 3:19,33.211
6/16/2014 3:24,30.951
6/16/2014 3:29,31.837
6/16/2014 3:34,30.1
6/16/2014 3:39,30.735
6/16/2014 3:44,31.045
6/16/2014 3:49,33.838
6/16/2014 3:54,30.325
6/16/2014 3:59,32.185
6/16/2014 4:04,44.121
6/16/2014 4:09,51.714
6/16/2014 4:14,31.177
6/16/2014 4:19,30.368
6/16/2014 4:24,30.282
6/16/2014 4:29,31.333
6/16/2014 4:34,30.043
6/16/2014 4:39,30.108
6/16/2014 4:44,31.335
6/16/2014 4:49,30.325
6/16/2014 4:54,30.621
6/16/2014 4:59,33.072
6/16/2014 5:04,44.833
6/16/2014 5:09,47.195
6/16/2014 5:14,31.786
6/16/2014 5:19,31.166
6/16/2014 5:24,29.206
6/16/2014 5:29,31.947
6/16/2014 5:34,29.365
6/16/2014 5:39,30
6/16/2014 5:44,31.734
6/16/2014 5:49,29.882
6/16/2014 5:54,30.093
6/16/2014 5:59,33.29
6/16/2014 6:04,45.113
6/16/2014 6:09,50.926
6/16/2014 6:14,31.546
6/16/2014 6:19,30.832
6/16/2014 6:24,29.051
6/16/2014 6:29,31.668
6/16/2014 6:34,30.33
6/16/2014 6:39,30.667
6/16/2014 6:44,31.322
6/16/2014 6:49,30.501
6/16/2014 6:54,29.301
6/16/2014 6:59,33.176
6/16/2014 7:04,44.495
6/16/2014 7:09,51.711
6/16/2014 7:14,31.786
6/16/2014 7:19,30.172
6/16/2014 7:24,30.379
6/16/2014 7:29,31.16
6/16/2014 7:34,30.166
6/16/2014 7:39,30.454
6/16/2014 7:44,31.381
6/16/2014 7:49,30.885
6/16/2014 7:54,29.213
6/16/2014 7:59,33.503
6/16/2014 8:04,44.393
6/16/2014 8:09,51.166
6/16/2014 8:14,30.953
6/16/2014 8:19,30.714
6/16/2014 8:24,29.666
6/16/2014 8:29,31.12
6/16/2014 8:34,30.38
6/16/2014 8:39,30.331
6/16/2014 8:44,31.18
6/16/2014 8:49,30.287
6/16/2014 8:54,29.879
6/16/2014 8:59,32.847
6/16/2014 9:04,44.499
6/16/2014 9:09,51.614
6/16/2014 9:14,31.447
6/16/2014 9:19,30.671
6/16/2014 9:24,30.337
6/16/2014 9:29,32.209
6/16/2014 9:34,29.426
6/16/2014 9:39,30.341
6/16/2014 9:44,31.214
6/16/2014 9:49,29.628
6/16/2014 9:54,30.001
6/16/2014 9:59,33.439
6/16/2014 10:04,44.233
6/16/2014 10:09,51.666
6/16/2014 10:14,31.454
6/16/2014 10:19,31.381
6/16/2014 10:24,29.619
6/16/2014 10:29,31.555
6/16/2014 10:34,29.835
6/16/2014 10:39,30.821
6/16/2014 10:44,30.616
6/16/2014 10:49,30.058
6/16/2014 10:54,29.786
6/16/2014 10:59,33.058
6/16/2014 11:04,44.827
6/16/2014 11:09,51.615
6/16/2014 11:14,31.389
6/16/2014 11:19,30.497
6/16/2014 11:24,29.661
6/16/2014 11:29,31.667
6/16/2014 11:34,30.622
6/16/2014 11:39,29.893
6/16/2014 11:44,31.494
6/16/2014 11:49,29.879
6/16/2014 11:54,30.947
6/16/2014 11:59,31.837
6/16/2014 12:04,44.617
6/16/2014 12:09,57.381
6/16/2014 12:14,31.786
6/16/2014 12:19,30.548
6/16/2014 12:24,29.653
6/16/2014 12:29,31.17
6/16/2014 12:34,31.166
6/16/2014 12:39,29.665
6/16/2014 12:44,31.51
6/16/2014 12:49,30.324
6/16/2014 12:54,30.668
6/16/2014 12:59,32.127
6/16/2014 13:04,45.166
6/16/2014 13:09,51.5
6/16/2014 13:14,31.331
6/16/2014 13:19,30.284
6/16/2014 13:24,29.879
6/16/2014 13:29,31.673
6/16/2014 13:34,31.173
6/16/2014 13:39,31.671
6/16/2014 13:44,31.791
6/16/2014 13:49,29.878
6/16/2014 13:54,29.784
6/16/2014 13:59,33.497
6/16/2014 14:04,43.541
6/16/2014 14:09,58.055
6/16/2014 14:14,31.422
6/16/2014 14:19,31.666
6/16/2014 14:24,29.464
6/16/2014 14:29,32.102
6/16/2014 14:34,31.285
6/16/2014 14:39,29.492
6/16/2014 14:44,30.322
6/16/2014 14:49,30.173
6/16/2014 14:54,29.455
6/16/2014 14:59,33.333
6/16/2014 15:04,44.213
6/16/2014 15:09,52.165
6/16/2014 15:14,30.766
6/16/2014 15:19,31.38
6/16/2014 15:24,30.284
6/16/2014 15:29,31.494
6/16/2014 15:34,29.934
6/16/2014 15:39,29.781
6/16/2014 15:44,31.463
6/16/2014 15:49,30.552
6/16/2014 15:54,29.789
6/16/2014 15:59,33.553
6/16/2014 16:04,43.78
6/16/2014 16:09,52.513
6/16/2014 16:14,31.517
6/16/2014 16:19,30.67
6/16/2014 16:24,29.953
6/16/2014 16:29,30.697
6/16/2014 16:34,30.151
6/16/2014 16:39,29.955
6/16/2014 16:44,31.226
6/16/2014 16:49,29.833
6/16/2014 16:54,29.619
6/16/2014 16:59,34.166
6/16/2014 17:04,44.384
6/16/2014 17:09,58.503
6/16/2014 17:14,31.628
6/16/2014 17:19,31.377
6/16/2014 17:24,28.835
6/16/2014 17:29,31.989
6/16/2014 17:34,30.498
6/16/2014 17:39,31.167
6/16/2014 17:44,31.786
6/16/2014 17:49,30.89
6/16/2014 17:54,29.788
6/16/2014 17:59,33.884
6/16/2014 18:04,43.666
6/16/2014 18:09,57.831
6/16/2014 18:14,31.328
6/16/2014 18:19,30.672
6/16/2014 18:24,31.995
6/16/2014 18:29,30.787
6/16/2014 18:34,30.823
6/16/2014 18:39,29.882
6/16/2014 18:44,31.678
6/16/2014 18:49,30.545
6/16/2014 18:54,30.229
6/16/2014 18:59,33.684
6/16/2014 19:04,43.999
6/16/2014 19:09,59.002
6/16/2014 19:14,31.83
6/16/2014 19:19,30.541
6/16/2014 19:24,30.237
6/16/2014 19:29,31.601
6/16/2014 19:34,30.27
6/16/2014 19:39,30.49
6/16/2014 19:44,31.153
6/16/2014 19:49,30.128
6/16/2014 19:54,31.387
6/16/2014 19:59,31.776
6/16/2014 20:04,46.148
6/16/2014 20:09,57.665
6/16/2014 20:14,31.665
6/16/2014 20:19,30.499
6/16/2014 20:24,29.62
6/16/2014 20:29,31.388
6/16/2014 20:34,30.675
6/16/2014 20:39,30.999
6/16/2014 20:44,30.999
6/16/2014 20:49,30.608
6/16/2014 20:54,29.336
6/16/2014 20:59,33.12
6/16/2014 21:04,44.381
6/16/2014 21:09,58.499
6/16/2014 21:14,32.174
6/16/2014 21:19,30.663
6/16/2014 21:24,29.622
6/16/2014 21:29,31.553
6/16/2014 21:34,29.83
6/16/2014 21:39,30.496
6/16/2014 21:44,30.985
6/16/2014 21:49,30.66
6/16/2014 21:54,29.658
6/16/2014 21:59,34.076
6/16/2014 22:04,43.666
6/16/2014 22:09,59.622
6/16/2014 22:14,31.664
6/16/2014 22:19,30.55
6/16/2014 22:24,29.458
6/16/2014 22:29,31.219
6/16/2014 22:34,30.995
6/16/2014 22:39,29.316
6/16/2014 22:44,31.784
6/16/2014 22:49,29.925
6/16/2014 22:54,30.614
6/16/2014 22:59,31.857
6/16/2014 23:04,44.171
6/16/2014 23:09,59.773
6/16/2014 23:14,30.419
6/16/2014 23:19,29.573
6/16/2014 23:24,30.218
6/16/2014 23:29,32.226
6/16/2014 23:34,30.393
6/16/2014 23:39,30.214
6/16/2014 23:44,31.604
6/16/2014 23:49,30.22
6/16/2014 23:54,29.383
6/16/2014 23:59,32.279
6/17/2014 0:04,44.543
6/17/2014 0:09,57.784
6/17/2014 0:14,31.666
6/17/2014 0:19,30.383
6/17/2014 0:24,30.171
6/17/2014 0:29,31.496
6/17/2014 0:34,30.331
6/17/2014 0:39,30.165
6/17/2014 0:44,31.166
6/17/2014 0:49,30.668
6/17/2014 0:54,29.88
6/17/2014 0:59,33.235
6/17/2014 1:04,44.668
6/17/2014 1:09,58.785
6/17/2014 1:14,32.332
6/17/2014 1:19,29.713
6/17/2014 1:24,31.167
6/17/2014 1:29,31.322
6/17/2014 1:34,29.287
6/17/2014 1:39,31.394
6/17/2014 1:44,30.332
6/17/2014 1:49,29.999
6/17/2014 1:54,30.663
6/17/2014 1:59,32.975
6/17/2014 2:04,44.339
6/17/2014 2:09,58.676
6/17/2014 2:14,31.162
6/17/2014 2:19,31.498
6/17/2014 2:24,30.165
6/17/2014 2:29,31.283
6/17/2014 2:34,30.54
6/17/2014 2:39,29.833
6/17/2014 2:44,31.275
6/17/2014 2:49,30.052
6/17/2014 2:54,30.166
6/17/2014 2:59,33.355
6/17/2014 3:04,44.006
6/17/2014 3:09,58.82
6/17/2014 3:14,34.935
6/17/2014 3:19,30.938
6/17/2014 3:24,31.107
6/17/2014 3:29,31.166
6/17/2014 3:34,30.498
6/17/2014 3:39,30.287
6/17/2014 3:44,35.046
6/17/2014 3:49,30.834
6/17/2014 3:54,29.833
6/17/2014 3:59,32.623
6/17/2014 4:04,44.714
6/17/2014 4:09,58.06
6/17/2014 4:14,33
6/17/2014 4:19,29.529
6/17/2014 4:24,31.259
6/17/2014 4:29,30.755
6/17/2014 4:34,29.885
6/17/2014 4:39,30.434
6/17/2014 4:44,31.427
6/17/2014 4:49,29.845
6/17/2014 4:54,30.557
6/17/2014 4:59,33.127
6/17/2014 5:04,44.179
6/17/2014 5:09,59.167
6/17/2014 5:14,31.12
6/17/2014 5:19,30.712
6/17/2014 5:24,29.674
6/17/2014 5:29,31.788
6/17/2014 5:34,30.164
6/17/2014 5:39,30.547
6/17/2014 5:44,31.002
6/17/2014 5:49,30.145
6/17/2014 5:54,29.999
6/17/2014 5:59,32.971
6/17/2014 6:04,43.953
6/17/2014 6:09,43.842
6/17/2014 6:14,31.476
6/17/2014 6:19,30.88
6/17/2014 6:24,30.166
6/17/2014 6:29,31.266
6/17/2014 6:34,30.38
6/17/2014 6:39,30.168
6/17/2014 6:44,31.501
6/17/2014 6:49,30.11
6/17/2014 6:54,30.49
6/17/2014 6:59,33.103
6/17/2014 7:04,43.935
6/17/2014 7:09,58.833
6/17/2014 7:14,30.62
6/17/2014 7:19,30.333
6/17/2014 7:24,30.214
6/17/2014 7:29,31.164
6/17/2014 7:34,30.621
6/17/2014 7:39,29.88
6/17/2014 7:44,31.834
6/17/2014 7:49,30.175
6/17/2014 7:54,29.833
6/17/2014 7:59,33.832
6/17/2014 8:04,43.834
6/17/2014 8:09,64.453
6/17/2014 8:14,31.027
6/17/2014 8:19,30.289
6/17/2014 8:24,29.927
6/17/2014 8:29,31.424
6/17/2014 8:34,30.345
6/17/2014 8:39,30.315
6/17/2014 8:44,31.23
6/17/2014 8:49,30.237
6/17/2014 8:54,30.043
6/17/2014 8:59,33.006
6/17/2014 9:04,44.121
6/17/2014 9:09,64.881
6/17/2014 9:14,31.172
6/17/2014 9:19,30.277
6/17/2014 9:24,31.55
6/17/2014 9:29,30.122
6/17/2014 9:34,29.758
6/17/2014 9:39,29.928
6/17/2014 9:44,31.166
6/17/2014 9:49,30.456
6/17/2014 9:54,29.715
6/17/2014 9:59,33.666
6/17/2014 10:04,43.828
6/17/2014 10:09,58.45
6/17/2014 10:14,31.664
6/17/2014 10:19,30.392
6/17/2014 10:24,29.984
6/17/2014 10:29,31.311
6/17/2014 10:34,30.167
6/17/2014 10:39,30.445
6/17/2014 10:44,30.671
6/17/2014 10:49,30.044
6/17/2014 10:54,30.121
6/17/2014 10:59,33.053
6/17/2014 11:04,44.666
6/17/2014 11:09,59
6/17/2014 11:14,31.105
6/17/2014 11:19,30.085
6/17/2014 11:24,29.905
6/17/2014 11:29,31.825
6/17/2014 11:34,30.199
6/17/2014 11:39,29.941
6/17/2014 11:44,31.717
6/17/2014 11:49,30.121
6/17/2014 11:54,30.166
6/17/2014 11:59,33.984
6/17/2014 12:04,45.047
6/17/2014 12:09,64.953
6/17/2014 12:14,31.313
6/17/2014 12:19,30.711
6/17/2014 12:24,29.45
6/17/2014 12:29,31.667
6/17/2014 12:34,30.049
6/17/2014 12:39,31.759
6/17/2014 12:44,30.179
6/17/2014 12:49,29.879
6/17/2014 12:54,30.445
6/17/2014 12:59,32.834
6/17/2014 13:04,44.88
6/17/2014 13:09,62.374
6/17/2014 13:14,32.397
6/17/2014 13:19,29.383
6/17/2014 13:24,30.657
6/17/2014 13:29,31.664
6/17/2014 13:34,29.997
6/17/2014 13:39,30.442
6/17/2014 13:44,32.046
6/17/2014 13:49,30.22
6/17/2014 13:54,30.277
6/17/2014 13:59,33.013
6/17/2014 14:04,44.621
6/17/2014 14:09,65.332
6/17/2014 14:14,32.492
6/17/2014 14:19,30.72
6/17/2014 14:24,31.218
6/17/2014 14:29,30.889
6/17/2014 14:34,30.122
6/17/2014 14:39,30.214
6/17/2014 14:44,31.499
6/17/2014 14:49,30.337
6/17/2014 14:54,31
6/17/2014 14:59,32.925
6/17/2014 15:04,44.773
6/17/2014 15:09,51.451
6/17/2014 15:14,31.553
6/17/2014 15:19,30.54
6/17/2014 15:24,29.929
6/17/2014 15:29,31.315
6/17/2014 15:34,30.68
6/17/2014 15:39,30.334
6/17/2014 15:44,31.313
6/17/2014 15:49,30.837
6/17/2014 15:54,30.487
6/17/2014 15:59,33.185
6/17/2014 16:04,44.666
6/17/2014 16:09,64.834
6/17/2014 16:14,31.552
6/17/2014 16:19,30.614
6/17/2014 16:24,30.501
6/17/2014 16:29,33.621
6/17/2014 16:34,29.211
6/17/2014 16:39,30.499
6/17/2014 16:44,31.611
6/17/2014 16:49,30.375
6/17/2014 16:54,31.453
6/17/2014 16:59,32.548
6/17/2014 17:04,44.944
6/17/2014 17:09,64.782
6/17/2014 17:14,32.86
6/17/2014 17:19,28.953
6/17/2014 17:24,29.997
6/17/2014 17:29,31.874
6/17/2014 17:34,30.121
6/17/2014 17:39,30.717
6/17/2014 17:44,30.781
6/17/2014 17:49,31.035
6/17/2014 17:54,30.445
6/17/2014 17:59,32.667
6/17/2014 18:04,44.546
6/17/2014 18:09,61.332
6/17/2014 18:14,31.883
6/17/2014 18:19,31.289
6/17/2014 18:24,30.38
6/17/2014 18:29,31.832
6/17/2014 18:34,31.319
6/17/2014 18:39,29.498
6/17/2014 18:44,31.441
6/17/2014 18:49,29.88
6/17/2014 18:54,30.448
6/17/2014 18:59,33.509
6/17/2014 19:04,43.292
6/17/2014 19:09,65.051
6/17/2014 19:14,32.324
6/17/2014 19:19,30.786
6/17/2014 19:24,30.86
6/17/2014 19:29,31.39
6/17/2014 19:34,30.71
6/17/2014 19:39,29.878
6/17/2014 19:44,31.315
6/17/2014 19:49,30.492
6/17/2014 19:54,29.716
6/17/2014 19:59,33.207
6/17/2014 20:04,44.38
6/17/2014 20:09,72.214
6/17/2014 20:14,32.669
6/17/2014 20:19,28.621
6/17/2014 20:24,30.254
6/17/2014 20:29,31.76
6/17/2014 20:34,30.956
6/17/2014 20:39,30.552
6/17/2014 20:44,32.953
6/17/2014 20:49,29.214
6/17/2014 20:54,30.287
6/17/2014 20:59,33.096
6/17/2014 21:04,44.374
6/17/2014 21:09,64.883
6/17/2014 21:14,32.465
6/17/2014 21:19,30.214
6/17/2014 21:24,31.162
6/17/2014 21:29,31.779
6/17/2014 21:34,30.881
6/17/2014 21:39,31.332
6/17/2014 21:44,30.454
6/17/2014 21:49,30.379
6/17/2014 21:54,30.125
6/17/2014 21:59,33.974
6/17/2014 22:04,44.047
6/17/2014 22:09,72.62
6/17/2014 22:14,31.208
6/17/2014 22:19,31.158
6/17/2014 22:24,29.995
6/17/2014 22:29,32.001
6/17/2014 22:34,31.12
6/17/2014 22:39,30.209
6/17/2014 22:44,31.664
6/17/2014 22:49,30.998
6/17/2014 22:54,29.344
6/17/2014 22:59,33.396
6/17/2014 23:04,45.284
6/17/2014 23:09,65.833
6/17/2014 23:14,31.775
6/17/2014 23:19,30.711
6/17/2014 23:24,29.996
6/17/2014 23:29,31.663
6/17/2014 23:34,30.5
6/17/2014 23:39,29.951
6/17/2014 23:44,31.725
6/17/2014 23:49,30.455
6/17/2014 23:54,30.099
6/17/2014 23:59,32.954
6/18/2014 0:04,44.161
6/18/2014 0:09,72.79
6/18/2014 0:14,31.051
6/18/2014 0:19,31
6/18/2014 0:24,31.702
6/18/2014 0:29,31.417
6/18/2014 0:34,30.619
6/18/2014 0:39,30.044
6/18/2014 0:44,31.493
6/18/2014 0:49,30.331
6/18/2014 0:54,30.501
6/18/2014 0:59,33.499
6/18/2014 1:04,44.545
6/18/2014 1:09,64.955
6/18/2014 1:14,31.843
6/18/2014 1:19,30.926
6/18/2014 1:24,30.057
6/18/2014 1:29,32.388
6/18/2014 1:34,29.603
6/18/2014 1:39,30.374
6/18/2014 1:44,31.499
6/18/2014 1:49,30.786
6/18/2014 1:54,30.216
6/18/2014 1:59,33.313
6/18/2014 2:04,44.668
6/18/2014 2:09,72.334
6/18/2014 2:14,31.121
6/18/2014 2:19,30.165
6/18/2014 2:24,30.495
6/18/2014 2:29,32.377
6/18/2014 2:34,30.333
6/18/2014 2:39,29.619
6/18/2014 2:44,31.262
6/18/2014 2:49,31.403
6/18/2014 2:54,29.057
6/18/2014 2:59,33.333
6/18/2014 3:04,48.666
6/18/2014 3:09,71.714
6/18/2014 3:14,37.066
6/18/2014 3:19,30.212
6/18/2014 3:24,30.834
6/18/2014 3:29,31.957
6/18/2014 3:34,30.046
6/18/2014 3:39,30.453
6/18/2014 3:44,31.597
6/18/2014 3:49,30.479
6/18/2014 3:54,30.373
6/18/2014 3:59,34.334
6/18/2014 4:04,44.143
6/18/2014 4:09,46.219
6/18/2014 4:14,31.498
6/18/2014 4:19,29.83
6/18/2014 4:24,29.991
6/18/2014 4:29,31.95
6/18/2014 4:34,29.876
6/18/2014 4:39,30.672
6/18/2014 4:44,31.619
6/18/2014 4:49,30.415
6/18/2014 4:54,29.961
6/18/2014 4:59,33.454
6/18/2014 5:04,45.87
6/18/2014 5:09,72.12
6/18/2014 5:14,30.858
6/18/2014 5:19,30.487
6/18/2014 5:24,29.95
6/18/2014 5:29,31.045
6/18/2014 5:34,30.954
6/18/2014 5:39,29.38
6/18/2014 5:44,73.284
6/18/2014 5:49,93
6/18/2014 5:54,49.666
6/18/2014 5:59,72.722
6/18/2014 6:04,100
6/18/2014 6:09,72.333
6/18/2014 6:14,31.332
6/18/2014 6:19,30.337
6/18/2014 6:24,30.541
6/18/2014 6:29,32.436
6/18/2014 6:34,29.547
6/18/2014 6:39,30.45
6/18/2014 6:44,32.086
6/18/2014 6:49,30.231
6/18/2014 6:54,30.598
6/18/2014 6:59,33.232
6/18/2014 7:04,44.664
6/18/2014 7:09,52.154
6/18/2014 7:14,31.179
6/18/2014 7:19,30.214
6/18/2014 7:24,30.238
6/18/2014 7:29,31.666
6/18/2014 7:34,29.881
6/18/2014 7:39,30.482
6/18/2014 7:44,31.454
6/18/2014 7:49,30.373
6/18/2014 7:54,29.454
6/18/2014 7:59,33.241
6/18/2014 8:04,44.442
6/18/2014 8:09,71.999
6/18/2014 8:14,30.955
6/18/2014 8:19,30.936
6/18/2014 8:24,29.94
6/18/2014 8:29,31.657
6/18/2014 8:34,30.668
6/18/2014 8:39,29.82
6/18/2014 8:44,32.17
6/18/2014 8:49,28.674
6/18/2014 8:54,29.866
6/18/2014 8:59,32.946
6/18/2014 9:04,44.335
6/18/2014 9:09,57.884
6/18/2014 9:14,31.058
6/18/2014 9:19,30.432
6/18/2014 9:24,30.282
6/18/2014 9:29,31.151
6/18/2014 9:34,30.331
6/18/2014 9:39,30.002
6/18/2014 9:44,31.847
6/18/2014 9:49,30.179
6/18/2014 9:54,29.455
6/18/2014 9:59,33.883
6/18/2014 10:04,44.052
6/18/2014 10:09,52.5
6/18/2014 10:14,31.332
6/18/2014 10:19,30.035
6/18/2014 10:24,30.067
6/18/2014 10:29,31.043
6/18/2014 10:34,29.961
6/18/2014 10:39,30.268
6/18/2014 10:44,30.989
6/18/2014 10:49,30.232
6/18/2014 10:54,30.548
6/18/2014 10:59,32.832
6/18/2014 11:04,45
6/18/2014 11:09,70.832
6/18/2014 11:14,31.544
6/18/2014 11:19,30.821
6/18/2014 11:24,29.49
6/18/2014 11:29,31.617
6/18/2014 11:34,29.933
6/18/2014 11:39,30.249
6/18/2014 11:44,31.997
6/18/2014 11:49,29.504
6/18/2014 11:54,30.716
6/18/2014 11:59,33.616
6/18/2014 12:04,43.214
6/18/2014 12:09,71.453
6/18/2014 12:14,31.51
6/18/2014 12:19,30.95
6/18/2014 12:24,29.987
6/18/2014 12:29,31.41
6/18/2014 12:34,30.786
6/18/2014 12:39,29.832
6/18/2014 12:44,30.779
6/18/2014 12:49,29.707
6/18/2014 12:54,30.5
6/18/2014 12:59,32.284
6/18/2014 13:04,44.338
6/18/2014 13:09,78.999
6/18/2014 13:14,32.052
6/18/2014 13:19,30.168
6/18/2014 13:24,29.504
6/18/2014 13:29,31.824
6/18/2014 13:34,30.172
6/18/2014 13:39,29.978
6/18/2014 13:44,31.27
6/18/2014 13:49,29.715
6/18/2014 13:54,30.332
6/18/2014 13:59,33.999
6/18/2014 14:04,43.833
6/18/2014 14:09,71.953
6/18/2014 14:14,31.547
6/18/2014 14:19,30.18
6/18/2014 14:24,30.991
6/18/2014 14:29,30.485
6/18/2014 14:34,30.282
6/18/2014 14:39,29.881
6/18/2014 14:44,31.1
6/18/2014 14:49,31.38
6/18/2014 14:54,29.176
6/18/2014 14:59,33.38
6/18/2014 15:04,44.44
6/18/2014 15:09,79.215
6/18/2014 15:14,31.843
6/18/2014 15:19,29.954
6/18/2014 15:24,30.717
6/18/2014 15:29,31.986
6/18/2014 15:34,28.794
6/18/2014 15:39,30.202
6/18/2014 15:44,31.286
6/18/2014 15:49,30.548
6/18/2014 15:54,31.167
6/18/2014 15:59,31.949
6/18/2014 16:04,44.969
6/18/2014 16:09,51.217
6/18/2014 16:14,31.495
6/18/2014 16:19,30.167
6/18/2014 16:24,30.499
6/18/2014 16:29,30.773
6/18/2014 16:34,30.053
6/18/2014 16:39,30.326
6/18/2014 16:44,31.453
6/18/2014 16:49,30.388
6/18/2014 16:54,29.658
6/18/2014 16:59,32.501
6/18/2014 17:04,44.999
6/18/2014 17:09,78.547
6/18/2014 17:14,31.767
6/18/2014 17:19,30.622
6/18/2014 17:24,30.381
6/18/2014 17:29,32.173
6/18/2014 17:34,29.956
6/18/2014 17:39,30.548
6/18/2014 17:44,31.122
6/18/2014 17:49,30.87
6/18/2014 17:54,29.16
6/18/2014 17:59,32.707
6/18/2014 18:04,44.728
6/18/2014 18:09,51.665
6/18/2014 18:14,31.381
6/18/2014 18:19,30.124
6/18/2014 18:24,29.932
6/18/2014 18:29,31.94
6/18/2014 18:34,30.121
6/18/2014 18:39,30.881
6/18/2014 18:44,31.5
6/18/2014 18:49,29.878
6/18/2014 18:54,30.57
6/18/2014 18:59,33.326
6/18/2014 19:04,45.715
6/18/2014 19:09,79.123
6/18/2014 19:14,31.217
6/18/2014 19:19,29.834
6/18/2014 19:24,30.661
6/18/2014 19:29,31.293
6/18/2014 19:34,29.881
6/18/2014 19:39,30
6/18/2014 19:44,31.1
6/18/2014 19:49,31
6/18/2014 19:54,29.574
6/18/2014 19:59,34.188
6/18/2014 20:04,43.707
6/18/2014 20:09,72.437
6/18/2014 20:14,30.901
6/18/2014 20:19,30.381
6/18/2014 20:24,30.001
6/18/2014 20:29,32.494
6/18/2014 20:34,29.453
6/18/2014 20:39,31.378
6/18/2014 20:44,31
6/18/2014 20:49,30.15
6/18/2014 20:54,30.174
6/18/2014 20:59,33.27
6/18/2014 21:04,44.666
6/18/2014 21:09,79
6/18/2014 21:14,31.384
6/18/2014 21:19,30.56
6/18/2014 21:24,31.049
6/18/2014 21:29,31.047
6/18/2014 21:34,31.149
6/18/2014 21:39,29.435
6/18/2014 21:44,30.887
6/18/2014 21:49,30.528
6/18/2014 21:54,30.167
6/18/2014 21:59,32.997
6/18/2014 22:04,44.566
6/18/2014 22:09,78.715
6/18/2014 22:14,31.946
6/18/2014 22:19,30.834
6/18/2014 22:24,30.494
6/18/2014 22:29,31.48
6/18/2014 22:34,31.16
6/18/2014 22:39,30.389
6/18/2014 22:44,30.953
6/18/2014 22:49,30.384
6/18/2014 22:54,30.768
6/18/2014 22:59,32.014
6/18/2014 23:04,44.704
6/18/2014 23:09,78.787
6/18/2014 23:14,33.388
6/18/2014 23:19,28.788
6/18/2014 23:24,30.215
6/18/2014 23:29,31.18
6/18/2014 23:34,30.219
6/18/2014 23:39,29.897
6/18/2014 23:44,31.333
6/18/2014 23:49,30.431
6/18/2014 23:54,29.623
6/18/2014 23:59,32.646
6/19/2014 0:04,43.999
6/19/2014 0:09,79.051
6/19/2014 0:14,32.447
6/19/2014 0:19,29.214
6/19/2014 0:24,30.499
6/19/2014 0:29,32.173
6/19/2014 0:34,30.171
6/19/2014 0:39,29.838
6/19/2014 0:44,31.334
6/19/2014 0:49,30
6/19/2014 0:54,29.952
6/19/2014 0:59,33.909
6/19/2014 1:04,45.333
6/19/2014 1:09,57.781
6/19/2014 1:14,31.599
6/19/2014 1:19,30.944
6/19/2014 1:24,29.113
6/19/2014 1:29,32.657
6/19/2014 1:34,29.501
6/19/2014 1:39,30.501
6/19/2014 1:44,31.496
6/19/2014 1:49,30.826
6/19/2014 1:54,29.79
6/19/2014 1:59,33.38
6/19/2014 2:04,44.834
6/19/2014 2:09,78.833
6/19/2014 2:14,32.035
6/19/2014 2:19,30.459
6/19/2014 2:24,30.214
6/19/2014 2:29,31.284
6/19/2014 2:34,29.881
6/19/2014 2:39,30.003
6/19/2014 2:44,31.121
6/19/2014 2:49,30.383
6/19/2014 2:54,30.668
6/19/2014 2:59,32.165
6/19/2014 3:04,44.836
6/19/2014 3:09,59.336
6/19/2014 3:14,31.548
6/19/2014 3:19,31.169
6/19/2014 3:24,29.481
6/19/2014 3:29,35.621
6/19/2014 3:34,30.319
6/19/2014 3:39,30.169
6/19/2014 3:44,35.661
6/19/2014 3:49,29.166
6/19/2014 3:54,29.868
6/19/2014 3:59,32.96
6/19/2014 4:04,44.832
6/19/2014 4:09,52.789
6/19/2014 4:14,31.662
6/19/2014 4:19,30.88
6/19/2014 4:24,29.166
6/19/2014 4:29,31.279
6/19/2014 4:34,30.213
6/19/2014 4:39,30.12
6/19/2014 4:44,31.369
6/19/2014 4:49,30.281
6/19/2014 4:54,29.879
6/19/2014 4:59,34.187
6/19/2014 5:04,43.666
6/19/2014 5:09,78.717
6/19/2014 5:14,31.608
6/19/2014 5:19,31.33
6/19/2014 5:24,29.832
6/19/2014 5:29,31.114
6/19/2014 5:34,30.203
6/19/2014 5:39,30.5
6/19/2014 5:44,31.046
6/19/2014 5:49,30.116
6/19/2014 5:54,30.102
6/19/2014 5:59,33.342
6/19/2014 6:04,44.381
6/19/2014 6:09,86
6/19/2014 6:14,31.287
6/19/2014 6:19,30.881
6/19/2014 6:24,31.482
6/19/2014 6:29,30.301
6/19/2014 6:34,30.785
6/19/2014 6:39,30.547
6/19/2014 6:44,31.62
6/19/2014 6:49,29.923
6/19/2014 6:54,29.901
6/19/2014 6:59,33.381
6/19/2014 7:04,44.334
6/19/2014 7:09,51.985
6/19/2014 7:14,31.499
6/19/2014 7:19,30.499
6/19/2014 7:24,29.815
6/19/2014 7:29,31.779
6/19/2014 7:34,29.876
6/19/2014 7:39,30.008
6/19/2014 7:44,31.67
6/19/2014 7:49,30.049
6/19/2014 7:54,29.901
6/19/2014 7:59,33.046
6/19/2014 8:04,44.499
6/19/2014 8:09,85.833
6/19/2014 8:14,30.833
6/19/2014 8:19,30.118
6/19/2014 8:24,30.378
6/19/2014 8:29,31.619
6/19/2014 8:34,30.55
6/19/2014 8:39,30.287
6/19/2014 8:44,31.168
6/19/2014 8:49,29.997
6/19/2014 8:54,30.213
6/19/2014 8:59,33.332
6/19/2014 9:04,44.166
6/19/2014 9:09,59.443
6/19/2014 9:14,31.5
6/19/2014 9:19,30.665
6/19/2014 9:24,29.282
6/19/2014 9:29,31.714
6/19/2014 9:34,29.993
6/19/2014 9:39,30.123
6/19/2014 9:44,31.046
6/19/2014 9:49,30.332
6/19/2014 9:54,30.286
6/19/2014 9:59,33.872
6/19/2014 10:04,43.881
6/19/2014 10:09,57.953
6/19/2014 10:14,31.465
6/19/2014 10:19,30.053
6/19/2014 10:24,29.699
6/19/2014 10:29,31.442
6/19/2014 10:34,30.122
6/19/2014 10:39,30.166
6/19/2014 10:44,31.712
6/19/2014 10:49,29.944
6/19/2014 10:54,30.09
6/19/2014 10:59,33.328
6/19/2014 11:04,44.232
6/19/2014 11:09,78.999
6/19/2014 11:14,31.336
6/19/2014 11:19,30.451
6/19/2014 11:24,31.046
6/19/2014 11:29,30.552
6/19/2014 11:34,30.039
6/19/2014 11:39,30.377
6/19/2014 11:44,30.49
6/19/2014 11:49,30.166
6/19/2014 11:54,29.99
6/19/2014 11:59,33.5
6/19/2014 12:04,44.5
6/19/2014 12:09,85.545
6/19/2014 12:14,31.616
6/19/2014 12:19,30.326
6/19/2014 12:24,29.51
6/19/2014 12:29,31.67
6/19/2014 12:34,30.49
6/19/2014 12:39,30.959
6/19/2014 12:44,30.713
6/19/2014 12:49,30.334
6/19/2014 12:54,30.166
6/19/2014 12:59,32.586
6/19/2014 13:04,44.38
6/19/2014 13:09,85.833
6/19/2014 13:14,30.999
6/19/2014 13:19,30.001
6/19/2014 13:24,29.835
6/19/2014 13:29,31.464
6/19/2014 13:34,31.171
6/19/2014 13:39,29.213
6/19/2014 13:44,31.5
6/19/2014 13:49,29.268
6/19/2014 13:54,31.365
6/19/2014 13:59,31.867
6/19/2014 14:04,44.447
6/19/2014 14:09,79.333
6/19/2014 14:14,31.71
6/19/2014 14:19,30.787
6/19/2014 14:24,29.875
6/19/2014 14:29,31.61
6/19/2014 14:34,30.555
6/19/2014 14:39,29.332
6/19/2014 14:44,31.169
6/19/2014 14:49,30.174
6/19/2014 14:54,30.455
6/19/2014 14:59,33.169
6/19/2014 15:04,44.334
6/19/2014 15:09,87
6/19/2014 15:14,30.213
6/19/2014 15:19,29.997
6/19/2014 15:24,30.627
6/19/2014 15:29,30.889
6/19/2014 15:34,30.114
6/19/2014 15:39,29.998
6/19/2014 15:44,31.333
6/19/2014 15:49,31.697
6/19/2014 15:54,28.833
6/19/2014 15:59,32.852
6/19/2014 16:04,45.332
6/19/2014 16:09,52.445
6/19/2014 16:14,30.791
6/19/2014 16:19,30.713
6/19/2014 16:24,29.622
6/19/2014 16:29,32.22
6/19/2014 16:34,29.334
6/19/2014 16:39,29.655
6/19/2014 16:44,31.335
6/19/2014 16:49,31.281
6/19/2014 16:54,28.88
6/19/2014 16:59,34
6/19/2014 17:04,43.286
6/19/2014 17:09,86
6/19/2014 17:14,31.167
6/19/2014 17:19,30.121
6/19/2014 17:24,30.665
6/19/2014 17:29,31.558
6/19/2014 17:34,30.953
6/19/2014 17:39,29.215
6/19/2014 17:44,31.663
6/19/2014 17:49,30.283
6/19/2014 17:54,29.834
6/19/2014 17:59,32.648
6/19/2014 18:04,44.666
6/19/2014 18:09,86
6/19/2014 18:14,31.77
6/19/2014 18:19,30.338
6/19/2014 18:24,31.546
6/19/2014 18:29,31.962
6/19/2014 18:34,29.534
6/19/2014 18:39,29.666
6/19/2014 18:44,31.317
6/19/2014 18:49,29.999
6/19/2014 18:54,29.948
6/19/2014 18:59,34.035
6/19/2014 19:04,44.166
6/19/2014 19:09,57.79
6/19/2014 19:14,31.389
6/19/2014 19:19,30.954
6/19/2014 19:24,30.379
6/19/2014 19:29,31.785
6/19/2014 19:34,30.435
6/19/2014 19:39,30.446
6/19/2014 19:44,31.166
6/19/2014 19:49,30.167
6/19/2014 19:54,29.452
6/19/2014 19:59,33.047
6/19/2014 20:04,44.454
6/19/2014 20:09,59.846
6/19/2014 20:14,31.668
6/19/2014 20:19,31.495
6/19/2014 20:24,28.834
6/19/2014 20:29,31.674
6/19/2014 20:34,29.62
6/19/2014 20:39,30.548
6/19/2014 20:44,31.869
6/19/2014 20:49,30.609
6/19/2014 20:54,30.049
6/19/2014 20:59,33.231
6/19/2014 21:04,44.878
6/19/2014 21:09,58
6/19/2014 21:14,30.832
6/19/2014 21:19,30.503
6/19/2014 21:24,30.16
6/19/2014 21:29,31.5
6/19/2014 21:34,30.119
6/19/2014 21:39,29.758
6/19/2014 21:44,31.235
6/19/2014 21:49,30.499
6/19/2014 21:54,30.213
6/19/2014 21:59,32.819
6/19/2014 22:04,45.168
6/19/2014 22:09,86
6/19/2014 22:14,31.62
6/19/2014 22:19,30.502
6/19/2014 22:24,30.6
6/19/2014 22:29,32.109
6/19/2014 22:34,30.169
6/19/2014 22:39,30.167
6/19/2014 22:44,30.973
6/19/2014 22:49,30.286
6/19/2014 22:54,30.045
6/19/2014 22:59,34.149
6/19/2014 23:04,42.999
6/19/2014 23:09,86.12
6/19/2014 23:14,32.05
6/19/2014 23:19,29.998
6/19/2014 23:24,30.334
6/19/2014 23:29,31.999
6/19/2014 23:34,30.785
6/19/2014 23:39,29.879
6/19/2014 23:44,31.007
6/19/2014 23:49,29.993
6/19/2014 23:54,30.333
6/19/2014 23:59,31.998
6/20/2014 0:04,44.955
6/20/2014 0:09,85.833
6/20/2014 0:14,32.207
6/20/2014 0:19,30.832
6/20/2014 0:24,29.834
6/20/2014 0:29,31.458
6/20/2014 0:34,30.214
6/20/2014 0:39,29.887
6/20/2014 0:44,31.068
6/20/2014 0:49,30.379
6/20/2014 0:54,29.952
6/20/2014 0:59,33.532
6/20/2014 1:04,43.999
6/20/2014 1:09,86.12
6/20/2014 1:14,32.212
6/20/2014 1:19,29.667
6/20/2014 1:24,30.665
6/20/2014 1:29,31.288
6/20/2014 1:34,30.385
6/20/2014 1:39,31.131
6/20/2014 1:44,31.388
6/20/2014 1:49,30.826
6/20/2014 1:54,30.669
6/20/2014 1:59,32.881
6/20/2014 2:04,44.119
6/20/2014 2:09,86.333
6/20/2014 2:14,32
6/20/2014 2:19,30.501
6/20/2014 2:24,29.837
6/20/2014 2:29,31.113
6/20/2014 2:34,30.049
6/20/2014 2:39,30.501
6/20/2014 2:44,31.509
6/20/2014 2:49,30.218
6/20/2014 2:54,29.903
6/20/2014 2:59,33.235
6/20/2014 3:04,44.289
6/20/2014 3:09,85.948
6/20/2014 3:14,31.785
6/20/2014 3:19,30.833
6/20/2014 3:24,31.714
6/20/2014 3:29,31.357
6/20/2014 3:34,34.618
6/20/2014 3:39,34.09
6/20/2014 3:44,31.729
6/20/2014 3:49,29.098
6/20/2014 3:54,30.286
6/20/2014 3:59,33.5
6/20/2014 4:04,43.671
6/20/2014 4:09,65.166
6/20/2014 4:14,31.165
6/20/2014 4:19,30.17
6/20/2014 4:24,30.053
6/20/2014 4:29,31.074
6/20/2014 4:34,30.211
6/20/2014 4:39,29.953
6/20/2014 4:44,31.999
6/20/2014 4:49,29.314
6/20/2014 4:54,30.724
6/20/2014 4:59,33.094
6/20/2014 5:04,44.264
6/20/2014 5:09,86
6/20/2014 5:14,31.429
6/20/2014 5:19,30.205
6/20/2014 5:24,29.833
6/20/2014 5:29,31.332
6/20/2014 5:34,30.001
6/20/2014 5:39,30.17
6/20/2014 5:44,31.318
6/20/2014 5:49,30.124
6/20/2014 5:54,30.054
6/20/2014 5:59,33.332
6/20/2014 6:04,44.333
6/20/2014 6:09,60.667
6/20/2014 6:14,30.498
6/20/2014 6:19,30.218
6/20/2014 6:24,30.15
6/20/2014 6:29,31.333
6/20/2014 6:34,31.45
6/20/2014 6:39,29.549
6/20/2014 6:44,31.645
6/20/2014 6:49,30.443
6/20/2014 6:54,30.168
6/20/2014 6:59,33.043
6/20/2014 7:04,44.384
6/20/2014 7:09,86
6/20/2014 7:14,31.303
6/20/2014 7:19,30.167
6/20/2014 7:24,30.213
6/20/2014 7:29,30.942
6/20/2014 7:34,30.213
6/20/2014 7:39,29.9
6/20/2014 7:44,31.543
6/20/2014 7:49,30.157
6/20/2014 7:54,29.94
6/20/2014 7:59,34.336
6/20/2014 8:04,43.382
6/20/2014 8:09,65
6/20/2014 8:14,30.844
6/20/2014 8:19,31
6/20/2014 8:24,29.501
6/20/2014 8:29,32.334
6/20/2014 8:34,29.499
6/20/2014 8:39,29.666
6/20/2014 8:44,31.119
6/20/2014 8:49,30.166
6/20/2014 8:54,30.053
6/20/2014 8:59,32.836
6/20/2014 9:04,45.786
6/20/2014 9:09,92.833
6/20/2014 9:14,31.35
6/20/2014 9:19,30.166
6/20/2014 9:24,30.165
6/20/2014 9:29,31.622
6/20/2014 9:34,30.058
6/20/2014 9:39,30.448
6/20/2014 9:44,31.159
6/20/2014 9:49,29.872
6/20/2014 9:54,29.783
6/20/2014 9:59,33.568
6/20/2014 10:04,44.668
6/20/2014 10:09,59.668
6/20/2014 10:14,31.499
6/20/2014 10:19,30.176
6/20/2014 10:24,31.166
6/20/2014 10:29,30.007
6/20/2014 10:34,30.454
6/20/2014 10:39,30.214
6/20/2014 10:44,30.499
6/20/2014 10:49,30.332
6/20/2014 10:54,30.444
6/20/2014 10:59,33.035
6/20/2014 11:04,43.652
6/20/2014 11:09,64.333
6/20/2014 11:14,31.346
6/20/2014 11:19,30.983
6/20/2014 11:24,29.499
6/20/2014 11:29,31.662
6/20/2014 11:34,30.284
6/20/2014 11:39,30.668
6/20/2014 11:44,31.21
6/20/2014 11:49,30.668
6/20/2014 11:54,30.049
6/20/2014 11:59,32.957
6/20/2014 12:04,44.087
6/20/2014 12:09,86.833
6/20/2014 12:14,31.162
6/20/2014 12:19,29.668
6/20/2014 12:24,31.091
6/20/2014 12:29,31.544
6/20/2014 12:34,29.619
6/20/2014 12:39,29.382
6/20/2014 12:44,31.388
6/20/2014 12:49,30.327
6/20/2014 12:54,30.111
6/20/2014 12:59,32.499
6/20/2014 13:04,45.333
6/20/2014 13:09,64.948
6/20/2014 13:14,32.503
6/20/2014 13:19,29.539
6/20/2014 13:24,29.988
6/20/2014 13:29,31.832
6/20/2014 13:34,29.455
6/20/2014 13:39,30.263
6/20/2014 13:44,31.255
6/20/2014 13:49,30.82
6/20/2014 13:54,29.771
6/20/2014 13:59,32.881
6/20/2014 14:04,44.164
6/20/2014 14:09,92.833
6/20/2014 14:14,31.145
6/20/2014 14:19,30.332
6/20/2014 14:24,31.11
6/20/2014 14:29,30.713
6/20/2014 14:34,30.051
6/20/2014 14:39,29.89
6/20/2014 14:44,32.045
6/20/2014 14:49,29.287
6/20/2014 14:54,30.217
6/20/2014 14:59,33.517
6/20/2014 15:04,43.67
6/20/2014 15:09,92.833
6/20/2014 15:14,31.114
6/20/2014 15:19,30.289
6/20/2014 15:24,29.88
6/20/2014 15:29,31.508
6/20/2014 15:34,30.385
6/20/2014 15:39,30.272
6/20/2014 15:44,32.165
6/20/2014 15:49,31.501
6/20/2014 15:54,29.165
6/20/2014 15:59,34.947
6/20/2014 16:04,43.881
6/20/2014 16:09,92.833
6/20/2014 16:14,31.453
6/20/2014 16:19,31.665
6/20/2014 16:24,29.85
6/20/2014 16:29,31.008
6/20/2014 16:34,29.952
6/20/2014 16:39,30.373
6/20/2014 16:44,30.843
6/20/2014 16:49,30.157
6/20/2014 16:54,29.954
6/20/2014 16:59,33.714
6/20/2014 17:04,43.616
6/20/2014 17:09,59.545
6/20/2014 17:14,31.114
6/20/2014 17:19,30.334
6/20/2014 17:24,30.119
6/20/2014 17:29,32.223
6/20/2014 17:34,29.991
6/20/2014 17:39,29.49
6/20/2014 17:44,31.843
6/20/2014 17:49,30.336
6/20/2014 17:54,29.506
6/20/2014 17:59,32.926
6/20/2014 18:04,44.546
6/20/2014 18:09,64.451
6/20/2014 18:14,32.709
6/20/2014 18:19,29.001
6/20/2014 18:24,30.497
6/20/2014 18:29,31.826
6/20/2014 18:34,30.221
6/20/2014 18:39,29.663
6/20/2014 18:44,31.225
6/20/2014 18:49,30.287
6/20/2014 18:54,29.715
6/20/2014 18:59,32.809
6/20/2014 19:04,44.45
6/20/2014 19:09,92.833
6/20/2014 19:14,30.953
6/20/2014 19:19,31.832
6/20/2014 19:24,29.981
6/20/2014 19:29,73.333
6/20/2014 19:34,100
6/20/2014 19:39,65.098
6/20/2014 19:44,32.119
6/20/2014 19:49,29.953
6/20/2014 19:54,30.187
6/20/2014 19:59,33.377
6/20/2014 20:04,44.27
6/20/2014 20:09,100
6/20/2014 20:14,32.5
6/20/2014 20:19,29.955
6/20/2014 20:24,30.213
6/20/2014 20:29,31.279
6/20/2014 20:34,30.217
6/20/2014 20:39,30.953
6/20/2014 20:44,31.217
6/20/2014 20:49,29.458
6/20/2014 20:54,29.832
6/20/2014 20:59,34.116
6/20/2014 21:04,43.533
6/20/2014 21:09,92.833
6/20/2014 21:14,31.547
6/20/2014 21:19,30.175
6/20/2014 21:24,30.662
6/20/2014 21:29,31.834
6/20/2014 21:34,30.169
6/20/2014 21:39,31.168
6/20/2014 21:44,30.494
6/20/2014 21:49,30
6/20/2014 21:54,30.154
6/20/2014 21:59,33.989
6/20/2014 22:04,43.667
6/20/2014 22:09,64.833
6/20/2014 22:14,30.959
6/20/2014 22:19,30.767
6/20/2014 22:24,30.727
6/20/2014 22:29,31.273
6/20/2014 22:34,30.273
6/20/2014 22:39,30.807
6/20/2014 22:44,31.112
6/20/2014 22:49,30.052
6/20/2014 22:54,30.284
6/20/2014 22:59,33.05
6/20/2014 23:04,44.621
6/20/2014 23:09,92.833
6/20/2014 23:14,32
6/20/2014 23:19,30.659
6/20/2014 23:24,30.456
6/20/2014 23:29,31.04
6/20/2014 23:34,30.29
6/20/2014 23:39,29.787
6/20/2014 23:44,31.381
6/20/2014 23:49,30.497
6/20/2014 23:54,29.833
6/20/2014 23:59,32.315
6/21/2014 0:04,43.88
6/21/2014 0:09,92.833
6/21/2014 0:14,31.387
6/21/2014 0:19,30.237
6/21/2014 0:24,30.439
6/21/2014 0:29,32.041
6/21/2014 0:34,31.669
6/21/2014 0:39,29.203
6/21/2014 0:44,31.498
6/21/2014 0:49,29.498
6/21/2014 0:54,30.286
6/21/2014 0:59,33.333
6/21/2014 1:04,44.047
6/21/2014 1:09,100
6/21/2014 1:14,30.955
6/21/2014 1:19,30.549
6/21/2014 1:24,30.288
6/21/2014 1:29,31.88
6/21/2014 1:34,29.833
6/21/2014 1:39,30.336
6/21/2014 1:44,31.329
6/21/2014 1:49,29.667
6/21/2014 1:54,30.999
6/21/2014 1:59,32.67
6/21/2014 2:04,44.832
6/21/2014 2:09,65.16
6/21/2014 2:14,32.006
6/21/2014 2:19,30.119
6/21/2014 2:24,31.214
6/21/2014 2:29,31.135
6/21/2014 2:34,30.268
6/21/2014 2:39,30.171
6/21/2014 2:44,31.497
6/21/2014 2:49,30.278
6/21/2014 2:54,29.664
6/21/2014 2:59,33.288
6/21/2014 3:04,44.832
6/21/2014 3:09,100
6/21/2014 3:14,31.26
6/21/2014 3:19,30.715
6/21/2014 3:24,30.165
6/21/2014 3:29,33.115
6/21/2014 3:34,29.225
6/21/2014 3:39,30.497
6/21/2014 3:44,31.166
6/21/2014 3:49,34.052
6/21/2014 3:54,31.22
6/21/2014 3:59,32.278
6/21/2014 4:04,44.778
6/21/2014 4:09,92.833
6/21/2014 4:14,31.834
6/21/2014 4:19,30.277
6/21/2014 4:24,34.17
6/21/2014 4:29,31.339
6/21/2014 4:34,29.984
6/21/2014 4:39,29.461
6/21/2014 4:44,30.88
6/21/2014 4:49,30.169
6/21/2014 4:54,29.837
6/21/2014 4:59,32.667
6/21/2014 5:04,45.166
6/21/2014 5:09,100
6/21/2014 5:14,31.368
6/21/2014 5:19,30.894
6/21/2014 5:24,29.099
6/21/2014 5:29,31.722
6/21/2014 5:34,30.007
6/21/2014 5:39,31.157
6/21/2014 5:44,30.539
6/21/2014 5:49,29.981
6/21/2014 5:54,30.165
6/21/2014 5:59,32.665
6/21/2014 6:04,44.334
6/21/2014 6:09,100
6/21/2014 6:14,31.379
6/21/2014 6:19,29.613
6/21/2014 6:24,30.001
6/21/2014 6:29,31.715
6/21/2014 6:34,29.618
6/21/2014 6:39,30.047
6/21/2014 6:44,31.167
6/21/2014 6:49,29.953
6/21/2014 6:54,31.048
6/21/2014 6:59,32.165
6/21/2014 7:04,44.384
6/21/2014 7:09,100
6/21/2014 7:14,31.512
6/21/2014 7:19,30.786
6/21/2014 7:24,29.716
6/21/2014 7:29,31.214
6/21/2014 7:34,29.557
6/21/2014 7:39,30.215
6/21/2014 7:44,31.493
6/21/2014 7:49,29.949
6/21/2014 7:54,30.718
6/21/2014 7:59,31.666
6/21/2014 8:04,44.5
6/21/2014 8:09,100
6/21/2014 8:14,31.56
6/21/2014 8:19,31.332
6/21/2014 8:24,28.621
6/21/2014 8:29,32.835
6/21/2014 8:34,28.855
6/21/2014 8:39,29.962
6/21/2014 8:44,31.204
6/21/2014 8:49,30.444
6/21/2014 8:54,29.168
6/21/2014 8:59,32.72
6/21/2014 9:04,45.105
6/21/2014 9:09,64.829
6/21/2014 9:14,38.135
6/21/2014 9:19,29.883
6/21/2014 9:24,30.065
6/21/2014 9:29,31.387
6/21/2014 9:34,29.668
6/21/2014 9:39,30.124
6/21/2014 9:44,31.057
6/21/2014 9:49,30.665
6/21/2014 9:54,29.782
6/21/2014 9:59,33.021
6/21/2014 10:04,45.217
6/21/2014 10:09,100
6/21/2014 10:14,31.942
6/21/2014 10:19,29.876
6/21/2014 10:24,30.334
6/21/2014 10:29,31.327
6/21/2014 10:34,29.702
6/21/2014 10:39,30.947
6/21/2014 10:44,30.331
6/21/2014 10:49,30.151
6/21/2014 10:54,30.115
6/21/2014 10:59,33.197
6/21/2014 11:04,44.496
6/21/2014 11:09,66.833
6/21/2014 11:14,31.498
6/21/2014 11:19,29.95
6/21/2014 11:24,30.668
6/21/2014 11:29,31.184
6/21/2014 11:34,29.693
6/21/2014 11:39,30.166
6/21/2014 11:44,31.156
6/21/2014 11:49,30.287
6/21/2014 11:54,30.05
6/21/2014 11:59,32.832
6/21/2014 12:04,45.434
6/21/2014 12:09,65.115
6/21/2014 12:14,31.188
6/21/2014 12:19,30.667
6/21/2014 12:24,29.666
6/21/2014 12:29,31.837
6/21/2014 12:34,29.003
6/21/2014 12:39,30.168
6/21/2014 12:44,31.329
6/21/2014 12:49,29.999
6/21/2014 12:54,29.788
6/21/2014 12:59,33.886
6/21/2014 13:04,43.631
6/21/2014 13:09,100
6/21/2014 13:14,31.404
6/21/2014 13:19,30.169
6/21/2014 13:24,30.779
6/21/2014 13:29,30.999
6/21/2014 13:34,29.792
6/21/2014 13:39,30.361
6/21/2014 13:44,30.937
6/21/2014 13:49,31.195
6/21/2014 13:54,29.115
6/21/2014 13:59,32.382
6/21/2014 14:04,44.501
6/21/2014 14:09,100
6/21/2014 14:14,38.499
6/21/2014 14:19,30.452
6/21/2014 14:24,29.878
6/21/2014 14:29,31.22
6/21/2014 14:34,29.616
6/21/2014 14:39,30.496
6/21/2014 14:44,31.831
6/21/2014 14:49,29.832
6/21/2014 14:54,30.17
6/21/2014 14:59,32.498
6/21/2014 15:04,44.722
6/21/2014 15:09,100
6/21/2014 15:14,31.123
6/21/2014 15:19,30.549
6/21/2014 15:24,29.807
6/21/2014 15:29,31.78
6/21/2014 15:34,30.327
6/21/2014 15:39,30.385
6/21/2014 15:44,31.323
6/21/2014 15:49,31.115
6/21/2014 15:54,29.03
6/21/2014 15:59,32.949
6/21/2014 16:04,44.713
6/21/2014 16:09,100
6/21/2014 16:14,37.822
6/21/2014 16:19,30.447
6/21/2014 16:24,29.381
6/21/2014 16:29,32.168
6/21/2014 16:34,29.719
6/21/2014 16:39,30.059
6/21/2014 16:44,31.056
6/21/2014 16:49,30.166
6/21/2014 16:54,30.294
6/21/2014 16:59,33.058
6/21/2014 17:04,44.818
6/21/2014 17:09,100
6/21/2014 17:14,37.999
6/21/2014 17:19,30.329
6/21/2014 17:24,31.116
6/21/2014 17:29,31.7
6/21/2014 17:34,29.5
6/21/2014 17:39,30.329
6/21/2014 17:44,31.323
6/21/2014 17:49,30.499
6/21/2014 17:54,29.498
6/21/2014 17:59,33.665
6/21/2014 18:04,44.111
6/21/2014 18:09,100
6/21/2014 18:14,37.537
6/21/2014 18:19,30.773
6/21/2014 18:24,30.674
6/21/2014 18:29,31.489
6/21/2014 18:34,30.023
6/21/2014 18:39,30.449
6/21/2014 18:44,31.158
6/21/2014 18:49,29.839
6/21/2014 18:54,30
6/21/2014 18:59,33.007
6/21/2014 19:04,44.842
6/21/2014 19:09,100
6/21/2014 19:14,38.173
6/21/2014 19:19,29.983
6/21/2014 19:24,30.339
6/21/2014 19:29,31.335
6/21/2014 19:34,29.833
6/21/2014 19:39,31.173
6/21/2014 19:44,30.956
6/21/2014 19:49,29.38
6/21/2014 19:54,29.812
6/21/2014 19:59,32.681
6/21/2014 20:04,45.12
6/21/2014 20:09,64.673
6/21/2014 20:14,31.557
6/21/2014 20:19,30.669
6/21/2014 20:24,29.788
6/21/2014 20:29,31.227
6/21/2014 20:34,29.812
6/21/2014 20:39,30.122
6/21/2014 20:44,31.38
6/21/2014 20:49,29.786
6/21/2014 20:54,30.046
6/21/2014 20:59,33.33
6/21/2014 21:04,44.334
6/21/2014 21:09,100
6/21/2014 21:14,38.838
6/21/2014 21:19,29.979
6/21/2014 21:24,30.164
6/21/2014 21:29,31.692
6/21/2014 21:34,30.451
6/21/2014 21:39,29.95
6/21/2014 21:44,31.544
6/21/2014 21:49,31.289
6/21/2014 21:54,29.771
6/21/2014 21:59,32.957
6/21/2014 22:04,44.673
6/21/2014 22:09,100
6/21/2014 22:14,31.501
6/21/2014 22:19,30.287
6/21/2014 22:24,30.551
6/21/2014 22:29,31.461
6/21/2014 22:34,30.502
6/21/2014 22:39,29.551
6/21/2014 22:44,31.323
6/21/2014 22:49,29.666
6/21/2014 22:54,30.832
6/21/2014 22:59,31.668
6/21/2014 23:04,44.28
6/21/2014 23:09,100
6/21/2014 23:14,38.883
6/21/2014 23:19,30.111
6/21/2014 23:24,30.503
6/21/2014 23:29,32.06
6/21/2014 23:34,29.447
6/21/2014 23:39,29.882
6/21/2014 23:44,31.003
6/21/2014 23:49,30.5
6/21/2014 23:54,29.321
6/21/2014 23:59,32.256
6/22/2014 0:04,44.71
6/22/2014 0:09,100
6/22/2014 0:14,38.323
6/22/2014 0:19,31.334
6/22/2014 0:24,29.62
6/22/2014 0:29,31.095
6/22/2014 0:34,29.614
6/22/2014 0:39,30.168
6/22/2014 0:44,31.83
6/22/2014 0:49,29.501
6/22/2014 0:54,29.837
6/22/2014 0:59,32.807
6/22/2014 1:04,45.496
6/22/2014 1:09,64.886
6/22/2014 1:14,38.177
6/22/2014 1:19,30.503
6/22/2014 1:24,30.331
6/22/2014 1:29,32.492
6/22/2014 1:34,29.5
6/22/2014 1:39,30.048
6/22/2014 1:44,31.279
6/22/2014 1:49,30.006
6/22/2014 1:54,30.342
6/22/2014 1:59,32.805
6/22/2014 2:04,45.498
6/22/2014 2:09,100
6/22/2014 2:14,37.497
6/22/2014 2:19,30.617
6/22/2014 2:24,30.217
6/22/2014 2:29,32.167
6/22/2014 2:34,29.286
6/22/2014 2:39,30.594
6/22/2014 2:44,31.56
6/22/2014 2:49,30.219
6/22/2014 2:54,30.113
6/22/2014 2:59,32.496
6/22/2014 3:04,45.049
6/22/2014 3:09,100
6/22/2014 3:14,41.88
6/22/2014 3:19,31.004
6/22/2014 3:24,30.332
6/22/2014 3:29,35.659
6/22/2014 3:34,30.338
6/22/2014 3:39,30.199
6/22/2014 3:44,31.398
6/22/2014 3:49,30.167
6/22/2014 3:54,30.048
6/22/2014 3:59,32.839
6/22/2014 4:04,44.499
6/22/2014 4:09,100
6/22/2014 4:14,38.333
6/22/2014 4:19,30.496
6/22/2014 4:24,30.833
6/22/2014 4:29,31.658
6/22/2014 4:34,28.968
6/22/2014 4:39,30.007
6/22/2014 4:44,31.278
6/22/2014 4:49,31.547
6/22/2014 4:54,28.814
6/22/2014 4:59,33.276
6/22/2014 5:04,44.206
6/22/2014 5:09,100
6/22/2014 5:14,38.133
6/22/2014 5:19,30.071
6/22/2014 5:24,30.086
6/22/2014 5:29,31.249
6/22/2014 5:34,29.623
6/22/2014 5:39,30.713
6/22/2014 5:44,30.664
6/22/2014 5:49,31.124
6/22/2014 5:54,29.539
6/22/2014 5:59,32.511
6/22/2014 6:04,45.12
6/22/2014 6:09,100
6/22/2014 6:14,38.049
6/22/2014 6:19,30
6/22/2014 6:24,30.668
6/22/2014 6:29,31.614
6/22/2014 6:34,30.21
6/22/2014 6:39,30.619
6/22/2014 6:44,32.716
6/22/2014 6:49,29.668
6/22/2014 6:54,29.666
6/22/2014 6:59,32.896
6/22/2014 7:04,44.437
6/22/2014 7:09,100
6/22/2014 7:14,37.773
6/22/2014 7:19,29.879
6/22/2014 7:24,29.499
6/22/2014 7:29,31.476
6/22/2014 7:34,30.511
6/22/2014 7:39,29.5
6/22/2014 7:44,31.789
6/22/2014 7:49,29.712
6/22/2014 7:54,30.667
6/22/2014 7:59,32.283
6/22/2014 8:04,44.718
6/22/2014 8:09,66.886
6/22/2014 8:14,38.551
6/22/2014 8:19,30.209
6/22/2014 8:24,30.623
6/22/2014 8:29,31.532
6/22/2014 8:34,30.497
6/22/2014 8:39,29.173
6/22/2014 8:44,31.114
6/22/2014 8:49,31.032
6/22/2014 8:54,29.166
6/22/2014 8:59,32.991
6/22/2014 9:04,45.114
6/22/2014 9:09,100
6/22/2014 9:14,38.225
6/22/2014 9:19,31.001
6/22/2014 9:24,30.108
6/22/2014 9:29,31.714
6/22/2014 9:34,29.79
6/22/2014 9:39,30.868
6/22/2014 9:44,30.667
6/22/2014 9:49,30.17
6/22/2014 9:54,30.048
6/22/2014 9:59,33.127
6/22/2014 10:04,44.484
6/22/2014 10:09,31.718
6/22/2014 10:14,31.334
6/22/2014 10:19,31.496
6/22/2014 10:24,28.499
6/22/2014 10:29,31.193
6/22/2014 10:34,30.73
6/22/2014 10:39,29.546
6/22/2014 10:44,30.943
6/22/2014 10:49,30.214
6/22/2014 10:54,30.164
6/22/2014 10:59,33.168
6/22/2014 11:04,44.501
6/22/2014 11:09,100
6/22/2014 11:14,37.891
6/22/2014 11:19,30.454
6/22/2014 11:24,30.547
6/22/2014 11:29,30.93
6/22/2014 11:34,30.052
6/22/2014 11:39,29.792
6/22/2014 11:44,31.549
6/22/2014 11:49,30.282
6/22/2014 11:54,29.877
6/22/2014 11:59,33.676
6/22/2014 12:04,45.499
6/22/2014 12:09,100
6/22/2014 12:14,38.495
6/22/2014 12:19,30.173
6/22/2014 12:24,29.954
6/22/2014 12:29,31.423
6/22/2014 12:34,29.946
6/22/2014 12:39,31.002
6/22/2014 12:44,31.292
6/22/2014 12:49,30.053
6/22/2014 12:54,30.499
6/22/2014 12:59,33.169
6/22/2014 13:04,44.956
6/22/2014 13:09,100
6/22/2014 13:14,38.287
6/22/2014 13:19,30.88
6/22/2014 13:24,30.331
6/22/2014 13:29,31.484
6/22/2014 13:34,29.834
6/22/2014 13:39,30.165
6/22/2014 13:44,31.335
6/22/2014 13:49,29.842
6/22/2014 13:54,30.122
6/22/2014 13:59,32.808
6/22/2014 14:04,45.216
6/22/2014 14:09,100
6/22/2014 14:14,38
6/22/2014 14:19,30.663
6/22/2014 14:24,31.118
6/22/2014 14:29,30.47
6/22/2014 14:34,30.046
6/22/2014 14:39,31.001
6/22/2014 14:44,30.668
6/22/2014 14:49,29.671
6/22/2014 14:54,29.79
6/22/2014 14:59,33.366
6/22/2014 15:04,45.619
6/22/2014 15:09,100
6/22/2014 15:14,45.821
6/22/2014 15:19,29.995
6/22/2014 15:24,29.949
6/22/2014 15:29,31.375
6/22/2014 15:34,29.674
6/22/2014 15:39,30.63
6/22/2014 15:44,30.376
6/22/2014 15:49,30.284
6/22/2014 15:54,30.043
6/22/2014 15:59,32.955
6/22/2014 16:04,44.381
6/22/2014 16:09,100
6/22/2014 16:14,38.011
6/22/2014 16:19,31.329
6/22/2014 16:24,30.168
6/22/2014 16:29,30.786
6/22/2014 16:34,29.877
6/22/2014 16:39,30.331
6/22/2014 16:44,31.471
6/22/2014 16:49,29.941
6/22/2014 16:54,30.735
6/22/2014 16:59,32.226
6/22/2014 17:04,45
6/22/2014 17:09,100
6/22/2014 17:14,45.624
6/22/2014 17:19,29.87
6/22/2014 17:24,30.17
6/22/2014 17:29,31.509
6/22/2014 17:34,30.119
6/22/2014 17:39,30.371
6/22/2014 17:44,31.458
6/22/2014 17:49,30.551
6/22/2014 17:54,30.834
6/22/2014 17:59,32.66
6/22/2014 18:04,44.837
6/22/2014 18:09,100
6/22/2014 18:14,45.454
6/22/2014 18:19,31.215
6/22/2014 18:24,29.384
6/22/2014 18:29,32.292
6/22/2014 18:34,30.001
6/22/2014 18:39,30.814
6/22/2014 18:44,30.792
6/22/2014 18:49,29.88
6/22/2014 18:54,29.99
6/22/2014 18:59,32.836
6/22/2014 19:04,44.833
6/22/2014 19:09,65.728
6/22/2014 19:14,44.66
6/22/2014 19:19,30.108
6/22/2014 19:24,29.884
6/22/2014 19:29,32.439
6/22/2014 19:34,30.213
6/22/2014 19:39,30.297
6/22/2014 19:44,31.619
6/22/2014 19:49,29.882
6/22/2014 19:54,29.847
6/22/2014 19:59,33.028
6/22/2014 20:04,44.62
6/22/2014 20:09,100
6/22/2014 20:14,44.842
6/22/2014 20:19,30.322
6/22/2014 20:24,31.4
6/22/2014 20:29,30.368
6/22/2014 20:34,30.156
6/22/2014 20:39,29.986
6/22/2014 20:44,31.29
6/22/2014 20:49,30.223
6/22/2014 20:54,30.667
6/22/2014 20:59,32.989
6/22/2014 21:04,44.666
6/22/2014 21:09,100
6/22/2014 21:14,38.722
6/22/2014 21:19,30.535
6/22/2014 21:24,29.665
6/22/2014 21:29,31.992
6/22/2014 21:34,30.338
6/22/2014 21:39,30.167
6/22/2014 21:44,31.463
6/22/2014 21:49,29.879
6/22/2014 21:54,30.5
6/22/2014 21:59,32.016
6/22/2014 22:04,45.501
6/22/2014 22:09,100
6/22/2014 22:14,45.287
6/22/2014 22:19,30.216
6/22/2014 22:24,30.175
6/22/2014 22:29,32.623
6/22/2014 22:34,30.623
6/22/2014 22:39,30.223
6/22/2014 22:44,31.288
6/22/2014 22:49,31.049
6/22/2014 22:54,29.884
6/22/2014 22:59,32.599
6/22/2014 23:04,45.328
6/22/2014 23:09,100
6/22/2014 23:14,45.507
6/22/2014 23:19,30.88
6/22/2014 23:24,30.005
6/22/2014 23:29,32.334
6/22/2014 23:34,30.283
6/22/2014 23:39,30.658
6/22/2014 23:44,30.376
6/22/2014 23:49,29.956
6/22/2014 23:54,30.272
6/22/2014 23:59,32.255
6/23/2014 0:04,45.166
6/23/2014 0:09,100
6/23/2014 0:14,51.455
6/23/2014 0:19,31.05
6/23/2014 0:24,30.322
6/23/2014 0:29,31.336
6/23/2014 0:34,29.836
6/23/2014 0:39,30.119
6/23/2014 0:44,31.351
6/23/2014 0:49,29.987
6/23/2014 0:54,30.333
6/23/2014 0:59,34.167
6/23/2014 1:04,43.834
6/23/2014 1:09,100
6/23/2014 1:14,45.001
6/23/2014 1:19,30.667
6/23/2014 1:24,30.482
6/23/2014 1:29,32.62
6/23/2014 1:34,29.37
6/23/2014 1:39,30.287
6/23/2014 1:44,31.538
6/23/2014 1:49,30.107
6/23/2014 1:54,30.544
6/23/2014 1:59,32.713
6/23/2014 2:04,44.29
6/23/2014 2:09,64.662
6/23/2014 2:14,37.774
6/23/2014 2:19,30.546
6/23/2014 2:24,30.622
6/23/2014 2:29,31.874
6/23/2014 2:34,30.783
6/23/2014 2:39,29.6
6/23/2014 2:44,31.565
6/23/2014 2:49,30.333
6/23/2014 2:54,29.882
6/23/2014 2:59,32.864
6/23/2014 3:04,44.998
6/23/2014 3:09,100
6/23/2014 3:14,53.383
6/23/2014 3:19,29.818
6/23/2014 3:24,31.164
6/23/2014 3:29,34.547
6/23/2014 3:34,30.716
6/23/2014 3:39,29.619
6/23/2014 3:44,31.897
6/23/2014 3:49,29.832
6/23/2014 3:54,29.832
6/23/2014 3:59,33.004
6/23/2014 4:04,44.345
6/23/2014 4:09,100
6/23/2014 4:14,51.84
6/23/2014 4:19,30.538
6/23/2014 4:24,29.955
6/23/2014 4:29,31.424
6/23/2014 4:34,29.903
6/23/2014 4:39,30.984
6/23/2014 4:44,30.208
6/23/2014 4:49,29.886
6/23/2014 4:54,29.945
6/23/2014 4:59,32.667
6/23/2014 5:04,44.831
6/23/2014 5:09,100
6/23/2014 5:14,51.756
6/23/2014 5:19,31.783
6/23/2014 5:24,29.166
6/23/2014 5:29,31.838
6/23/2014 5:34,29.549
6/23/2014 5:39,30.49
6/23/2014 5:44,31.331
6/23/2014 5:49,30.122
6/23/2014 5:54,29.603
6/23/2014 5:59,32.725
6/23/2014 6:04,44.391
6/23/2014 6:09,64.622
6/23/2014 6:14,45.213
6/23/2014 6:19,29.751
6/23/2014 6:24,29.831
6/23/2014 6:29,31.552
6/23/2014 6:34,29.871
6/23/2014 6:39,30.403
6/23/2014 6:44,31.871
6/23/2014 6:49,29.794
6/23/2014 6:54,30.228
6/23/2014 6:59,32.683
6/23/2014 7:04,44.667
6/23/2014 7:09,100
6/23/2014 7:14,51.935
6/23/2014 7:19,30.116
6/23/2014 7:24,29.72
6/23/2014 7:29,31.99
6/23/2014 7:34,30.933
6/23/2014 7:39,29.38
6/23/2014 7:44,30.944
6/23/2014 7:49,30.216
6/23/2014 7:54,29.952
6/23/2014 7:59,33.373
6/23/2014 8:04,44.17
6/23/2014 8:09,100
6/23/2014 8:14,45.339
6/23/2014 8:19,30.381
6/23/2014 8:24,29.593
6/23/2014 8:29,32.44
6/23/2014 8:34,28.55
6/23/2014 8:39,31.953
6/23/2014 8:44,30.049
6/23/2014 8:49,29.768
6/23/2014 8:54,30.008
6/23/2014 8:59,32.786
6/23/2014 9:04,45.216
6/23/2014 9:09,65.119
6/23/2014 9:14,46.371
6/23/2014 9:19,29.125
6/23/2014 9:24,30.381
6/23/2014 9:29,31.216
6/23/2014 9:34,30
6/23/2014 9:39,30.003
6/23/2014 9:44,31.614
6/23/2014 9:49,29.495
6/23/2014 9:54,30.127
6/23/2014 9:59,32.857
6/23/2014 10:04,44.323
6/23/2014 10:09,100
6/23/2014 10:14,51.923
6/23/2014 10:19,31.078
6/23/2014 10:24,28.882
6/23/2014 10:29,31.842
6/23/2014 10:34,31.005
6/23/2014 10:39,29.224
6/23/2014 10:44,31.376
6/23/2014 10:49,30.363
6/23/2014 10:54,30.285
6/23/2014 10:59,33.033
6/23/2014 11:04,45.839
6/23/2014 11:09,100
6/23/2014 11:14,52.559
6/23/2014 11:19,30.822
6/23/2014 11:24,29.218
6/23/2014 11:29,31.864
6/23/2014 11:34,30.375
6/23/2014 11:39,29.786
6/23/2014 11:44,31.557
6/23/2014 11:49,30.336
6/23/2014 11:54,30.015
6/23/2014 11:59,33.333
6/23/2014 12:04,44.34
6/23/2014 12:09,100
6/23/2014 12:14,52.502
6/23/2014 12:19,29.679
6/23/2014 12:24,29.66
6/23/2014 12:29,32.501
6/23/2014 12:34,29.126
6/23/2014 12:39,30.207
6/23/2014 12:44,31.287
6/23/2014 12:49,31.38
6/23/2014 12:54,28.721
6/23/2014 12:59,33.268
6/23/2014 13:04,43.991
6/23/2014 13:09,100
6/23/2014 13:14,51.996
6/23/2014 13:19,31.045
6/23/2014 13:24,29.65
6/23/2014 13:29,31.677
6/23/2014 13:34,30.831
6/23/2014 13:39,29.499
6/23/2014 13:44,30.485
6/23/2014 13:49,29.947
6/23/2014 13:54,30.271
6/23/2014 13:59,33.927
6/23/2014 14:04,43.34
6/23/2014 14:09,100
6/23/2014 14:14,51.548
6/23/2014 14:19,30.335
6/23/2014 14:24,29.952
6/23/2014 14:29,31.393
6/23/2014 14:34,29.785
6/23/2014 14:39,31.385
6/23/2014 14:44,31.496
6/23/2014 14:49,29.933
6/23/2014 14:54,30.436
6/23/2014 14:59,33.111
6/23/2014 15:04,45
6/23/2014 15:09,100
6/23/2014 15:14,52.13
6/23/2014 15:19,31.055
6/23/2014 15:24,29.666
6/23/2014 15:29,31.026
6/23/2014 15:34,29.896
6/23/2014 15:39,29.998
6/23/2014 15:44,31.603
6/23/2014 15:49,30.169
6/23/2014 15:54,30.276
6/23/2014 15:59,33.3
6/23/2014 16:04,44.049
6/23/2014 16:09,100
6/23/2014 16:14,51.993
6/23/2014 16:19,30.951
6/23/2014 16:24,29.721
6/23/2014 16:29,31.966
6/23/2014 16:34,30.663
6/23/2014 16:39,30.055
6/23/2014 16:44,31.79
6/23/2014 16:49,30.12
6/23/2014 16:54,30.054
6/23/2014 16:59,33.159
6/23/2014 17:04,45.998
6/23/2014 17:09,100
6/23/2014 17:14,57.994
6/23/2014 17:19,30.287
6/23/2014 17:24,30.05
6/23/2014 17:29,31.177
6/23/2014 17:34,30.03
6/23/2014 17:39,30.599
6/23/2014 17:44,31.287
6/23/2014 17:49,30.151
6/23/2014 17:54,29.702
6/23/2014 17:59,32.879
6/23/2014 18:04,44.472
6/23/2014 18:09,64.825
6/23/2014 18:14,45.125
6/23/2014 18:19,31.219
6/23/2014 18:24,30.824
6/23/2014 18:29,32.148
6/23/2014 18:34,29.784
6/23/2014 18:39,30.216
6/23/2014 18:44,31.129
6/23/2014 18:49,30.169
6/23/2014 18:54,30.502
6/23/2014 18:59,72.163
6/23/2014 19:04,100
6/23/2014 19:09,100
6/23/2014 19:14,65.383
6/23/2014 19:19,46.884
6/23/2014 19:24,43.17
6/23/2014 19:29,51.8378
6/23/2014 19:34,30.181
6/23/2014 19:39,29.959
6/23/2014 19:44,31.388
6/23/2014 19:49,29.83
6/23/2014 19:54,30
6/23/2014 19:59,32.808
6/23/2014 20:04,44.667
6/23/2014 20:09,43.338
6/23/2014 20:14,31.711
6/23/2014 20:19,30.952
6/23/2014 20:24,29.551
6/23/2014 20:29,31.122
6/23/2014 20:34,29.911
6/23/2014 20:39,30.077
6/23/2014 20:44,31.383
6/23/2014 20:49,31.455
6/23/2014 20:54,29.548
6/23/2014 20:59,32.669
6/23/2014 21:04,44.289
6/23/2014 21:09,66.615
6/23/2014 21:14,38.498
6/23/2014 21:19,30.121
6/23/2014 21:24,30.024
6/23/2014 21:29,30.675
6/23/2014 21:34,29.999
6/23/2014 21:39,30.004
6/23/2014 21:44,32.001
6/23/2014 21:49,29.642
6/23/2014 21:54,29.721
6/23/2014 21:59,64.107
6/23/2014 22:04,72.715
6/23/2014 22:09,66.168
6/23/2014 22:14,45.656
6/23/2014 22:19,29.676
6/23/2014 22:24,30.168
6/23/2014 22:29,32.033
6/23/2014 22:34,31.067
6/23/2014 22:39,30.337
6/23/2014 22:44,31.124
6/23/2014 22:49,30.037
6/23/2014 22:54,30.5
6/23/2014 22:59,33.002
6/23/2014 23:04,43.664
6/23/2014 23:09,65.386
6/23/2014 23:14,38.391
6/23/2014 23:19,30.452
6/23/2014 23:24,29.877
6/23/2014 23:29,33.824
6/23/2014 23:34,29.334
6/23/2014 23:39,29.599
6/23/2014 23:44,31.334
6/23/2014 23:49,31.671
6/23/2014 23:54,28.834
6/23/2014 23:59,33.012
6/24/2014 0:04,43.951
6/24/2014 0:09,30.669
6/24/2014 0:14,33.621
6/24/2014 0:19,29.048
6/24/2014 0:24,30.84
6/24/2014 0:29,31.338
6/24/2014 0:34,30.953
6/24/2014 0:39,29.05
6/24/2014 0:44,31.004
6/24/2014 0:49,30.121
6/24/2014 0:54,30.38
6/24/2014 0:59,33.674
6/24/2014 1:04,43.167
6/24/2014 1:09,65.167
6/24/2014 1:14,38.546
6/24/2014 1:19,29.291
6/24/2014 1:24,30.717
6/24/2014 1:29,31.501
6/24/2014 1:34,29.978
6/24/2014 1:39,30.498
6/24/2014 1:44,31.042
6/24/2014 1:49,29.849
6/24/2014 1:54,30.982
6/24/2014 1:59,32.557
6/24/2014 2:04,45.172
6/24/2014 2:09,66.667
6/24/2014 2:14,39.333
6/24/2014 2:19,29.286
6/24/2014 2:24,29.835
6/24/2014 2:29,31.382
6/24/2014 2:34,29.503
6/24/2014 2:39,30.171
6/24/2014 2:44,30.976
6/24/2014 2:49,31.227
6/24/2014 2:54,29.414
6/24/2014 2:59,31.788
6/24/2014 3:04,48.557
6/24/2014 3:09,66.809
6/24/2014 3:14,44.66
6/24/2014 3:19,30.668
6/24/2014 3:24,29.483
6/24/2014 3:29,31.618
6/24/2014 3:34,33.836
6/24/2014 3:39,30.832
6/24/2014 3:44,31.291
6/24/2014 3:49,31.921
6/24/2014 3:54,28.24
6/24/2014 3:59,33
6/24/2014 4:04,44.287
6/24/2014 4:09,65.319
6/24/2014 4:14,38.429
6/24/2014 4:19,30.32
6/24/2014 4:24,29.055
6/24/2014 4:29,31.288
6/24/2014 4:34,29.214
6/24/2014 4:39,30.565
6/24/2014 4:44,30.713
6/24/2014 4:49,29.829
6/24/2014 4:54,30.623
6/24/2014 4:59,32.67
6/24/2014 5:04,43.501
6/24/2014 5:09,66.336
6/24/2014 5:14,45.724
6/24/2014 5:19,31.155
6/24/2014 5:24,28.981
6/24/2014 5:29,30.495
6/24/2014 5:34,29.881
6/24/2014 5:39,30.774
6/24/2014 5:44,31.164
6/24/2014 5:49,30.293
6/24/2014 5:54,29.641
6/24/2014 5:59,33.237
6/24/2014 6:04,43.501
6/24/2014 6:09,65.834
6/24/2014 6:14,45.334
6/24/2014 6:19,30.001
6/24/2014 6:24,30.338
6/24/2014 6:29,31.166
6/24/2014 6:34,29.667
6/24/2014 6:39,31.501
6/24/2014 6:44,30.834
6/24/2014 6:49,29.498
6/24/2014 6:54,29.837
6/24/2014 6:59,33.794
6/24/2014 7:04,43.635
6/24/2014 7:09,66
6/24/2014 7:14,45.392
6/24/2014 7:19,30.833
6/24/2014 7:24,30.001
6/24/2014 7:29,29.971
6/24/2014 7:34,29.667
6/24/2014 7:39,29.834
6/24/2014 7:44,31.118
6/24/2014 7:49,30.175
6/24/2014 7:54,29.55
6/24/2014 7:59,33.182
6/24/2014 8:04,43.5
6/24/2014 8:09,66.5
6/24/2014 8:14,45.326
6/24/2014 8:19,29.787
6/24/2014 8:24,29.874
6/24/2014 8:29,31.168
6/24/2014 8:34,31.424
6/24/2014 8:39,29.024
6/24/2014 8:44,30.501
6/24/2014 8:49,29.495
6/24/2014 8:54,29.621
6/24/2014 8:59,33.687
6/24/2014 9:04,43.332
6/24/2014 9:09,33.538
6/24/2014 9:14,30.993
6/24/2014 9:19,30.338
6/24/2014 9:24,30.635
6/24/2014 9:29,30.699
6/24/2014 9:34,30.092
6/24/2014 9:39,30.489
6/24/2014 9:44,29.618
6/24/2014 9:49,29.878
6/24/2014 9:54,29.776
6/24/2014 9:59,34.185
6/24/2014 10:04,43.496
6/24/2014 10:09,30.784
6/24/2014 10:14,31.718
6/24/2014 10:19,30.834
6/24/2014 10:24,29.449
6/24/2014 10:29,32.504
6/24/2014 10:34,28.708
6/24/2014 10:39,29.463
6/24/2014 10:44,30.993
6/24/2014 10:49,29.796
6/24/2014 10:54,29.781
6/24/2014 10:59,32.726
6/24/2014 11:04,45.22
6/24/2014 11:09,68.428
6/24/2014 11:14,44.54
6/24/2014 11:19,30.499
6/24/2014 11:24,30.042
6/24/2014 11:29,31.45
6/24/2014 11:34,30.601
6/24/2014 11:39,29.713
6/24/2014 11:44,31.159
6/24/2014 11:49,30.336
6/24/2014 11:54,30.499
6/24/2014 11:59,31.652
6/24/2014 12:04,45.12
6/24/2014 12:09,29.863
6/24/2014 12:14,32.116
6/24/2014 12:19,29.633
6/24/2014 12:24,30.162
6/24/2014 12:29,31.472
6/24/2014 12:34,28.776
6/24/2014 12:39,30.512
6/24/2014 12:44,31.288
6/24/2014 12:49,30.005
6/24/2014 12:54,29.831
6/24/2014 12:59,32.516
6/24/2014 13:04,44.001
6/24/2014 13:09,73.334
6/24/2014 13:14,45.618
6/24/2014 13:19,30.386
6/24/2014 13:24,29.955
6/24/2014 13:29,31.367
6/24/2014 13:34,29.951
6/24/2014 13:39,30.881
6/24/2014 13:44,29.996
6/24/2014 13:49,29.916
6/24/2014 13:54,29.547
6/24/2014 13:59,33.995
6/24/2014 14:04,43.285
6/24/2014 14:09,31.507
6/24/2014 14:14,30.875
6/24/2014 14:19,31.967
6/24/2014 14:24,29.833
6/24/2014 14:29,29.746
6/24/2014 14:34,30.174
6/24/2014 14:39,29.835
6/24/2014 14:44,31.168
6/24/2014 14:49,29.834
6/24/2014 14:54,30.501
6/24/2014 14:59,32.175
6/24/2014 15:04,44.787
6/24/2014 15:09,69.666
6/24/2014 15:14,45.709
6/24/2014 15:19,29.62
6/24/2014 15:24,30.755
6/24/2014 15:29,30.27
6/24/2014 15:34,30.336
6/24/2014 15:39,30.255
6/24/2014 15:44,30.547
6/24/2014 15:49,29.888
6/24/2014 15:54,29.611
6/24/2014 15:59,34.329
6/24/2014 16:04,42.998
6/24/2014 16:09,30.645
6/24/2014 16:14,31.876
6/24/2014 16:19,30.256
6/24/2014 16:24,29.651
6/24/2014 16:29,30.971
6/24/2014 16:34,30.765
6/24/2014 16:39,29.882
6/24/2014 16:44,30.62
6/24/2014 16:49,30.713
6/24/2014 16:54,29.172
6/24/2014 16:59,32.17
6/24/2014 17:04,45.456
6/24/2014 17:09,39.005
6/24/2014 17:14,30.366
6/24/2014 17:19,30.294
6/24/2014 17:24,30.938
6/24/2014 17:29,30.382
6/24/2014 17:34,30.339
6/24/2014 17:39,30.123
6/24/2014 17:44,30.956
6/24/2014 17:49,29.877
6/24/2014 17:54,29.667
6/24/2014 17:59,33.325
6/24/2014 18:04,43.618
6/24/2014 18:09,37.953
6/24/2014 18:14,31.424
6/24/2014 18:19,30.673
6/24/2014 18:24,30.492
6/24/2014 18:29,31.786
6/24/2014 18:34,29.533
6/24/2014 18:39,30.315
6/24/2014 18:44,30.348
6/24/2014 18:49,29.834
6/24/2014 18:54,29.834
6/24/2014 18:59,33.684
6/24/2014 19:04,44
6/24/2014 19:09,67.5
6/24/2014 19:14,45.453
6/24/2014 19:19,30.883
6/24/2014 19:24,29.497
6/24/2014 19:29,31.119
6/24/2014 19:34,30.665
6/24/2014 19:39,29.376
6/24/2014 19:44,31.772
6/24/2014 19:49,29.679
6/24/2014 19:54,30.048
6/24/2014 19:59,33.607
6/24/2014 20:04,44.009
6/24/2014 20:09,73
6/24/2014 20:14,45.929
6/24/2014 20:19,30.387
6/24/2014 20:24,30.172
6/24/2014 20:29,31.53
6/24/2014 20:34,29.832
6/24/2014 20:39,31.176
6/24/2014 20:44,30.493
6/24/2014 20:49,30.451
6/24/2014 20:54,31.042
6/24/2014 20:59,31.947
6/24/2014 21:04,44.88
6/24/2014 21:09,73.167
6/24/2014 21:14,45.333
6/24/2014 21:19,30.17
6/24/2014 21:24,30.467
6/24/2014 21:29,31.424
6/24/2014 21:34,30.735
6/24/2014 21:39,29.872
6/24/2014 21:44,31.162
6/24/2014 21:49,30.339
6/24/2014 21:54,29.502
6/24/2014 21:59,34.028
6/24/2014 22:04,42.952
6/24/2014 22:09,73
6/24/2014 22:14,45.499
6/24/2014 22:19,30.81
6/24/2014 22:24,31.332
6/24/2014 22:29,30.955
6/24/2014 22:34,29.829
6/24/2014 22:39,30.21
6/24/2014 22:44,31.456
6/24/2014 22:49,30.043
6/24/2014 22:54,29.597
6/24/2014 22:59,33.891
6/24/2014 23:04,43.824
6/24/2014 23:09,38.667
6/24/2014 23:14,31.842
6/24/2014 23:19,30.698
6/24/2014 23:24,30.499
6/24/2014 23:29,31.661
6/24/2014 23:34,30.419
6/24/2014 23:39,30.713
6/24/2014 23:44,30.499
6/24/2014 23:49,29.848
6/24/2014 23:54,29.507
6/24/2014 23:59,32.2
6/25/2014 0:04,44.316
6/25/2014 0:09,72.167
6/25/2014 0:14,46.166
6/25/2014 0:19,31.942
6/25/2014 0:24,29.199
6/25/2014 0:29,31.114
6/25/2014 0:34,29.834
6/25/2014 0:39,29.893
6/25/2014 0:44,31.119
6/25/2014 0:49,30.95
6/25/2014 0:54,29.547
6/25/2014 0:59,33.954
6/25/2014 1:04,43.602
6/25/2014 1:09,72.375
6/25/2014 1:14,46.057
6/25/2014 1:19,31.002
6/25/2014 1:24,31.277
6/25/2014 1:29,30.524
6/25/2014 1:34,30.002
6/25/2014 1:39,30.011
6/25/2014 1:44,30.747
6/25/2014 1:49,30.452
6/25/2014 1:54,30.167
6/25/2014 1:59,34.369
6/25/2014 2:04,44.004
6/25/2014 2:09,66.319
6/25/2014 2:14,45.78
6/25/2014 2:19,30.224
6/25/2014 2:24,29.995
6/25/2014 2:29,31.667
6/25/2014 2:34,30.666
6/25/2014 2:39,29.619
6/25/2014 2:44,31.054
6/25/2014 2:49,30.298
6/25/2014 2:54,29.393
6/25/2014 2:59,32.918
6/25/2014 3:04,44.291
6/25/2014 3:09,72.833
6/25/2014 3:14,46.176
6/25/2014 3:19,31.05
6/25/2014 3:24,30.447
6/25/2014 3:29,32.863
6/25/2014 3:34,30.151
6/25/2014 3:39,33.167
6/25/2014 3:44,35.608
6/25/2014 3:49,29.544
6/25/2014 3:54,29.298
6/25/2014 3:59,32.893
6/25/2014 4:04,44.501
6/25/2014 4:09,72.666
6/25/2014 4:14,45.83
6/25/2014 4:19,31.168
6/25/2014 4:24,28.79
6/25/2014 4:29,31.994
6/25/2014 4:34,29.384
6/25/2014 4:39,30.049
6/25/2014 4:44,31.397
6/25/2014 4:49,29.829
6/25/2014 4:54,29.548
6/25/2014 4:59,33.334
6/25/2014 5:04,45.166
6/25/2014 5:09,72.667
6/25/2014 5:14,46.674
6/25/2014 5:19,29.832
6/25/2014 5:24,29.933
6/25/2014 5:29,31.117
6/25/2014 5:34,30.167
6/25/2014 5:39,31.596
6/25/2014 5:44,29.378
6/25/2014 5:49,30.118
6/25/2014 5:54,29.7
6/25/2014 5:59,32.692
6/25/2014 6:04,44.282
6/25/2014 6:09,38.241
6/25/2014 6:14,30.833
6/25/2014 6:19,30.179
6/25/2014 6:24,29.995
6/25/2014 6:29,31.119
6/25/2014 6:34,30.205
6/25/2014 6:39,30.121
6/25/2014 6:44,31.496
6/25/2014 6:49,29.88
6/25/2014 6:54,30.663
6/25/2014 6:59,33.018
6/25/2014 7:04,43.996
6/25/2014 7:09,73.321
6/25/2014 7:14,44.945
6/25/2014 7:19,30.789
6/25/2014 7:24,30.169
6/25/2014 7:29,31.06
6/25/2014 7:34,29.784
6/25/2014 7:39,30.188
6/25/2014 7:44,31.113
6/25/2014 7:49,30.051
6/25/2014 7:54,30.126
6/25/2014 7:59,32.842
6/25/2014 8:04,44.505
6/25/2014 8:09,31.337
6/25/2014 8:14,32.11
6/25/2014 8:19,29.553
6/25/2014 8:24,30.336
6/25/2014 8:29,31.449
6/25/2014 8:34,29.88
6/25/2014 8:39,29.786
6/25/2014 8:44,31.56
6/25/2014 8:49,29.75
6/25/2014 8:54,30.047
6/25/2014 8:59,33.309
6/25/2014 9:04,45.274
6/25/2014 9:09,71.373
6/25/2014 9:14,45.67
6/25/2014 9:19,30.334
6/25/2014 9:24,30.668
6/25/2014 9:29,31.009
6/25/2014 9:34,29.623
6/25/2014 9:39,30.052
6/25/2014 9:44,31.107
6/25/2014 9:49,30.212
6/25/2014 9:54,30.048
6/25/2014 9:59,33.424
6/25/2014 10:04,44.334
6/25/2014 10:09,72.833
6/25/2014 10:14,45.832
6/25/2014 10:19,30.326
6/25/2014 10:24,30.169
6/25/2014 10:29,32.503
6/25/2014 10:34,29.12
6/25/2014 10:39,30.55
6/25/2014 10:44,31.336
6/25/2014 10:49,30.659
6/25/2014 10:54,30.175
6/25/2014 10:59,32.635
6/25/2014 11:04,44.836
6/25/2014 11:09,73
6/25/2014 11:14,45.447
6/25/2014 11:19,30.211
6/25/2014 11:24,29.98
6/25/2014 11:29,31.446
6/25/2014 11:34,29.662
6/25/2014 11:39,30.73
6/25/2014 11:44,31.283
6/25/2014 11:49,30.213
6/25/2014 11:54,30.937
6/25/2014 11:59,32.899
6/25/2014 12:04,44
6/25/2014 12:09,38.881
6/25/2014 12:14,31.662
6/25/2014 12:19,29.786
6/25/2014 12:24,30.336
6/25/2014 12:29,31.372
6/25/2014 12:34,30
6/25/2014 12:39,30.84
6/25/2014 12:44,31.342
6/25/2014 12:49,29.843
6/25/2014 12:54,30.161
6/25/2014 12:59,33.495
6/25/2014 13:04,43.338
6/25/2014 13:09,66.834
6/25/2014 13:14,45.997
6/25/2014 13:19,30.256
6/25/2014 13:24,29.159
6/25/2014 13:29,31.651
6/25/2014 13:34,30.173
6/25/2014 13:39,30.428
6/25/2014 13:44,30.885
6/25/2014 13:49,30.786
6/25/2014 13:54,29.166
6/25/2014 13:59,33.384
6/25/2014 14:04,44.285
6/25/2014 14:09,73.132
6/25/2014 14:14,45.836
6/25/2014 14:19,29.874
6/25/2014 14:24,30.653
6/25/2014 14:29,30.488
6/25/2014 14:34,30.791
6/25/2014 14:39,29.552
6/25/2014 14:44,31.461
6/25/2014 14:49,29.715
6/25/2014 14:54,30.836
6/25/2014 14:59,32.481
6/25/2014 15:04,44.832
6/25/2014 15:09,73.167
6/25/2014 15:14,45.556
6/25/2014 15:19,29.831
6/25/2014 15:24,30.115
6/25/2014 15:29,31.015
6/25/2014 15:34,30.55
6/25/2014 15:39,31.097
6/25/2014 15:44,30.696
6/25/2014 15:49,29.789
6/25/2014 15:54,30.216
6/25/2014 15:59,33.272
6/25/2014 16:04,44.052
6/25/2014 16:09,72.833
6/25/2014 16:14,46.114
6/25/2014 16:19,29.502
6/25/2014 16:24,31.2
6/25/2014 16:29,29.826
6/25/2014 16:34,30.283
6/25/2014 16:39,30.382
6/25/2014 16:44,31.661
6/25/2014 16:49,29.391
6/25/2014 16:54,29.72
6/25/2014 16:59,33.679
6/25/2014 17:04,43.715
6/25/2014 17:09,38.057
6/25/2014 17:14,32.629
6/25/2014 17:19,29.756
6/25/2014 17:24,30.24
6/25/2014 17:29,31.549
6/25/2014 17:34,30.165
6/25/2014 17:39,29.838
6/25/2014 17:44,30.956
6/25/2014 17:49,29.719
6/25/2014 17:54,30.126
6/25/2014 17:59,33.713
6/25/2014 18:04,43.493
6/25/2014 18:09,72.334
6/25/2014 18:14,46.122
6/25/2014 18:19,30.215
6/25/2014 18:24,30.505
6/25/2014 18:29,31.339
6/25/2014 18:34,30.829
6/25/2014 18:39,30.502
6/25/2014 18:44,30.335
6/25/2014 18:49,30.178
6/25/2014 18:54,30.98
6/25/2014 18:59,33.512
6/25/2014 19:04,43.812
6/25/2014 19:09,37.502
6/25/2014 19:14,32.327
6/25/2014 19:19,30.281
6/25/2014 19:24,31.314
6/25/2014 19:29,31
6/25/2014 19:34,29.657
6/25/2014 19:39,30.825
6/25/2014 19:44,30.17
6/25/2014 19:49,30.337
6/25/2014 19:54,30.837
6/25/2014 19:59,32.622
6/25/2014 20:04,44.669
6/25/2014 20:09,67.333
6/25/2014 20:14,45.18
6/25/2014 20:19,30.541
6/25/2014 20:24,30.12
6/25/2014 20:29,31.869
6/25/2014 20:34,29.946
6/25/2014 20:39,29.879
6/25/2014 20:44,32.339
6/25/2014 20:49,28.675
6/25/2014 20:54,30.162
6/25/2014 20:59,33.122
6/25/2014 21:04,45.769
6/25/2014 21:09,38.312
6/25/2014 21:14,31.661
6/25/2014 21:19,29.215
6/25/2014 21:24,29.796
6/25/2014 21:29,31.508
6/25/2014 21:34,30.051
6/25/2014 21:39,29.954
6/25/2014 21:44,31.375
6/25/2014 21:49,29.96
6/25/2014 21:54,30.046
6/25/2014 21:59,33.082
6/25/2014 22:04,43.838
6/25/2014 22:09,73.667
6/25/2014 22:14,51.502
6/25/2014 22:19,29.885
6/25/2014 22:24,31.161
6/25/2014 22:29,30.783
6/25/2014 22:34,31.17
6/25/2014 22:39,30.289
6/25/2014 22:44,30.891
6/25/2014 22:49,30.173
6/25/2014 22:54,29
6/25/2014 22:59,34.019
6/25/2014 23:04,43.501
6/25/2014 23:09,73.5
6/25/2014 23:14,44.434
6/25/2014 23:19,30.046
6/25/2014 23:24,30.84
6/25/2014 23:29,31.464
6/25/2014 23:34,29.62
6/25/2014 23:39,30.214
6/25/2014 23:44,31.008
6/25/2014 23:49,30.159
6/25/2014 23:54,29.794
6/25/2014 23:59,32.797
6/26/2014 0:04,45
6/26/2014 0:09,73.167
6/26/2014 0:14,52.989
6/26/2014 0:19,29.507
6/26/2014 0:24,30.269
6/26/2014 0:29,31.342
6/26/2014 0:34,31.711
6/26/2014 0:39,29.581
6/26/2014 0:44,31.288
6/26/2014 0:49,30.05
6/26/2014 0:54,29.63
6/26/2014 0:59,33.037
6/26/2014 1:04,45.122
6/26/2014 1:09,67.666
6/26/2014 1:14,44.209
6/26/2014 1:19,31.001
6/26/2014 1:24,30.999
6/26/2014 1:29,31.942
6/26/2014 1:34,28.879
6/26/2014 1:39,30.338
6/26/2014 1:44,30.839
6/26/2014 1:49,30.001
6/26/2014 1:54,30.124
6/26/2014 1:59,32.898
6/26/2014 2:04,44.171
6/26/2014 2:09,72.834
6/26/2014 2:14,44.869
6/26/2014 2:19,30.506
6/26/2014 2:24,31.337
6/26/2014 2:29,32.17
6/26/2014 2:34,29.668
6/26/2014 2:39,29.798
6/26/2014 2:44,31.39
6/26/2014 2:49,29.785
6/26/2014 2:54,29.881
6/26/2014 2:59,33.851
6/26/2014 3:04,44.005
6/26/2014 3:09,80
6/26/2014 3:14,52.62
6/26/2014 3:19,29.547
6/26/2014 3:24,30.004
6/26/2014 3:29,31.509
6/26/2014 3:34,36.83
6/26/2014 3:39,30.642
6/26/2014 3:44,31.159
6/26/2014 3:49,30.003
6/26/2014 3:54,29.957
6/26/2014 3:59,32.355
6/26/2014 4:04,44.625
6/26/2014 4:09,72.33
6/26/2014 4:14,45.326
6/26/2014 4:19,30
6/26/2014 4:24,30.667
6/26/2014 4:29,30.288
6/26/2014 4:34,30.218
6/26/2014 4:39,31.296
6/26/2014 4:44,29.89
6/26/2014 4:49,29.942
6/26/2014 4:54,30.88
6/26/2014 4:59,33.011
6/26/2014 5:04,43.628
6/26/2014 5:09,79.666
6/26/2014 5:14,52.166
6/26/2014 5:19,29.958
6/26/2014 5:24,29.932
6/26/2014 5:29,31.294
6/26/2014 5:34,29.682
6/26/2014 5:39,30.671
6/26/2014 5:44,31.339
6/26/2014 5:49,30
6/26/2014 5:54,29.914
6/26/2014 5:59,33.419
6/26/2014 6:04,45.119
6/26/2014 6:09,73
6/26/2014 6:14,45.315
6/26/2014 6:19,30.448
6/26/2014 6:24,30.384
6/26/2014 6:29,31.347
6/26/2014 6:34,30.17
6/26/2014 6:39,31.331
6/26/2014 6:44,29.557
6/26/2014 6:49,30.063
6/26/2014 6:54,29.878
6/26/2014 6:59,32.632
6/26/2014 7:04,44.338
6/26/2014 7:09,66.499
6/26/2014 7:14,51.832
6/26/2014 7:19,31.009
6/26/2014 7:24,29.995
6/26/2014 7:29,31.675
6/26/2014 7:34,30.124
6/26/2014 7:39,29.831
6/26/2014 7:44,31.55
6/26/2014 7:49,30.002
6/26/2014 7:54,29.871
6/26/2014 7:59,33.133
6/26/2014 8:04,44.176
6/26/2014 8:09,79.5
6/26/2014 8:14,52.007
6/26/2014 8:19,30.341
6/26/2014 8:24,31.2
6/26/2014 8:29,30.172
6/26/2014 8:34,29.629
6/26/2014 8:39,29.671
6/26/2014 8:44,31.396
6/26/2014 8:49,29.756
6/26/2014 8:54,29.706
6/26/2014 8:59,34.3
6/26/2014 9:04,43.992
6/26/2014 9:09,74.834
6/26/2014 9:14,51.835
6/26/2014 9:19,29.792
6/26/2014 9:24,31.213
6/26/2014 9:29,29.798
6/26/2014 9:34,30.351
6/26/2014 9:39,30.5
6/26/2014 9:44,31.264
6/26/2014 9:49,29.847
6/26/2014 9:54,29.941
6/26/2014 9:59,32.729
6/26/2014 10:04,44.5
6/26/2014 10:09,79.116
6/26/2014 10:14,51.588
6/26/2014 10:19,30.067
6/26/2014 10:24,30.602
6/26/2014 10:29,31.122
6/26/2014 10:34,30.902
6/26/2014 10:39,29.947
6/26/2014 10:44,30.777
6/26/2014 10:49,30.259
6/26/2014 10:54,31.146
6/26/2014 10:59,32.165
6/26/2014 11:04,44.152
6/26/2014 11:09,79.527
6/26/2014 11:14,45.664
6/26/2014 11:19,30.629
6/26/2014 11:24,29.049
6/26/2014 11:29,31.281
6/26/2014 11:34,30.342
6/26/2014 11:39,31.161
6/26/2014 11:44,30.862
6/26/2014 11:49,29.626
6/26/2014 11:54,29.863
6/26/2014 11:59,33.025
6/26/2014 12:04,44.341
6/26/2014 12:09,79.333
6/26/2014 12:14,52
6/26/2014 12:19,30.5
6/26/2014 12:24,29.788
6/26/2014 12:29,30.828
6/26/2014 12:34,29.87
6/26/2014 12:39,31.339
6/26/2014 12:44,29.947
6/26/2014 12:49,29.841
6/26/2014 12:54,30.052
6/26/2014 12:59,32.929
6/26/2014 13:04,44.222
6/26/2014 13:09,78.166
6/26/2014 13:14,52.381
6/26/2014 13:19,29.839
6/26/2014 13:24,29.786
6/26/2014 13:29,32.441
6/26/2014 13:34,30.766
6/26/2014 13:39,29.831
6/26/2014 13:44,31.343
6/26/2014 13:49,30.506
6/26/2014 13:54,29.989
6/26/2014 13:59,32.838
6/26/2014 14:04,44.329
6/26/2014 14:09,72.963
6/26/2014 14:14,51.835
6/26/2014 14:19,30.619
6/26/2014 14:24,30.479
6/26/2014 14:29,30.553
6/26/2014 14:34,30.831
6/26/2014 14:39,30.826
6/26/2014 14:44,30.441
6/26/2014 14:49,29.999
6/26/2014 14:54,29.995
6/26/2014 14:59,32.72
6/26/2014 15:04,43.903
6/26/2014 15:09,79.615
6/26/2014 15:14,53.045
6/26/2014 15:19,29.997
6/26/2014 15:24,29.953
6/26/2014 15:29,33.181
6/26/2014 15:34,28.835
6/26/2014 15:39,30.712
6/26/2014 15:44,31.007
6/26/2014 15:49,29.996
6/26/2014 15:54,31.169
6/26/2014 15:59,31.79
6/26/2014 16:04,44.831
6/26/2014 16:09,80
6/26/2014 16:14,52.547
6/26/2014 16:19,29.983
6/26/2014 16:24,30.493
6/26/2014 16:29,32.176
6/26/2014 16:34,29.621
6/26/2014 16:39,29.877
6/26/2014 16:44,31.15
6/26/2014 16:49,30.292
6/26/2014 16:54,29.785
6/26/2014 16:59,32.853
6/26/2014 17:04,44.82
6/26/2014 17:09,79.667
6/26/2014 17:14,52.332
6/26/2014 17:19,30.454
6/26/2014 17:24,29.67
6/26/2014 17:29,72.97
6/26/2014 17:34,100
6/26/2014 17:39,66.669
6/26/2014 17:44,59.337
6/26/2014 17:49,30.169
6/26/2014 17:54,30.168
6/26/2014 17:59,33
6/26/2014 18:04,44.287
6/26/2014 18:09,79.667
6/26/2014 18:14,52.498
6/26/2014 18:19,31.672
6/26/2014 18:24,29.826
6/26/2014 18:29,30.832
6/26/2014 18:34,29.813
6/26/2014 18:39,30.367
6/26/2014 18:44,31.003
6/26/2014 18:49,30.89
6/26/2014 18:54,30.714
6/26/2014 18:59,32.452
6/26/2014 19:04,44.887
6/26/2014 19:09,66.667
6/26/2014 19:14,52.12
6/26/2014 19:19,30.047
6/26/2014 19:24,31.58
6/26/2014 19:29,31.375
6/26/2014 19:34,30.172
6/26/2014 19:39,30.494
6/26/2014 19:44,31.334
6/26/2014 19:49,30.167
6/26/2014 19:54,31.316
6/26/2014 19:59,32.282
6/26/2014 20:04,44.717
6/26/2014 20:09,79.499
6/26/2014 20:14,52.313
6/26/2014 20:19,29.833
6/26/2014 20:24,32.22
6/26/2014 20:29,32.063
6/26/2014 20:34,29.794
6/26/2014 20:39,29.283
6/26/2014 20:44,31.492
6/26/2014 20:49,30.751
6/26/2014 20:54,29.319
6/26/2014 20:59,34.818
6/26/2014 21:04,44.002
6/26/2014 21:09,80.167
6/26/2014 21:14,51.999
6/26/2014 21:19,30.167
6/26/2014 21:24,30.333
6/26/2014 21:29,31.786
6/26/2014 21:34,31.887
6/26/2014 21:39,29.672
6/26/2014 21:44,31.835
6/26/2014 21:49,31.446
6/26/2014 21:54,29.025
6/26/2014 21:59,32.34
6/26/2014 22:04,44.956
6/26/2014 22:09,80.979
6/26/2014 22:14,52.717
6/26/2014 22:19,31.165
6/26/2014 22:24,29.505
6/26/2014 22:29,32.753
6/26/2014 22:34,29.664
6/26/2014 22:39,31.676
6/26/2014 22:44,30.178
6/26/2014 22:49,30.499
6/26/2014 22:54,29.514
6/26/2014 22:59,33.15
6/26/2014 23:04,45.767
6/26/2014 23:09,79.615
6/26/2014 23:14,52.172
6/26/2014 23:19,30.547
6/26/2014 23:24,30.673
6/26/2014 23:29,32.258
6/26/2014 23:34,30.951
6/26/2014 23:39,30.382
6/26/2014 23:44,32.336
6/26/2014 23:49,30.046
6/26/2014 23:54,30.162
6/26/2014 23:59,34.25
6/27/2014 0:04,43.34
6/27/2014 0:09,79.333
6/27/2014 0:14,52.787
6/27/2014 0:19,30.987
6/27/2014 0:24,30.335
6/27/2014 0:29,31.329
6/27/2014 0:34,30.046
6/27/2014 0:39,31.5
6/27/2014 0:44,30.225
6/27/2014 0:49,30.641
6/27/2014 0:54,31.436
6/27/2014 0:59,32.313
6/27/2014 1:04,44.627
6/27/2014 1:09,79.667
6/27/2014 1:14,52.826
6/27/2014 1:19,32.222
6/27/2014 1:24,31.145
6/27/2014 1:29,31.004
6/27/2014 1:34,31.664
6/27/2014 1:39,29.612
6/27/2014 1:44,31.372
6/27/2014 1:49,30.119
6/27/2014 1:54,31.545
6/27/2014 1:59,32.305
6/27/2014 2:04,46.666
6/27/2014 2:09,81.107
6/27/2014 2:14,52.044
6/27/2014 2:19,29.794
6/27/2014 2:24,31.209
6/27/2014 2:29,31.721
6/27/2014 2:34,30.27
6/27/2014 2:39,29.952
6/27/2014 2:44,31.995
6/27/2014 2:49,31.219
6/27/2014 2:54,30.334
6/27/2014 2:59,33.307
6/27/2014 3:04,45.602
6/27/2014 3:09,44.453
6/27/2014 3:14,32.68
6/27/2014 3:19,34.171
6/27/2014 3:24,30.228
6/27/2014 3:29,32.343
6/27/2014 3:34,29.668
6/27/2014 3:39,30.991
6/27/2014 3:44,34.786
6/27/2014 3:49,31.005
6/27/2014 3:54,29.714
6/27/2014 3:59,32.778
6/27/2014 4:04,44.71
6/27/2014 4:09,66.44
6/27/2014 4:14,53.413
6/27/2014 4:19,29.703
6/27/2014 4:24,30.167
6/27/2014 4:29,31.821
6/27/2014 4:34,31.169
6/27/2014 4:39,29.437
6/27/2014 4:44,32.494
6/27/2014 4:49,29.512
6/27/2014 4:54,30.173
6/27/2014 4:59,33.714
6/27/2014 5:04,44.67
6/27/2014 5:09,80.167
6/27/2014 5:14,52.669
6/27/2014 5:19,30.157
6/27/2014 5:24,30.286
6/27/2014 5:29,32.611
6/27/2014 5:34,29.589
6/27/2014 5:39,30.836
6/27/2014 5:44,31.721
6/27/2014 5:49,31.394
6/27/2014 5:54,29.215
6/27/2014 5:59,33.334
6/27/2014 6:04,44.669
6/27/2014 6:09,79.667
6/27/2014 6:14,52.801
6/27/2014 6:19,30.339
6/27/2014 6:24,30.174
6/27/2014 6:29,31.976
6/27/2014 6:34,30.268
6/27/2014 6:39,31.617
6/27/2014 6:44,30.848
6/27/2014 6:49,31.168
6/27/2014 6:54,30.176
6/27/2014 6:59,33.362
6/27/2014 7:04,44.334
6/27/2014 7:09,79.351
6/27/2014 7:14,51.222
6/27/2014 7:19,30.504
6/27/2014 7:24,31.292
6/27/2014 7:29,31.009
6/27/2014 7:34,30.375
6/27/2014 7:39,30.339
6/27/2014 7:44,31.85
6/27/2014 7:49,30.334
6/27/2014 7:54,30.784
6/27/2014 7:59,33.736
6/27/2014 8:04,44.19
6/27/2014 8:09,79.72
6/27/2014 8:14,52.379
6/27/2014 8:19,30.002
6/27/2014 8:24,30.118
6/27/2014 8:29,32.38
6/27/2014 8:34,30.318
6/27/2014 8:39,29.772
6/27/2014 8:44,32.332
6/27/2014 8:49,29.836
6/27/2014 8:54,30.11
6/27/2014 8:59,32.59
6/27/2014 9:04,44.673
6/27/2014 9:09,67.332
6/27/2014 9:14,51.169
6/27/2014 9:19,30.679
6/27/2014 9:24,30.942
6/27/2014 9:29,32.983
6/27/2014 9:34,29.703
6/27/2014 9:39,30.496
6/27/2014 9:44,31.336
6/27/2014 9:49,30.33
6/27/2014 9:54,31.289
6/27/2014 9:59,33.009
6/27/2014 10:04,44.178
6/27/2014 10:09,44.273
6/27/2014 10:14,32.168
6/27/2014 10:19,29.499
6/27/2014 10:24,30.334
6/27/2014 10:29,31.326
6/27/2014 10:34,30.458
6/27/2014 10:39,31.549
6/27/2014 10:44,30.171
6/27/2014 10:49,30.338
6/27/2014 10:54,30.826
6/27/2014 10:59,33.466
6/27/2014 11:04,44.167
6/27/2014 11:09,79.274
6/27/2014 11:14,52.049
6/27/2014 11:19,31.145
6/27/2014 11:24,29.501
6/27/2014 11:29,31.885
6/27/2014 11:34,31.11
6/27/2014 11:39,31.769
6/27/2014 11:44,30.262
6/27/2014 11:49,30.455
6/27/2014 11:54,30.174
6/27/2014 11:59,34.332
6/27/2014 12:04,43.384
6/27/2014 12:09,80.5
6/27/2014 12:14,51.427
6/27/2014 12:19,30.887
6/27/2014 12:24,30.284
6/27/2014 12:29,31.897
6/27/2014 12:34,30.666
6/27/2014 12:39,30.825
6/27/2014 12:44,31.839
6/27/2014 12:49,30.505
6/27/2014 12:54,30.303
6/27/2014 12:59,35.085
6/27/2014 13:04,42.97
6/27/2014 13:09,79.333
6/27/2014 13:14,52.342
6/27/2014 13:19,31.173
6/27/2014 13:24,30.074
6/27/2014 13:29,32.334
6/27/2014 13:34,30.218
6/27/2014 13:39,31.427
6/27/2014 13:44,30.368
6/27/2014 13:49,30.831
6/27/2014 13:54,29.618
6/27/2014 13:59,33.874
6/27/2014 14:04,44.435
6/27/2014 14:09,86.821
6/27/2014 14:14,52.22
6/27/2014 14:19,31.485
6/27/2014 14:24,30.834
6/27/2014 14:29,31.216
6/27/2014 14:34,30.311
6/27/2014 14:39,30.338
6/27/2014 14:44,31.499
6/27/2014 14:49,30.663
6/27/2014 14:54,30.172
6/27/2014 14:59,33.182
6/27/2014 15:04,45.225
6/27/2014 15:09,65.79
6/27/2014 15:14,52.668
6/27/2014 15:19,31.233
6/27/2014 15:24,30.027
6/27/2014 15:29,30.834
6/27/2014 15:34,30.048
6/27/2014 15:39,30.176
6/27/2014 15:44,31.649
6/27/2014 15:49,30.174
6/27/2014 15:54,30.457
6/27/2014 15:59,34.83
6/27/2014 16:04,44.038
6/27/2014 16:09,86.333
6/27/2014 16:14,51.381
6/27/2014 16:19,31.152
6/27/2014 16:24,30.001
6/27/2014 16:29,31.284
6/27/2014 16:34,30.885
6/27/2014 16:39,30.174
6/27/2014 16:44,31.343
6/27/2014 16:49,30.333
6/27/2014 16:54,30.786
6/27/2014 16:59,33.548
6/27/2014 17:04,44.134
6/27/2014 17:09,80
6/27/2014 17:14,52.994
6/27/2014 17:19,30.004
6/27/2014 17:24,30.505
6/27/2014 17:29,31.059
6/27/2014 17:34,30.794
6/27/2014 17:39,30.995
6/27/2014 17:44,32.559
6/27/2014 17:49,29.667
6/27/2014 17:54,30.331
6/27/2014 17:59,33.271
6/27/2014 18:04,44.679
6/27/2014 18:09,86.5
6/27/2014 18:14,53.475
6/27/2014 18:19,30.168
6/27/2014 18:24,29.835
6/27/2014 18:29,31.866
6/27/2014 18:34,30.893
6/27/2014 18:39,30.67
6/27/2014 18:44,31.323
6/27/2014 18:49,30.667
6/27/2014 18:54,29.799
6/27/2014 18:59,33.341
6/27/2014 19:04,44.832
6/27/2014 19:09,79.833
6/27/2014 19:14,53.258
6/27/2014 19:19,32.128
6/27/2014 19:24,29.867
6/27/2014 19:29,32.252
6/27/2014 19:34,29.887
6/27/2014 19:39,29.845
6/27/2014 19:44,31.825
6/27/2014 19:49,30.505
6/27/2014 19:54,30.175
6/27/2014 19:59,33.589
6/27/2014 20:04,44.388
6/27/2014 20:09,86.5
6/27/2014 20:14,52.924
6/27/2014 20:19,30.004
6/27/2014 20:24,30.718
6/27/2014 20:29,31.127
6/27/2014 20:34,30.167
6/27/2014 20:39,30.054
6/27/2014 20:44,31.958
6/27/2014 20:49,30.174
6/27/2014 20:54,30.454
6/27/2014 20:59,33.502
6/27/2014 21:04,45.014
6/27/2014 21:09,86.667
6/27/2014 21:14,52.05
6/27/2014 21:19,30.173
6/27/2014 21:24,30.424
6/27/2014 21:29,31.997
6/27/2014 21:34,30.787
6/27/2014 21:39,30.713
6/27/2014 21:44,32.007
6/27/2014 21:49,30.165
6/27/2014 21:54,31.427
6/27/2014 21:59,32.32
6/27/2014 22:04,44.885
6/27/2014 22:09,80.167
6/27/2014 22:14,52.551
6/27/2014 22:19,31.002
6/27/2014 22:24,30.007
6/27/2014 22:29,31.788
6/27/2014 22:34,31.053
6/27/2014 22:39,30.512
6/27/2014 22:44,32.334
6/27/2014 22:49,30.001
6/27/2014 22:54,29.629
6/27/2014 22:59,33.35
6/27/2014 23:04,44.889
6/27/2014 23:09,51.833
6/27/2014 23:14,31.783
6/27/2014 23:19,31.216
6/27/2014 23:24,30.501
6/27/2014 23:29,32.289
6/27/2014 23:34,30.004
6/27/2014 23:39,31.047
6/27/2014 23:44,30.609
6/27/2014 23:49,30.5
6/27/2014 23:54,30.988
6/27/2014 23:59,33.933
6/28/2014 0:04,43.503
6/28/2014 0:09,86.666
6/28/2014 0:14,52.719
6/28/2014 0:19,30.769
6/28/2014 0:24,31.195
6/28/2014 0:29,31.778
6/28/2014 0:34,30.313
6/28/2014 0:39,31.266
6/28/2014 0:44,31.689
6/28/2014 0:49,29.947
6/28/2014 0:54,29.764
6/28/2014 0:59,33.687
6/28/2014 1:04,43.784
6/28/2014 1:09,51.25
6/28/2014 1:14,33.509
6/28/2014 1:19,28.993
6/28/2014 1:24,31.833
6/28/2014 1:29,31.356
6/28/2014 1:34,32.555
6/28/2014 1:39,28.962
6/28/2014 1:44,31.214
6/28/2014 1:49,30.87
6/28/2014 1:54,30.782
6/28/2014 1:59,33.292
6/28/2014 2:04,45.165
6/28/2014 2:09,85.787
6/28/2014 2:14,52.455
6/28/2014 2:19,32.022
6/28/2014 2:24,29.989
6/28/2014 2:29,31.628
6/28/2014 2:34,30.135
6/28/2014 2:39,30.691
6/28/2014 2:44,31.837
6/28/2014 2:49,29.888
6/28/2014 2:54,29.923
6/28/2014 2:59,34.281
6/28/2014 3:04,43.55
6/28/2014 3:09,86.143
6/28/2014 3:14,52.672
6/28/2014 3:19,31.359
6/28/2014 3:24,30.947
6/28/2014 3:29,32.318
6/28/2014 3:34,30.667
6/28/2014 3:39,35.381
6/28/2014 3:44,30.983
6/28/2014 3:49,30.32
6/28/2014 3:54,30.434
6/28/2014 3:59,33.682
6/28/2014 4:04,43.547
6/28/2014 4:09,51.717
6/28/2014 4:14,31.241
6/28/2014 4:19,31.825
6/28/2014 4:24,28.994
6/28/2014 4:29,31.674
6/28/2014 4:34,30.804
6/28/2014 4:39,30.39
6/28/2014 4:44,31.498
6/28/2014 4:49,30.334
6/28/2014 4:54,29.839
6/28/2014 4:59,33.83
6/28/2014 5:04,45.328
6/28/2014 5:09,85.333
6/28/2014 5:14,52.832
6/28/2014 5:19,30.503
6/28/2014 5:24,29.966
6/28/2014 5:29,31.34
6/28/2014 5:34,30.21
6/28/2014 5:39,30.323
6/28/2014 5:44,32.007
6/28/2014 5:49,30.999
6/28/2014 5:54,30.168
6/28/2014 5:59,33.103
6/28/2014 6:04,44.216
6/28/2014 6:09,51.329
6/28/2014 6:14,31.492
6/28/2014 6:19,31.836
6/28/2014 6:24,28.672
6/28/2014 6:29,32.449
6/28/2014 6:34,30.05
6/28/2014 6:39,31.447
6/28/2014 6:44,31.624
6/28/2014 6:49,31.007
6/28/2014 6:54,31.054
6/28/2014 6:59,32.934
6/28/2014 7:04,46.454
6/28/2014 7:09,85.833
6/28/2014 7:14,52.832
6/28/2014 7:19,29.966
6/28/2014 7:24,30.662
6/28/2014 7:29,31.994
6/28/2014 7:34,29.839
6/28/2014 7:39,32.097
6/28/2014 7:44,31.303
6/28/2014 7:49,29.004
6/28/2014 7:54,30.325
6/28/2014 7:59,34.685
6/28/2014 8:04,43.078
6/28/2014 8:09,85.985
6/28/2014 8:14,52.613
6/28/2014 8:19,30.167
6/28/2014 8:24,30.82
6/28/2014 8:29,32.334
6/28/2014 8:34,30.167
6/28/2014 8:39,30.632
6/28/2014 8:44,31.295
6/28/2014 8:49,30.985
6/28/2014 8:54,29.043
6/28/2014 8:59,33.444
6/28/2014 9:04,44.56
6/28/2014 9:09,86.64
6/28/2014 9:14,52.454
6/28/2014 9:19,31.176
6/28/2014 9:24,30.118
6/28/2014 9:29,32.734
6/28/2014 9:34,30.165
6/28/2014 9:39,29.934
6/28/2014 9:44,32.22
6/28/2014 9:49,29.832
6/28/2014 9:54,31.455
6/28/2014 9:59,32.942
6/28/2014 10:04,45.752
6/28/2014 10:09,87.334
6/28/2014 10:14,51.921
6/28/2014 10:19,30.003
6/28/2014 10:24,32.045
6/28/2014 10:29,31.004
6/28/2014 10:34,31.59
6/28/2014 10:39,29.472
6/28/2014 10:44,30.977
6/28/2014 10:49,30.15
6/28/2014 10:54,30.141
6/28/2014 10:59,34.746
6/28/2014 11:04,43.546
6/28/2014 11:09,31.717
6/28/2014 11:14,31.824
6/28/2014 11:19,30.616
6/28/2014 11:24,30.819
6/28/2014 11:29,32.884
6/28/2014 11:34,29.15
6/28/2014 11:39,30.884
6/28/2014 11:44,31.823
6/28/2014 11:49,30.666
6/28/2014 11:54,30.498
6/28/2014 11:59,32.657
6/28/2014 12:04,44.801
6/28/2014 12:09,86.218
6/28/2014 12:14,51.482
6/28/2014 12:19,30.121
6/28/2014 12:24,31.043
6/28/2014 12:29,31.606
6/28/2014 12:34,29.544
6/28/2014 12:39,31.769
6/28/2014 12:44,30.651
6/28/2014 12:49,31.523
6/28/2014 12:54,28.994
6/28/2014 12:59,32.777
6/28/2014 13:04,44.889
6/28/2014 13:09,85.028
6/28/2014 13:14,53.484
6/28/2014 13:19,30.607
6/28/2014 13:24,31.087
6/28/2014 13:29,30.122
6/28/2014 13:34,30.356
6/28/2014 13:39,29.932
6/28/2014 13:44,31.339
6/28/2014 13:49,30.549
6/28/2014 13:54,29.747
6/28/2014 13:59,33.17
6/28/2014 14:04,45.168
6/28/2014 14:09,51.342
6/28/2014 14:14,31.838
6/28/2014 14:19,30.329
6/28/2014 14:24,31.163
6/28/2014 14:29,31.863
6/28/2014 14:34,29.268
6/28/2014 14:39,30.552
6/28/2014 14:44,31.122
6/28/2014 14:49,30.381
6/28/2014 14:54,30.674
6/28/2014 14:59,32.842
6/28/2014 15:04,45.111
6/28/2014 15:09,86.334
6/28/2014 15:14,52.985
6/28/2014 15:19,29.454
6/28/2014 15:24,30.659
6/28/2014 15:29,33.225
6/28/2014 15:34,28.526
6/28/2014 15:39,32.117
6/28/2014 15:44,30.171
6/28/2014 15:49,30.554
6/28/2014 15:54,30.336
6/28/2014 15:59,32.852
6/28/2014 16:04,44.46
6/28/2014 16:09,86.334
6/28/2014 16:14,52.718
6/28/2014 16:19,31.426
6/28/2014 16:24,30.43
6/28/2014 16:29,31.381
6/28/2014 16:34,31.461
6/28/2014 16:39,31.723
6/28/2014 16:44,31.489
6/28/2014 16:49,31.164
6/28/2014 16:54,29.264
6/28/2014 16:59,33.373
6/28/2014 17:04,44.823
6/28/2014 17:09,86.333
6/28/2014 17:14,52
6/28/2014 17:19,29.98
6/28/2014 17:24,31.607
6/28/2014 17:29,31.533
6/28/2014 17:34,30.665
6/28/2014 17:39,30.298
6/28/2014 17:44,31.014
6/28/2014 17:49,30.002
6/28/2014 17:54,30.334
6/28/2014 17:59,33.559
6/28/2014 18:04,44.039
6/28/2014 18:09,86.5
6/28/2014 18:14,52.881
6/28/2014 18:19,31.095
6/28/2014 18:24,31.322
6/28/2014 18:29,32.006
6/28/2014 18:34,29.837
6/28/2014 18:39,31.338
6/28/2014 18:44,29.836
6/28/2014 18:49,31.498
6/28/2014 18:54,29.682
6/28/2014 18:59,32.463
6/28/2014 19:04,44.387
6/28/2014 19:09,86.334
6/28/2014 19:14,52.653
6/28/2014 19:19,31.004
6/28/2014 19:24,29.885
6/28/2014 19:29,32.398
6/28/2014 19:34,31.466
6/28/2014 19:39,29.245
6/28/2014 19:44,31.997
6/28/2014 19:49,29.998
6/28/2014 19:54,31.004
6/28/2014 19:59,33.453
6/28/2014 20:04,44.382
6/28/2014 20:09,86.667
6/28/2014 20:14,52.787
6/28/2014 20:19,30.159
6/28/2014 20:24,30.877
6/28/2014 20:29,31.173
6/28/2014 20:34,31.266
6/28/2014 20:39,29.157
6/28/2014 20:44,31.879
6/28/2014 20:49,30.617
6/28/2014 20:54,31.666
6/28/2014 20:59,31.832
6/28/2014 21:04,44.487
6/28/2014 21:09,86.923
6/28/2014 21:14,51.194
6/28/2014 21:19,30.446
6/28/2014 21:24,30.156
6/28/2014 21:29,32.335
6/28/2014 21:34,31.972
6/28/2014 21:39,29.484
6/28/2014 21:44,31.788
6/28/2014 21:49,30.458
6/28/2014 21:54,30.167
6/28/2014 21:59,33.545
6/28/2014 22:04,45.786
6/28/2014 22:09,86.667
6/28/2014 22:14,52.142
6/28/2014 22:19,30.957
6/28/2014 22:24,29.838
6/28/2014 22:29,31.706
6/28/2014 22:34,30.339
6/28/2014 22:39,31.429
6/28/2014 22:44,30.035
6/28/2014 22:49,30.292
6/28/2014 22:54,30.674
6/28/2014 22:59,32.86
6/28/2014 23:04,45.669
6/28/2014 23:09,87.667
6/28/2014 23:14,51.614
6/28/2014 23:19,30.549
6/28/2014 23:24,30.666
6/28/2014 23:29,30.834
6/28/2014 23:34,30.406
6/28/2014 23:39,30.715
6/28/2014 23:44,31.808
6/28/2014 23:49,28.951
6/28/2014 23:54,29.88
6/28/2014 23:59,32.546
6/29/2014 0:04,44.822
6/29/2014 0:09,66.5
6/29/2014 0:14,52.363
6/29/2014 0:19,30.658
6/29/2014 0:24,31.334
6/29/2014 0:29,31.304
6/29/2014 0:34,30.289
6/29/2014 0:39,31.148
6/29/2014 0:44,31.528
6/29/2014 0:49,30.502
6/29/2014 0:54,30.164
6/29/2014 0:59,33.494
6/29/2014 1:04,44.286
6/29/2014 1:09,86.279
6/29/2014 1:14,52.787
6/29/2014 1:19,29.838
6/29/2014 1:24,30.834
6/29/2014 1:29,30.9
6/29/2014 1:34,30.373
6/29/2014 1:39,30.615
6/29/2014 1:44,32.438
6/29/2014 1:49,29.721
6/29/2014 1:54,29.834
6/29/2014 1:59,33.103
6/29/2014 2:04,45.502
6/29/2014 2:09,58.219
6/29/2014 2:14,32.213
6/29/2014 2:19,31.817
6/29/2014 2:24,29.741
6/29/2014 2:29,32.487
6/29/2014 2:34,29.668
6/29/2014 2:39,31.004
6/29/2014 2:44,30.964
6/29/2014 2:49,30.214
6/29/2014 2:54,30.785
6/29/2014 2:59,33.202
6/29/2014 3:04,44.809
6/29/2014 3:09,86.167
6/29/2014 3:14,57.432
6/29/2014 3:19,30.56
6/29/2014 3:24,30.957
6/29/2014 3:29,32.004
6/29/2014 3:34,29.906
6/29/2014 3:39,31.299
6/29/2014 3:44,33.624
6/29/2014 3:49,31.168
6/29/2014 3:54,30.321
6/29/2014 3:59,32.134
6/29/2014 4:04,44.34
6/29/2014 4:09,93
6/29/2014 4:14,53.172
6/29/2014 4:19,32.038
6/29/2014 4:24,28.907
6/29/2014 4:29,31.322
6/29/2014 4:34,31.571
6/29/2014 4:39,29.167
6/29/2014 4:44,31.208
6/29/2014 4:49,30.466
6/29/2014 4:54,30.119
6/29/2014 4:59,34.648
6/29/2014 5:04,43.01
6/29/2014 5:09,52.384
6/29/2014 5:14,31.183
6/29/2014 5:19,29.706
6/29/2014 5:24,30.452
6/29/2014 5:29,32.217
6/29/2014 5:34,29.788
6/29/2014 5:39,30.219
6/29/2014 5:44,31.945
6/29/2014 5:49,30.04
6/29/2014 5:54,31.543
6/29/2014 5:59,31.994
6/29/2014 6:04,45.21
6/29/2014 6:09,65.988
6/29/2014 6:14,52.451
6/29/2014 6:19,30.38
6/29/2014 6:24,30.67
6/29/2014 6:29,31.122
6/29/2014 6:34,31.215
6/29/2014 6:39,30.165
6/29/2014 6:44,31.887
6/29/2014 6:49,29.389
6/29/2014 6:54,31.167
6/29/2014 6:59,32.987
6/29/2014 7:04,44.043
6/29/2014 7:09,93
6/29/2014 7:14,52.5
6/29/2014 7:19,30.327
6/29/2014 7:24,31.166
6/29/2014 7:29,31.02
6/29/2014 7:34,30.119
6/29/2014 7:39,31.973
6/29/2014 7:44,31.441
6/29/2014 7:49,28.541
6/29/2014 7:54,30.216
6/29/2014 7:59,32.793
6/29/2014 8:04,45.319
6/29/2014 8:09,87.167
6/29/2014 8:14,53.109
6/29/2014 8:19,29.333
6/29/2014 8:24,30.172
6/29/2014 8:29,31.708
6/29/2014 8:34,31.33
6/29/2014 8:39,28.955
6/29/2014 8:44,31.504
6/29/2014 8:49,30.383
6/29/2014 8:54,29.832
6/29/2014 8:59,34.003
6/29/2014 9:04,44.329
6/29/2014 9:09,93.833
6/29/2014 9:14,51.67
6/29/2014 9:19,30.507
6/29/2014 9:24,30.005
6/29/2014 9:29,31.492
6/29/2014 9:34,30.293
6/29/2014 9:39,30.957
6/29/2014 9:44,30.999
6/29/2014 9:49,29.988
6/29/2014 9:54,31.543
6/29/2014 9:59,31.626
6/29/2014 10:04,44.501
6/29/2014 10:09,93.333
6/29/2014 10:14,52.499
6/29/2014 10:19,30.719
6/29/2014 10:24,30.325
6/29/2014 10:29,31.51
6/29/2014 10:34,30.3
6/29/2014 10:39,31.125
6/29/2014 10:44,31.215
6/29/2014 10:49,29.95
6/29/2014 10:54,30.224
6/29/2014 10:59,34.989
6/29/2014 11:04,42.817
6/29/2014 11:09,66.384
6/29/2014 11:14,52.951
6/29/2014 11:19,29.496
6/29/2014 11:24,30.002
6/29/2014 11:29,31.671
6/29/2014 11:34,31.644
6/29/2014 11:39,29.368
6/29/2014 11:44,31.119
6/29/2014 11:49,30.04
6/29/2014 11:54,30.961
6/29/2014 11:59,33.284
6/29/2014 12:04,44.379
6/29/2014 12:09,93.833
6/29/2014 12:14,52.833
6/29/2014 12:19,29.826
6/29/2014 12:24,30.334
6/29/2014 12:29,31.841
6/29/2014 12:34,30.288
6/29/2014 12:39,31.266
6/29/2014 12:44,30.2
6/29/2014 12:49,30.721
6/29/2014 12:54,29.453
6/29/2014 12:59,33.818
6/29/2014 13:04,43.883
6/29/2014 13:09,66.479
6/29/2014 13:14,52.167
6/29/2014 13:19,30.882
6/29/2014 13:24,31.333
6/29/2014 13:29,31.929
6/29/2014 13:34,31.044
6/29/2014 13:39,28.832
6/29/2014 13:44,31.59
6/29/2014 13:49,30.336
6/29/2014 13:54,31.636
6/29/2014 13:59,32.143
6/29/2014 14:04,44.311
6/29/2014 14:09,93.833
6/29/2014 14:14,51.786
6/29/2014 14:19,30.348
6/29/2014 14:24,31.004
6/29/2014 14:29,30.497
6/29/2014 14:34,31.273
6/29/2014 14:39,29.995
6/29/2014 14:44,31.546
6/29/2014 14:49,29.959
6/29/2014 14:54,30.155
6/29/2014 14:59,33.95
6/29/2014 15:04,44.163
6/29/2014 15:09,93.607
6/29/2014 15:14,52.696
6/29/2014 15:19,30.788
6/29/2014 15:24,29.719
6/29/2014 15:29,32.827
6/29/2014 15:34,30.992
6/29/2014 15:39,29.619
6/29/2014 15:44,31.838
6/29/2014 15:49,29.505
6/29/2014 15:54,30.601
6/29/2014 15:59,33.486
6/29/2014 16:04,44.885
6/29/2014 16:09,58.453
6/29/2014 16:14,31.855
6/29/2014 16:19,29.786
6/29/2014 16:24,31.662
6/29/2014 16:29,30.887
6/29/2014 16:34,30.334
6/29/2014 16:39,31.242
6/29/2014 16:44,30.694
6/29/2014 16:49,31.332
6/29/2014 16:54,30.282
6/29/2014 16:59,33.498
6/29/2014 17:04,44.269
6/29/2014 17:09,93.167
6/29/2014 17:14,53.446
6/29/2014 17:19,30.164
6/29/2014 17:24,30.332
6/29/2014 17:29,31.494
6/29/2014 17:34,30.001
6/29/2014 17:39,30.121
6/29/2014 17:44,31.336
6/29/2014 17:49,29.71
6/29/2014 17:54,30.304
6/29/2014 17:59,33.558
6/29/2014 18:04,44.235
6/29/2014 18:09,57.621
6/29/2014 18:14,31.616
6/29/2014 18:19,30.6
6/29/2014 18:24,32.101
6/29/2014 18:29,31.485
6/29/2014 18:34,30.596
6/29/2014 18:39,30.184
6/29/2014 18:44,31.509
6/29/2014 18:49,29.837
6/29/2014 18:54,31.001
6/29/2014 18:59,32.673
6/29/2014 19:04,44.993
6/29/2014 19:09,91.864
6/29/2014 19:14,52.881
6/29/2014 19:19,30.5
6/29/2014 19:24,30.454
6/29/2014 19:29,31.372
6/29/2014 19:34,30.071
6/29/2014 19:39,30.213
6/29/2014 19:44,31.502
6/29/2014 19:49,29.819
6/29/2014 19:54,30.939
6/29/2014 19:59,33.656
6/29/2014 20:04,44.287
6/29/2014 20:09,93.934
6/29/2014 20:14,51.584
6/29/2014 20:19,30.006
6/29/2014 20:24,30.932
6/29/2014 20:29,31.88
6/29/2014 20:34,30.826
6/29/2014 20:39,29.897
6/29/2014 20:44,31.667
6/29/2014 20:49,30.216
6/29/2014 20:54,30.666
6/29/2014 20:59,32.666
6/29/2014 21:04,44.814
6/29/2014 21:09,93.333
6/29/2014 21:14,52.895
6/29/2014 21:19,31.222
6/29/2014 21:24,29.847
6/29/2014 21:29,31.887
6/29/2014 21:34,30.454
6/29/2014 21:39,30.007
6/29/2014 21:44,31.671
6/29/2014 21:49,31.553
6/29/2014 21:54,29.443
6/29/2014 21:59,32.846
6/29/2014 22:04,45.665
6/29/2014 22:09,67.204
6/29/2014 22:14,53.008
6/29/2014 22:19,30.338
6/29/2014 22:24,30.65
6/29/2014 22:29,33.291
6/29/2014 22:34,29.052
6/29/2014 22:39,30.609
6/29/2014 22:44,30.625
6/29/2014 22:49,30.046
6/29/2014 22:54,29.963
6/29/2014 22:59,33.333
6/29/2014 23:04,45.327
6/29/2014 23:09,57.659
6/29/2014 23:14,33.264
6/29/2014 23:19,29.323
6/29/2014 23:24,31.122
6/29/2014 23:29,31.044
6/29/2014 23:34,30.165
6/29/2014 23:39,31.586
6/29/2014 23:44,29.489
6/29/2014 23:49,30.556
6/29/2014 23:54,30.335
6/29/2014 23:59,33.982
6/30/2014 0:04,45.571
6/30/2014 0:09,93.051
6/30/2014 0:14,53.233
6/30/2014 0:19,30.953
6/30/2014 0:24,28.721
6/30/2014 0:29,31.905
6/30/2014 0:34,31.885
6/30/2014 0:39,29.003
6/30/2014 0:44,31.745
6/30/2014 0:49,30.337
6/30/2014 0:54,29.88
6/30/2014 0:59,33.785
6/30/2014 1:04,44.384
6/30/2014 1:09,93.167
6/30/2014 1:14,52.811
6/30/2014 1:19,30.187
6/30/2014 1:24,30.838
6/30/2014 1:29,32.829
6/30/2014 1:34,30.496
6/30/2014 1:39,30.665
6/30/2014 1:44,31.484
6/30/2014 1:49,30.961
6/30/2014 1:54,31.749
6/30/2014 1:59,31.869
6/30/2014 2:04,44.663
6/30/2014 2:09,93.607
6/30/2014 2:14,52.851
6/30/2014 2:19,31.8
6/30/2014 2:24,28.696
6/30/2014 2:29,32.395
6/30/2014 2:34,29.037
6/30/2014 2:39,32.098
6/30/2014 2:44,30.974
6/30/2014 2:49,29.671
6/30/2014 2:54,31.688
6/30/2014 2:59,31.617
6/30/2014 3:04,44.551
6/30/2014 3:09,67.334
6/30/2014 3:14,51.46
6/30/2014 3:19,33.453
6/30/2014 3:24,31.335
6/30/2014 3:29,35.28
6/30/2014 3:34,31.37
6/30/2014 3:39,30.957
6/30/2014 3:44,31.041
6/30/2014 3:49,30.222
6/30/2014 3:54,30.277
6/30/2014 3:59,33.182
6/30/2014 4:04,45.963
6/30/2014 4:09,94.098
6/30/2014 4:14,50.671
6/30/2014 4:19,31.145
6/30/2014 4:24,29.831
6/30/2014 4:29,31.493
6/30/2014 4:34,30.173
6/30/2014 4:39,30.089
6/30/2014 4:44,31.838
6/30/2014 4:49,30.335
6/30/2014 4:54,30.204
6/30/2014 4:59,33.85
6/30/2014 5:04,44.793
6/30/2014 5:09,57.885
6/30/2014 5:14,32.089
6/30/2014 5:19,29.009
6/30/2014 5:24,30.325
6/30/2014 5:29,31.548
6/30/2014 5:34,30.168
6/30/2014 5:39,30.665
6/30/2014 5:44,30.827
6/30/2014 5:49,30.463
6/30/2014 5:54,30.336
6/30/2014 5:59,33.452
6/30/2014 6:04,43.843
6/30/2014 6:09,92.667
6/30/2014 6:14,52.551
6/30/2014 6:19,30.671
6/30/2014 6:24,30.294
6/30/2014 6:29,31.577
6/30/2014 6:34,30.218
6/30/2014 6:39,30.218
6/30/2014 6:44,31.954
6/30/2014 6:49,30.209
6/30/2014 6:54,30.003
6/30/2014 6:59,33.653
6/30/2014 7:04,44.671
6/30/2014 7:09,93
6/30/2014 7:14,52.166
6/30/2014 7:19,30.149
6/30/2014 7:24,29.835
6/30/2014 7:29,32.127
6/30/2014 7:34,30.218
6/30/2014 7:39,30.989
6/30/2014 7:44,31.622
6/30/2014 7:49,28.667
6/30/2014 7:54,30.423
6/30/2014 7:59,33.199
6/30/2014 8:04,44.498
6/30/2014 8:09,93.934
6/30/2014 8:14,51.786
6/30/2014 8:19,30.352
6/30/2014 8:24,29.619
6/30/2014 8:29,31.168
6/30/2014 8:34,30.831
6/30/2014 8:39,30.651
6/30/2014 8:44,30.5
6/30/2014 8:49,29.866
6/30/2014 8:54,30.834
6/30/2014 8:59,32.502
6/30/2014 9:04,44.499
6/30/2014 9:09,93
6/30/2014 9:14,52.725
6/30/2014 9:19,30.834
6/30/2014 9:24,29.999
6/30/2014 9:29,30.859
6/30/2014 9:34,29.771
6/30/2014 9:39,32.989
6/30/2014 9:44,30.173
6/30/2014 9:49,29.667
6/30/2014 9:54,30.788
6/30/2014 9:59,32.004
6/30/2014 10:04,44.881
6/30/2014 10:09,65.211
6/30/2014 10:14,29.963
6/30/2014 10:19,30.216
6/30/2014 10:24,31.166
6/30/2014 10:29,30.432
6/30/2014 10:34,30.716
6/30/2014 10:39,29.823
6/30/2014 10:44,30.961
6/30/2014 10:49,30.718
6/30/2014 10:54,30.447
6/30/2014 10:59,32.661
6/30/2014 11:04,44.714
6/30/2014 11:09,93.115
6/30/2014 11:14,52.333
6/30/2014 11:19,30.163
6/30/2014 11:24,29.998
6/30/2014 11:29,31.292
6/30/2014 11:34,30.499
6/30/2014 11:39,30.383
6/30/2014 11:44,31.834
6/30/2014 11:49,29.715
6/30/2014 11:54,30.116
6/30/2014 11:59,33.419
6/30/2014 12:04,44.381
6/30/2014 12:09,93.22
6/30/2014 12:14,52.398
6/30/2014 12:19,30.718
6/30/2014 12:24,29.492
6/30/2014 12:29,31.799
6/30/2014 12:34,30.549
6/30/2014 12:39,31.27
6/30/2014 12:44,30.37
6/30/2014 12:49,31.605
6/30/2014 12:54,29.699
6/30/2014 12:59,32.44
6/30/2014 13:04,45.719
6/30/2014 13:09,100
6/30/2014 13:14,53.388
6/30/2014 13:19,30.215
6/30/2014 13:24,30.171
6/30/2014 13:29,31.386
6/30/2014 13:34,30.165
6/30/2014 13:39,30.504
6/30/2014 13:44,31.671
6/30/2014 13:49,30.095
6/30/2014 13:54,30.331
6/30/2014 13:59,33.224
6/30/2014 14:04,44.286
6/30/2014 14:09,56.671
6/30/2014 14:14,31.541
6/30/2014 14:19,30.331
6/30/2014 14:24,29.998
6/30/2014 14:29,31.618
6/30/2014 14:34,30.884
6/30/2014 14:39,30.161
6/30/2014 14:44,31.663
6/30/2014 14:49,31.284
6/30/2014 14:54,28.816
6/30/2014 14:59,32.887
6/30/2014 15:04,44.648
6/30/2014 15:09,100
6/30/2014 15:14,52.301
6/30/2014 15:19,30.049
6/30/2014 15:24,29.835
6/30/2014 15:29,32.639
6/30/2014 15:34,28.965
6/30/2014 15:39,30.83
6/30/2014 15:44,31.956
6/30/2014 15:49,31.55
6/30/2014 15:54,29.955
6/30/2014 15:59,32.219
6/30/2014 16:04,44.332
6/30/2014 16:09,93.167
6/30/2014 16:14,52.494
6/30/2014 16:19,30.83
6/30/2014 16:24,29.831
6/30/2014 16:29,31.49
6/30/2014 16:34,30.048
6/30/2014 16:39,30.201
6/30/2014 16:44,31.382
6/30/2014 16:49,30.144
6/30/2014 16:54,30.498
6/30/2014 16:59,33.554
6/30/2014 17:04,43.777
6/30/2014 17:09,100
6/30/2014 17:14,53.166
6/30/2014 17:19,30.165
6/30/2014 17:24,29.992
6/30/2014 17:29,32.172
6/30/2014 17:34,30.668
6/30/2014 17:39,29.793
6/30/2014 17:44,31.671
6/30/2014 17:49,30.005
6/30/2014 17:54,31.219
6/30/2014 17:59,32.183
6/30/2014 18:04,44.34
6/30/2014 18:09,100
6/30/2014 18:14,52.211
6/30/2014 18:19,30.338
6/30/2014 18:24,32.664
6/30/2014 18:29,30.001
6/30/2014 18:34,30.488
6/30/2014 18:39,30.315
6/30/2014 18:44,31.002
6/30/2014 18:49,30.503
6/30/2014 18:54,30.335
6/30/2014 18:59,32.784
6/30/2014 19:04,45.64
6/30/2014 19:09,100
6/30/2014 19:14,52.5
6/30/2014 19:19,31.334
6/30/2014 19:24,30.122
6/30/2014 19:29,31.72
6/30/2014 19:34,30.221
6/30/2014 19:39,30.721
6/30/2014 19:44,31.276
6/30/2014 19:49,29.904
6/30/2014 19:54,30.8
6/30/2014 19:59,32.726
6/30/2014 20:04,44.12
6/30/2014 20:09,100
6/30/2014 20:14,52.288
6/30/2014 20:19,30.222
6/30/2014 20:24,29.953
6/30/2014 20:29,32.504
6/30/2014 20:34,29.878
6/30/2014 20:39,30.633
6/30/2014 20:44,32.998
6/30/2014 20:49,29.673
6/30/2014 20:54,31.666
6/30/2014 20:59,31.725
6/30/2014 21:04,44.213
6/30/2014 21:09,100
6/30/2014 21:14,53.106
6/30/2014 21:19,29.486
6/30/2014 21:24,30.041
6/30/2014 21:29,31.779
6/30/2014 21:34,30.503
6/30/2014 21:39,30.501
6/30/2014 21:44,31.674
6/30/2014 21:49,30.166
6/30/2014 21:54,30.455
6/30/2014 21:59,33.483
6/30/2014 22:04,44.044
6/30/2014 22:09,100
6/30/2014 22:14,52.717
6/30/2014 22:19,31.099
6/30/2014 22:24,30.551
6/30/2014 22:29,31.657
6/30/2014 22:34,30.664
6/30/2014 22:39,31.265
6/30/2014 22:44,31.049
6/30/2014 22:49,29.834
6/30/2014 22:54,30.123
6/30/2014 22:59,32.772
6/30/2014 23:04,45.976
6/30/2014 23:09,65.01
6/30/2014 23:14,32.547
6/30/2014 23:19,30.099
6/30/2014 23:24,31.056
6/30/2014 23:29,31.939
6/30/2014 23:34,30.831
6/30/2014 23:39,29.793
6/30/2014 23:44,32.283
6/30/2014 23:49,29.953
6/30/2014 23:54,30.267
6/30/2014 23:59,32.599
7/1/2014 0:04,45.507
7/1/2014 0:09,100
7/1/2014 0:14,52.667
7/1/2014 0:19,30.665
7/1/2014 0:24,31.134
7/1/2014 0:29,31.829
7/1/2014 0:34,30.802
7/1/2014 0:39,30.169
7/1/2014 0:44,31.498
7/1/2014 0:49,29.828
7/1/2014 0:54,30.339
7/1/2014 0:59,33.619
7/1/2014 1:04,44.553
7/1/2014 1:09,100
7/1/2014 1:14,52.729
7/1/2014 1:19,31.641
7/1/2014 1:24,29.019
7/1/2014 1:29,32.83
7/1/2014 1:34,29.982
7/1/2014 1:39,31.213
7/1/2014 1:44,30.77
7/1/2014 1:49,30.333
7/1/2014 1:54,30.167
7/1/2014 1:59,32.999
7/1/2014 2:04,44.668
7/1/2014 2:09,100
7/1/2014 2:14,52.12
7/1/2014 2:19,31.171
7/1/2014 2:24,30.716
7/1/2014 2:29,31.655
7/1/2014 2:34,30.334
7/1/2014 2:39,31.243
7/1/2014 2:44,30.872
7/1/2014 2:49,29.333
7/1/2014 2:54,30.002
7/1/2014 2:59,33.069
7/1/2014 3:04,45.152
7/1/2014 3:09,100
7/1/2014 3:14,52.648
7/1/2014 3:19,36.932
7/1/2014 3:24,32.355
7/1/2014 3:29,31.782
7/1/2014 3:34,30.5
7/1/2014 3:39,30.525
7/1/2014 3:44,31.455
7/1/2014 3:49,30.218
7/1/2014 3:54,29.994
7/1/2014 3:59,32.986
7/1/2014 4:04,44.831
7/1/2014 4:09,31.501
7/1/2014 4:14,31.661
7/1/2014 4:19,30.153
7/1/2014 4:24,30.17
7/1/2014 4:29,31.327
7/1/2014 4:34,30.118
7/1/2014 4:39,29.551
7/1/2014 4:44,31.674
7/1/2014 4:49,30.138
7/1/2014 4:54,30.506
7/1/2014 4:59,32.686
7/1/2014 5:04,44.835
7/1/2014 5:09,100
7/1/2014 5:14,52.488
7/1/2014 5:19,30.162
7/1/2014 5:24,30.214
7/1/2014 5:29,32.073
7/1/2014 5:34,29.337
7/1/2014 5:39,30.404
7/1/2014 5:44,31.219
7/1/2014 5:49,29.787
7/1/2014 5:54,30.833
7/1/2014 5:59,33.199
7/1/2014 6:04,45.312
7/1/2014 6:09,64.829
7/1/2014 6:14,31.625
7/1/2014 6:19,30.517
7/1/2014 6:24,30.498
7/1/2014 6:29,31.491
7/1/2014 6:34,30.501
7/1/2014 6:39,30.669
7/1/2014 6:44,31.328
7/1/2014 6:49,30.498
7/1/2014 6:54,30.502
7/1/2014 6:59,33.785
7/1/2014 7:04,44.699
7/1/2014 7:09,100
7/1/2014 7:14,52.501
7/1/2014 7:19,30.168
7/1/2014 7:24,29.835
7/1/2014 7:29,31.789
7/1/2014 7:34,31.548
7/1/2014 7:39,29.167
7/1/2014 7:44,31.394
7/1/2014 7:49,30.573
7/1/2014 7:54,30.498
7/1/2014 7:59,33.792
7/1/2014 8:04,43.33
7/1/2014 8:09,100
7/1/2014 8:14,52.386
7/1/2014 8:19,30.289
7/1/2014 8:24,31.814
7/1/2014 8:29,30.477
7/1/2014 8:34,30.047
7/1/2014 8:39,30.667
7/1/2014 8:44,31.164
7/1/2014 8:49,29.998
7/1/2014 8:54,29.806
7/1/2014 8:59,34.516
7/1/2014 9:04,43.665
7/1/2014 9:09,66.819
7/1/2014 9:14,52.048
7/1/2014 9:19,30.291
7/1/2014 9:24,30.495
7/1/2014 9:29,31.621
7/1/2014 9:34,31.001
7/1/2014 9:39,29.985
7/1/2014 9:44,30.699
7/1/2014 9:49,29.648
7/1/2014 9:54,30.61
7/1/2014 9:59,32.858
7/1/2014 10:04,44.716
7/1/2014 10:09,100
7/1/2014 10:14,53.069
7/1/2014 10:19,29.334
7/1/2014 10:24,30.453
7/1/2014 10:29,31.054
7/1/2014 10:34,30.168
7/1/2014 10:39,30
7/1/2014 10:44,32.26
7/1/2014 10:49,29.504
7/1/2014 10:54,30.153
7/1/2014 10:59,32.624
7/1/2014 11:04,44.672
7/1/2014 11:09,66.333
7/1/2014 11:14,51.982
7/1/2014 11:19,30.787
7/1/2014 11:24,30.134
7/1/2014 11:29,31.043
7/1/2014 11:34,30.497
7/1/2014 11:39,31.166
7/1/2014 11:44,30.338
7/1/2014 11:49,30.504
7/1/2014 11:54,30.332
7/1/2014 11:59,33.015
7/1/2014 12:04,44.458
7/1/2014 12:09,100
7/1/2014 12:14,51.834
7/1/2014 12:19,30.195
7/1/2014 12:24,29.955
7/1/2014 12:29,32.127
7/1/2014 12:34,30.985
7/1/2014 12:39,30.367
7/1/2014 12:44,31.667
7/1/2014 12:49,30.125
7/1/2014 12:54,31.304
7/1/2014 12:59,32.369
7/1/2014 13:04,43.981
7/1/2014 13:09,100
7/1/2014 13:14,52.498
7/1/2014 13:19,30.545
7/1/2014 13:24,30.659
7/1/2014 13:29,31.625
7/1/2014 13:34,31.648
7/1/2014 13:39,30.215
7/1/2014 13:44,30.823
7/1/2014 13:49,30.165
7/1/2014 13:54,30.972
7/1/2014 13:59,31.854
7/1/2014 14:04,44.831
7/1/2014 14:09,100
7/1/2014 14:14,52.551
7/1/2014 14:19,30.053
7/1/2014 14:24,30.001
7/1/2014 14:29,31.51
7/1/2014 14:34,29.999
7/1/2014 14:39,31.748
7/1/2014 14:44,30.192
7/1/2014 14:49,30.673
7/1/2014 14:54,29.998
7/1/2014 14:59,32.831
7/1/2014 15:04,45.001
7/1/2014 15:09,32.593
7/1/2014 15:14,29.88
7/1/2014 15:19,30.703
7/1/2014 15:24,30.952
7/1/2014 15:29,31.499
7/1/2014 15:34,29.948
7/1/2014 15:39,30.306
7/1/2014 15:44,31.665
7/1/2014 15:49,30.661
7/1/2014 15:54,30.049
7/1/2014 15:59,33.372
7/1/2014 16:04,45.051
7/1/2014 16:09,100
7/1/2014 16:14,51.952
7/1/2014 16:19,30.725
7/1/2014 16:24,31.164
7/1/2014 16:29,32.767
7/1/2014 16:34,30.681
7/1/2014 16:39,30.336
7/1/2014 16:44,31.671
7/1/2014 16:49,30.173
7/1/2014 16:54,30.002
7/1/2014 16:59,33.012
7/1/2014 17:04,44.617
7/1/2014 17:09,64.832
7/1/2014 17:14,32.456
7/1/2014 17:19,29.829
7/1/2014 17:24,30.22
7/1/2014 17:29,31.492
7/1/2014 17:34,29.981
7/1/2014 17:39,30.5
7/1/2014 17:44,72.784
7/1/2014 17:49,100
7/1/2014 17:54,65.157
7/1/2014 17:59,32.874
7/1/2014 18:04,45.995
7/1/2014 18:09,100
7/1/2014 18:14,53.884
7/1/2014 18:19,29.789
7/1/2014 18:24,32.001
7/1/2014 18:29,30.882
7/1/2014 18:34,30.334
7/1/2014 18:39,29.664
7/1/2014 18:44,31.678
7/1/2014 18:49,30.154
7/1/2014 18:54,30.785
7/1/2014 18:59,33.644
7/1/2014 19:04,45.374
7/1/2014 19:09,100
7/1/2014 19:14,52.499
7/1/2014 19:19,30.752
7/1/2014 19:24,29.893
7/1/2014 19:29,31.462
7/1/2014 19:34,30.168
7/1/2014 19:39,30.173
7/1/2014 19:44,31.83
7/1/2014 19:49,31.469
7/1/2014 19:54,29.447
7/1/2014 19:59,32.886
7/1/2014 20:04,45.451
7/1/2014 20:09,100
7/1/2014 20:14,59.756
7/1/2014 20:19,28.644
7/1/2014 20:24,30.714
7/1/2014 20:29,32.01
7/1/2014 20:34,30.332
7/1/2014 20:39,30.838
7/1/2014 20:44,30.776
7/1/2014 20:49,31.168
7/1/2014 20:54,30.337
7/1/2014 20:59,32.141
7/1/2014 21:04,44.547
7/1/2014 21:09,100
7/1/2014 21:14,52.381
7/1/2014 21:19,31.646
7/1/2014 21:24,29.385
7/1/2014 21:29,32.387
7/1/2014 21:34,29.867
7/1/2014 21:39,30.447
7/1/2014 21:44,31.344
7/1/2014 21:49,30.621
7/1/2014 21:54,31.361
7/1/2014 21:59,32.482
7/1/2014 22:04,43.77
7/1/2014 22:09,100
7/1/2014 22:14,52.884
7/1/2014 22:19,30.172
7/1/2014 22:24,31
7/1/2014 22:29,33.334
7/1/2014 22:34,28.959
7/1/2014 22:39,30.172
7/1/2014 22:44,31.502
7/1/2014 22:49,29.877
7/1/2014 22:54,31.833
7/1/2014 22:59,32.499
7/1/2014 23:04,44
7/1/2014 23:09,100
7/1/2014 23:14,52.672
7/1/2014 23:19,31.474
7/1/2014 23:24,28.783
7/1/2014 23:29,31.506
7/1/2014 23:34,30.502
7/1/2014 23:39,30.49
7/1/2014 23:44,31.964
7/1/2014 23:49,32.315
7/1/2014 23:54,29.194
7/1/2014 23:59,32.659
7/2/2014 0:04,44.723
7/2/2014 0:09,100
7/2/2014 0:14,52.548
7/2/2014 0:19,30.667
7/2/2014 0:24,30.165
7/2/2014 0:29,31.325
7/2/2014 0:34,30.455
7/2/2014 0:39,30.191
7/2/2014 0:44,31.826
7/2/2014 0:49,30.169
7/2/2014 0:54,30.826
7/2/2014 0:59,33.032
7/2/2014 1:04,44.503
7/2/2014 1:09,100
7/2/2014 1:14,59.099
7/2/2014 1:19,30.456
7/2/2014 1:24,30.334
7/2/2014 1:29,31.349
7/2/2014 1:34,31.269
7/2/2014 1:39,30.204
7/2/2014 1:44,31.992
7/2/2014 1:49,30.498
7/2/2014 1:54,30.172
7/2/2014 1:59,33.502
7/2/2014 2:04,45.341
7/2/2014 2:09,65.052
7/2/2014 2:14,31.51
7/2/2014 2:19,31.335
7/2/2014 2:24,30.827
7/2/2014 2:29,32.331
7/2/2014 2:34,31.311
7/2/2014 2:39,29.33
7/2/2014 2:44,31.286
7/2/2014 2:49,30.173
7/2/2014 2:54,30.217
7/2/2014 2:59,33.634
7/2/2014 3:04,44.94
7/2/2014 3:09,31.181
7/2/2014 3:14,31.784
7/2/2014 3:19,30.826
7/2/2014 3:24,34.5
7/2/2014 3:29,35.288
7/2/2014 3:34,31.338
7/2/2014 3:39,29.94
7/2/2014 3:44,31.548
7/2/2014 3:49,28.751
7/2/2014 3:54,30.107
7/2/2014 3:59,33.274
7/2/2014 4:04,43.885
7/2/2014 4:09,100
7/2/2014 4:14,52.904
7/2/2014 4:19,30.165
7/2/2014 4:24,30.048
7/2/2014 4:29,31.769
7/2/2014 4:34,30.668
7/2/2014 4:39,29.614
7/2/2014 4:44,30.72
7/2/2014 4:49,30.338
7/2/2014 4:54,29.831
7/2/2014 4:59,33.287
7/2/2014 5:04,44.665
7/2/2014 5:09,100
7/2/2014 5:14,59.12
7/2/2014 5:19,30.216
7/2/2014 5:24,30.501
7/2/2014 5:29,31.148
7/2/2014 5:34,30.836
7/2/2014 5:39,30.426
7/2/2014 5:44,31.342
7/2/2014 5:49,29.98
7/2/2014 5:54,30.879
7/2/2014 5:59,32.854
7/2/2014 6:04,43.171
7/2/2014 6:09,100
7/2/2014 6:14,58.713
7/2/2014 6:19,30.831
7/2/2014 6:24,29.334
7/2/2014 6:29,32.325
7/2/2014 6:34,29.664
7/2/2014 6:39,31.279
7/2/2014 6:44,31.382
7/2/2014 6:49,29.995
7/2/2014 6:54,29.819
7/2/2014 6:59,32.787
7/2/2014 7:04,44.668
7/2/2014 7:09,100
7/2/2014 7:14,53.382
7/2/2014 7:19,29.376
7/2/2014 7:24,30.004
7/2/2014 7:29,31.552
7/2/2014 7:34,30.832
7/2/2014 7:39,29.952
7/2/2014 7:44,30.5
7/2/2014 7:49,30.865
7/2/2014 7:54,30.166
7/2/2014 7:59,32.835
7/2/2014 8:04,43.781
7/2/2014 8:09,100
7/2/2014 8:14,58.287
7/2/2014 8:19,30.839
7/2/2014 8:24,30.334
7/2/2014 8:29,31.041
7/2/2014 8:34,29.787
7/2/2014 8:39,30.216
7/2/2014 8:44,31.778
7/2/2014 8:49,29.689
7/2/2014 8:54,29.978
7/2/2014 8:59,33.51
7/2/2014 9:04,44.835
7/2/2014 9:09,100
7/2/2014 9:14,60.766
7/2/2014 9:19,29.08
7/2/2014 9:24,30.125
7/2/2014 9:29,31.052
7/2/2014 9:34,30.831
7/2/2014 9:39,29.502
7/2/2014 9:44,31.252
7/2/2014 9:49,30.546
7/2/2014 9:54,30.121
7/2/2014 9:59,32.85
7/2/2014 10:04,45.328
7/2/2014 10:09,100
7/2/2014 10:14,53.667
7/2/2014 10:19,29.644
7/2/2014 10:24,29.458
7/2/2014 10:29,31.813
7/2/2014 10:34,30.659
7/2/2014 10:39,30.225
7/2/2014 10:44,31.662
7/2/2014 10:49,30.001
7/2/2014 10:54,30
7/2/2014 10:59,32.953
7/2/2014 11:04,44.552
7/2/2014 11:09,100
7/2/2014 11:14,58.153
7/2/2014 11:19,30.55
7/2/2014 11:24,30.496
7/2/2014 11:29,32.118
7/2/2014 11:34,29.529
7/2/2014 11:39,31.881
7/2/2014 11:44,30.29
7/2/2014 11:49,30.443
7/2/2014 11:54,30.338
7/2/2014 11:59,33.011
7/2/2014 12:04,45.292
7/2/2014 12:09,64.666
7/2/2014 12:14,38.99
7/2/2014 12:19,29.997
7/2/2014 12:24,30.332
7/2/2014 12:29,32.324
7/2/2014 12:34,30.001
7/2/2014 12:39,30.286
7/2/2014 12:44,32.001
7/2/2014 12:49,29.548
7/2/2014 12:54,30.117
7/2/2014 12:59,33.328
7/2/2014 13:04,44.335
7/2/2014 13:09,100
7/2/2014 13:14,59.714
7/2/2014 13:19,30.001
7/2/2014 13:24,30.452
7/2/2014 13:29,31.545
7/2/2014 13:34,30.156
7/2/2014 13:39,29.983
7/2/2014 13:44,31.292
7/2/2014 13:49,30.826
7/2/2014 13:54,29.885
7/2/2014 13:59,33.168
7/2/2014 14:04,44.331
7/2/2014 14:09,100
7/2/2014 14:14,60.092
7/2/2014 14:19,29.038
7/2/2014 14:24,30.622
7/2/2014 14:29,32.495
7/2/2014 14:34,29.213
7/2/2014 14:39,30
7/2/2014 14:44,32.513
7/2/2014 14:49,29.327
7/2/2014 14:54,29.971
7/2/2014 14:59,33.033
7/2/2014 15:04,44.835
7/2/2014 15:09,100
7/2/2014 15:14,59.157
7/2/2014 15:19,29.545
7/2/2014 15:24,30.667
7/2/2014 15:29,31.838
7/2/2014 15:34,30.623
7/2/2014 15:39,30.664
7/2/2014 15:44,30.542
7/2/2014 15:49,30.625
7/2/2014 15:54,29.937
7/2/2014 15:59,32.704
7/2/2014 16:04,44.829
7/2/2014 16:09,100
7/2/2014 16:14,60.451
7/2/2014 16:19,29.555
7/2/2014 16:24,29.999
7/2/2014 16:29,31.836
7/2/2014 16:34,29.828
7/2/2014 16:39,30.831
7/2/2014 16:44,31.676
7/2/2014 16:49,31.596
7/2/2014 16:54,28.526
7/2/2014 16:59,32.821
7/2/2014 17:04,44.336
7/2/2014 17:09,67.269
7/2/2014 17:14,51.875
7/2/2014 17:19,31.002
7/2/2014 17:24,30.141
7/2/2014 17:29,31.625
7/2/2014 17:34,30.384
7/2/2014 17:39,30.833
7/2/2014 17:44,30.506
7/2/2014 17:49,29.911
7/2/2014 17:54,30.115
7/2/2014 17:59,32.92
7/2/2014 18:04,44.967
7/2/2014 18:09,100
7/2/2014 18:14,58.834
7/2/2014 18:19,31.121
7/2/2014 18:24,29.835
7/2/2014 18:29,31.503
7/2/2014 18:34,30.293
7/2/2014 18:39,31.373
7/2/2014 18:44,30.151
7/2/2014 18:49,30.877
7/2/2014 18:54,30.44
7/2/2014 18:59,32.776
7/2/2014 19:04,45.335
7/2/2014 19:09,100
7/2/2014 19:14,59.499
7/2/2014 19:19,30.118
7/2/2014 19:24,29.661
7/2/2014 19:29,31.521
7/2/2014 19:34,30.121
7/2/2014 19:39,30.437
7/2/2014 19:44,31.216
7/2/2014 19:49,29.832
7/2/2014 19:54,30.998
7/2/2014 19:59,32.887
7/2/2014 20:04,44.549
7/2/2014 20:09,100
7/2/2014 20:14,58.781
7/2/2014 20:19,29.81
7/2/2014 20:24,30.667
7/2/2014 20:29,32.329
7/2/2014 20:34,30.453
7/2/2014 20:39,30.882
7/2/2014 20:44,31.286
7/2/2014 20:49,31.674
7/2/2014 20:54,29.499
7/2/2014 20:59,32.992
7/2/2014 21:04,46.255
7/2/2014 21:09,100
7/2/2014 21:14,58.761
7/2/2014 21:19,30.603
7/2/2014 21:24,29.978
7/2/2014 21:29,31.986
7/2/2014 21:34,29.957
7/2/2014 21:39,30.993
7/2/2014 21:44,31.195
7/2/2014 21:49,30.333
7/2/2014 21:54,30.5
7/2/2014 21:59,32.722
7/2/2014 22:04,45.217
7/2/2014 22:09,100
7/2/2014 22:14,59.885
7/2/2014 22:19,30.498
7/2/2014 22:24,31.425
7/2/2014 22:29,31.552
7/2/2014 22:34,29.834
7/2/2014 22:39,30.001
7/2/2014 22:44,31.672
7/2/2014 22:49,31.501
7/2/2014 22:54,30.101
7/2/2014 22:59,32.377
7/2/2014 23:04,44.666
7/2/2014 23:09,65.046
7/2/2014 23:14,38.326
7/2/2014 23:19,30.329
7/2/2014 23:24,30.141
7/2/2014 23:29,31.634
7/2/2014 23:34,30.985
7/2/2014 23:39,29.629
7/2/2014 23:44,32.551
7/2/2014 23:49,31.303
7/2/2014 23:54,30.924
7/2/2014 23:59,31.288
7/3/2014 0:04,44.723
7/3/2014 0:09,100
7/3/2014 0:14,58.335
7/3/2014 0:19,30.173
7/3/2014 0:24,30.481
7/3/2014 0:29,31.879
7/3/2014 0:34,30.776
7/3/2014 0:39,30.671
7/3/2014 0:44,34.049
7/3/2014 0:49,28.834
7/3/2014 0:54,30.287
7/3/2014 0:59,33.203
7/3/2014 1:04,44.166
7/3/2014 1:09,65.441
7/3/2014 1:14,37.378
7/3/2014 1:19,30.82
7/3/2014 1:24,31.787
7/3/2014 1:29,30.383
7/3/2014 1:34,30.152
7/3/2014 1:39,30.115
7/3/2014 1:44,31.825
7/3/2014 1:49,29.932
7/3/2014 1:54,29.895
7/3/2014 1:59,32.815
7/3/2014 2:04,45.62
7/3/2014 2:09,100
7/3/2014 2:14,59.105
7/3/2014 2:19,30.05
7/3/2014 2:24,30.33
7/3/2014 2:29,32.298
7/3/2014 2:34,31.218
7/3/2014 2:39,29.62
7/3/2014 2:44,31.947
7/3/2014 2:49,31.043
7/3/2014 2:54,29.319
7/3/2014 2:59,33.072
7/3/2014 3:04,43.787
7/3/2014 3:09,100
7/3/2014 3:14,59.833
7/3/2014 3:19,30.788
7/3/2014 3:24,32.215
7/3/2014 3:29,32.209
7/3/2014 3:34,35.25
7/3/2014 3:39,31.002
7/3/2014 3:44,32.706
7/3/2014 3:49,28.996
7/3/2014 3:54,31.114
7/3/2014 3:59,33.109
7/3/2014 4:04,44.999
7/3/2014 4:09,100
7/3/2014 4:14,59
7/3/2014 4:19,30.296
7/3/2014 4:24,30.311
7/3/2014 4:29,31.621
7/3/2014 4:34,29.696
7/3/2014 4:39,30.668
7/3/2014 4:44,31.791
7/3/2014 4:49,30.483
7/3/2014 4:54,29.838
7/3/2014 4:59,33.219
7/3/2014 5:04,44.62
7/3/2014 5:09,64.999
7/3/2014 5:14,38.35
7/3/2014 5:19,30.122
7/3/2014 5:24,31.001
7/3/2014 5:29,31.006
7/3/2014 5:34,30.716
7/3/2014 5:39,30.391
7/3/2014 5:44,30.535
7/3/2014 5:49,29.792
7/3/2014 5:54,30.5
7/3/2014 5:59,33.032
7/3/2014 6:04,44.834
7/3/2014 6:09,64.885
7/3/2014 6:14,38.295
7/3/2014 6:19,30.724
7/3/2014 6:24,31.001
7/3/2014 6:29,31.938
7/3/2014 6:34,30.666
7/3/2014 6:39,31.502
7/3/2014 6:44,30.003
7/3/2014 6:49,31.162
7/3/2014 6:54,29.453
7/3/2014 6:59,33.27
7/3/2014 7:04,45.149
7/3/2014 7:09,64.954
7/3/2014 7:14,38.646
7/3/2014 7:19,30.12
7/3/2014 7:24,30.198
7/3/2014 7:29,30.992
7/3/2014 7:34,29.954
7/3/2014 7:39,30.336
7/3/2014 7:44,31
7/3/2014 7:49,29.927
7/3/2014 7:54,30.878
7/3/2014 7:59,32.498
7/3/2014 8:04,45.003
7/3/2014 8:09,100
7/3/2014 8:14,58.709
7/3/2014 8:19,30.973
7/3/2014 8:24,29.954
7/3/2014 8:29,31.547
7/3/2014 8:34,30
7/3/2014 8:39,30.446
7/3/2014 8:44,31.205
7/3/2014 8:49,30.004
7/3/2014 8:54,30.616
7/3/2014 8:59,32.609
7/3/2014 9:04,44.615
7/3/2014 9:09,100
7/3/2014 9:14,66
7/3/2014 9:19,29.999
7/3/2014 9:24,29.833
7/3/2014 9:29,31.826
7/3/2014 9:34,30.759
7/3/2014 9:39,30.305
7/3/2014 9:44,31.171
7/3/2014 9:49,30.328
7/3/2014 9:54,29.709
7/3/2014 9:59,33.62
7/3/2014 10:04,43.811
7/3/2014 10:09,100
7/3/2014 10:14,59.666
7/3/2014 10:19,29.795
7/3/2014 10:24,30.875
7/3/2014 10:29,30.461
7/3/2014 10:34,30.835
7/3/2014 10:39,29.834
7/3/2014 10:44,31.168
7/3/2014 10:49,31.215
7/3/2014 10:54,29.331
7/3/2014 10:59,33.498
7/3/2014 11:04,44.34
7/3/2014 11:09,100
7/3/2014 11:14,60.166
7/3/2014 11:19,30.508
7/3/2014 11:24,30.296
7/3/2014 11:29,32.1
7/3/2014 11:34,29.771
7/3/2014 11:39,31.421
7/3/2014 11:44,30.175
7/3/2014 11:49,29.987
7/3/2014 11:54,29.835
7/3/2014 11:59,33.449
7/3/2014 12:04,44.714
7/3/2014 12:09,100
7/3/2014 12:14,65.904
7/3/2014 12:19,30.325
7/3/2014 12:24,29.996
7/3/2014 12:29,31.788
7/3/2014 12:34,31.213
7/3/2014 12:39,30.001
7/3/2014 12:44,31.153
7/3/2014 12:49,30.268
7/3/2014 12:54,30.052
7/3/2014 12:59,34.9
7/3/2014 13:04,43.547
7/3/2014 13:09,100
7/3/2014 13:14,60.173
7/3/2014 13:19,30.429
7/3/2014 13:24,28.874
7/3/2014 13:29,31.364
7/3/2014 13:34,30.156
7/3/2014 13:39,30.165
7/3/2014 13:44,31.174
7/3/2014 13:49,29.755
7/3/2014 13:54,30.489
7/3/2014 13:59,34.37
7/3/2014 14:04,43.024
7/3/2014 14:09,66.833
7/3/2014 14:14,52.313
7/3/2014 14:19,30.498
7/3/2014 14:24,31.166
7/3/2014 14:29,30.161
7/3/2014 14:34,31.162
7/3/2014 14:39,30.776
7/3/2014 14:44,31.052
7/3/2014 14:49,30.331
7/3/2014 14:54,29.759
7/3/2014 14:59,32.696
7/3/2014 15:04,44.626
7/3/2014 15:09,100
7/3/2014 15:14,64.501
7/3/2014 15:19,30.335
7/3/2014 15:24,30.759
7/3/2014 15:29,31.339
7/3/2014 15:34,29.851
7/3/2014 15:39,30.055
7/3/2014 15:44,31.501
7/3/2014 15:49,30.331
7/3/2014 15:54,30.001
7/3/2014 15:59,33.143
7/3/2014 16:04,45.835
7/3/2014 16:09,100
7/3/2014 16:14,66.95
7/3/2014 16:19,29.719
7/3/2014 16:24,30.469
7/3/2014 16:29,31.833
7/3/2014 16:34,31.694
7/3/2014 16:39,29.545
7/3/2014 16:44,31.334
7/3/2014 16:49,30.523
7/3/2014 16:54,30.162
7/3/2014 16:59,32.806
7/3/2014 17:04,45.436
7/3/2014 17:09,100
7/3/2014 17:14,60.384
7/3/2014 17:19,29.336
7/3/2014 17:24,29.953
7/3/2014 17:29,32.67
7/3/2014 17:34,29.304
7/3/2014 17:39,30.547
7/3/2014 17:44,31.113
7/3/2014 17:49,30.553
7/3/2014 17:54,30.834
7/3/2014 17:59,32.504
7/3/2014 18:04,44.337
7/3/2014 18:09,66.382
7/3/2014 18:14,52.487
7/3/2014 18:19,31.285
7/3/2014 18:24,29.883
7/3/2014 18:29,31.954
7/3/2014 18:34,30.513
7/3/2014 18:39,29.952
7/3/2014 18:44,31.539
7/3/2014 18:49,30.478
7/3/2014 18:54,29.713
7/3/2014 18:59,34.565
7/3/2014 19:04,43.702
7/3/2014 19:09,100
7/3/2014 19:14,65.335
7/3/2014 19:19,30.167
7/3/2014 19:24,31.284
7/3/2014 19:29,32.009
7/3/2014 19:34,30.371
7/3/2014 19:39,30.834
7/3/2014 19:44,31.157
7/3/2014 19:49,30.998
7/3/2014 19:54,30.005
7/3/2014 19:59,32.289
7/3/2014 20:04,45.552
7/3/2014 20:09,100
7/3/2014 20:14,65.953
7/3/2014 20:19,31.669
7/3/2014 20:24,28.662
7/3/2014 20:29,31.885
7/3/2014 20:34,30.164
7/3/2014 20:39,30.161
7/3/2014 20:44,31.494
7/3/2014 20:49,31.498
7/3/2014 20:54,28.835
7/3/2014 20:59,34.188
7/3/2014 21:04,45.257
7/3/2014 21:09,100
7/3/2014 21:14,66.49
7/3/2014 21:19,29.68
7/3/2014 21:24,31.334
7/3/2014 21:29,31.156
7/3/2014 21:34,30.874
7/3/2014 21:39,30.952
7/3/2014 21:44,30.656
7/3/2014 21:49,30.624
7/3/2014 21:54,29.998
7/3/2014 21:59,33.453
7/3/2014 22:04,44.338
7/3/2014 22:09,100
7/3/2014 22:14,65.904
7/3/2014 22:19,30.106
7/3/2014 22:24,31.119
7/3/2014 22:29,31.833
7/3/2014 22:34,30.336
7/3/2014 22:39,30.818
7/3/2014 22:44,31.843
7/3/2014 22:49,30.214
7/3/2014 22:54,29.949
7/3/2014 22:59,33.277
7/3/2014 23:04,45.218
7/3/2014 23:09,64.996
7/3/2014 23:14,46.447
7/3/2014 23:19,29.893
7/3/2014 23:24,31.305
7/3/2014 23:29,32.147
7/3/2014 23:34,29.716
7/3/2014 23:39,30.667
7/3/2014 23:44,30.995
7/3/2014 23:49,31.151
7/3/2014 23:54,29.488
7/3/2014 23:59,32.596
7/4/2014 0:04,45.333
7/4/2014 0:09,100
7/4/2014 0:14,66.621
7/4/2014 0:19,30.387
7/4/2014 0:24,30.163
7/4/2014 0:29,31.505
7/4/2014 0:34,30.449
7/4/2014 0:39,29.884
7/4/2014 0:44,30.958
7/4/2014 0:49,30.544
7/4/2014 0:54,31.113
7/4/2014 0:59,32.866
7/4/2014 1:04,45.001
7/4/2014 1:09,100
7/4/2014 1:14,65.12
7/4/2014 1:19,33.096
7/4/2014 1:24,28.549
7/4/2014 1:29,32.487
7/4/2014 1:34,30
7/4/2014 1:39,30.331
7/4/2014 1:44,32.924
7/4/2014 1:49,28.531
7/4/2014 1:54,30.167
7/4/2014 1:59,33.677
7/4/2014 2:04,44.295
7/4/2014 2:09,64.993
7/4/2014 2:14,45.707
7/4/2014 2:19,30.915
7/4/2014 2:24,29.861
7/4/2014 2:29,31.194
7/4/2014 2:34,31.211
7/4/2014 2:39,29.617
7/4/2014 2:44,31.492
7/4/2014 2:49,31.216
7/4/2014 2:54,29.666
7/4/2014 2:59,32.133
7/4/2014 3:04,45.712
7/4/2014 3:09,66.999
7/4/2014 3:14,51.818
7/4/2014 3:19,33.834
7/4/2014 3:24,31.341
7/4/2014 3:29,32.127
7/4/2014 3:34,31.165
7/4/2014 3:39,29.876
7/4/2014 3:44,33.659
7/4/2014 3:49,31.329
7/4/2014 3:54,29.633
7/4/2014 3:59,33.052
7/4/2014 4:04,45.332
7/4/2014 4:09,100
7/4/2014 4:14,65.666
7/4/2014 4:19,30.332
7/4/2014 4:24,31.236
7/4/2014 4:29,30.378
7/4/2014 4:34,29.817
7/4/2014 4:39,30.287
7/4/2014 4:44,31.551
7/4/2014 4:49,30.332
7/4/2014 4:54,30.455
7/4/2014 4:59,33.168
7/4/2014 5:04,44.214
7/4/2014 5:09,100
7/4/2014 5:14,65.954
7/4/2014 5:19,30.502
7/4/2014 5:24,29.881
7/4/2014 5:29,33.403
7/4/2014 5:34,29.041
7/4/2014 5:39,30.738
7/4/2014 5:44,31.713
7/4/2014 5:49,30.383
7/4/2014 5:54,30.167
7/4/2014 5:59,33.188
7/4/2014 6:04,44.954
7/4/2014 6:09,100
7/4/2014 6:14,65.62
7/4/2014 6:19,31.714
7/4/2014 6:24,30.583
7/4/2014 6:29,32.337
7/4/2014 6:34,30.479
7/4/2014 6:39,30.213
7/4/2014 6:44,31.166
7/4/2014 6:49,30.644
7/4/2014 6:54,30.334
7/4/2014 6:59,34.806
7/4/2014 7:04,43.217
7/4/2014 7:09,100
7/4/2014 7:14,65.834
7/4/2014 7:19,31.83
7/4/2014 7:24,29.499
7/4/2014 7:29,31.67
7/4/2014 7:34,30.148
7/4/2014 7:39,30.333
7/4/2014 7:44,30.942
7/4/2014 7:49,30.333
7/4/2014 7:54,30.054
7/4/2014 7:59,35.259
7/4/2014 8:04,43.045
7/4/2014 8:09,100
7/4/2014 8:14,66.767
7/4/2014 8:19,28.867
7/4/2014 8:24,30.287
7/4/2014 8:29,32.448
7/4/2014 8:34,30.64
7/4/2014 8:39,29.721
7/4/2014 8:44,30.864
7/4/2014 8:49,30.765
7/4/2014 8:54,29.689
7/4/2014 8:59,33.057
7/4/2014 9:04,45.002
7/4/2014 9:09,100
7/4/2014 9:14,66.499
7/4/2014 9:19,29.545
7/4/2014 9:24,30.214
7/4/2014 9:29,31.497
7/4/2014 9:34,29.998
7/4/2014 9:39,31.317
7/4/2014 9:44,31.667
7/4/2014 9:49,29.651
7/4/2014 9:54,31.168
7/4/2014 9:59,32.232
7/4/2014 10:04,44.221
7/4/2014 10:09,100
7/4/2014 10:14,65.621
7/4/2014 10:19,31.88
7/4/2014 10:24,29.492
7/4/2014 10:29,31.666
7/4/2014 10:34,30.763
7/4/2014 10:39,29.363
7/4/2014 10:44,31.618
7/4/2014 10:49,30.048
7/4/2014 10:54,30.285
7/4/2014 10:59,33.211
7/4/2014 11:04,44.5
7/4/2014 11:09,64.832
7/4/2014 11:14,45.999
7/4/2014 11:19,29.628
7/4/2014 11:24,30.546
7/4/2014 11:29,31.918
7/4/2014 11:34,31.382
7/4/2014 11:39,29.499
7/4/2014 11:44,31.484
7/4/2014 11:49,30.153
7/4/2014 11:54,29.947
7/4/2014 11:59,32.711
7/4/2014 12:04,44.807
7/4/2014 12:09,100
7/4/2014 12:14,65.999
7/4/2014 12:19,30.667
7/4/2014 12:24,30.131
7/4/2014 12:29,32.62
7/4/2014 12:34,30.833
7/4/2014 12:39,29.333
7/4/2014 12:44,31.202
7/4/2014 12:49,30.731
7/4/2014 12:54,29.88
7/4/2014 12:59,33.833
7/4/2014 13:04,44.812
7/4/2014 13:09,100
7/4/2014 13:14,66.233
7/4/2014 13:19,30.547
7/4/2014 13:24,29.968
7/4/2014 13:29,32.5
7/4/2014 13:34,29.454
7/4/2014 13:39,31.968
7/4/2014 13:44,30.99
7/4/2014 13:49,31.026
7/4/2014 13:54,29.456
7/4/2014 13:59,32.865
7/4/2014 14:04,44.332
7/4/2014 14:09,100
7/4/2014 14:14,66.485
7/4/2014 14:19,30.17
7/4/2014 14:24,30.999
7/4/2014 14:29,30.805
7/4/2014 14:34,30.727
7/4/2014 14:39,30.431
7/4/2014 14:44,32.168
7/4/2014 14:49,29.999
7/4/2014 14:54,30.121
7/4/2014 14:59,33.552
7/4/2014 15:04,44.667
7/4/2014 15:09,65.169
7/4/2014 15:14,45.229
7/4/2014 15:19,31.166
7/4/2014 15:24,30.331
7/4/2014 15:29,31.997
7/4/2014 15:34,31.499
7/4/2014 15:39,29.786
7/4/2014 15:44,31.047
7/4/2014 15:49,30.335
7/4/2014 15:54,31.539
7/4/2014 15:59,31.656
7/4/2014 16:04,44.381
7/4/2014 16:09,100
7/4/2014 16:14,66
7/4/2014 16:19,30.749
7/4/2014 16:24,30.351
7/4/2014 16:29,31.099
7/4/2014 16:34,31.69
7/4/2014 16:39,29.948
7/4/2014 16:44,31.883
7/4/2014 16:49,29.991
7/4/2014 16:54,30.626
7/4/2014 16:59,32.666
7/4/2014 17:04,45.275
7/4/2014 17:09,100
7/4/2014 17:14,72.6
7/4/2014 17:19,30.227
7/4/2014 17:24,31.458
7/4/2014 17:29,32.166
7/4/2014 17:34,30.623
7/4/2014 17:39,30.047
7/4/2014 17:44,31.284
7/4/2014 17:49,30.164
7/4/2014 17:54,31.334
7/4/2014 17:59,32.787
7/4/2014 18:04,43.821
7/4/2014 18:09,100
7/4/2014 18:14,65.336
7/4/2014 18:19,32.104
7/4/2014 18:24,30.705
7/4/2014 18:29,31.453
7/4/2014 18:34,30.335
7/4/2014 18:39,30.66
7/4/2014 18:44,31.498
7/4/2014 18:49,32.054
7/4/2014 18:54,29.084
7/4/2014 18:59,33.828
7/4/2014 19:04,44.797
7/4/2014 19:09,100
7/4/2014 19:14,65.833
7/4/2014 19:19,31.115
7/4/2014 19:24,30.169
7/4/2014 19:29,31.797
7/4/2014 19:34,30.168
7/4/2014 19:39,30.424
7/4/2014 19:44,31.724
7/4/2014 19:49,30.337
7/4/2014 19:54,30.66
7/4/2014 19:59,34.324
7/4/2014 20:04,43.835
7/4/2014 20:09,100
7/4/2014 20:14,66.6
7/4/2014 20:19,30.17
7/4/2014 20:24,30.542
7/4/2014 20:29,31.334
7/4/2014 20:34,31.17
7/4/2014 20:39,30.157
7/4/2014 20:44,31.831
7/4/2014 20:49,31.167
7/4/2014 20:54,30.132
7/4/2014 20:59,32.338
7/4/2014 21:04,44.478
7/4/2014 21:09,100
7/4/2014 21:14,66.276
7/4/2014 21:19,30.101
7/4/2014 21:24,30.788
7/4/2014 21:29,31.887
7/4/2014 21:34,30.447
7/4/2014 21:39,31.324
7/4/2014 21:44,32.257
7/4/2014 21:49,29.538
7/4/2014 21:54,30
7/4/2014 21:59,32.956
7/4/2014 22:04,45.216
7/4/2014 22:09,100
7/4/2014 22:14,73.104
7/4/2014 22:19,30.538
7/4/2014 22:24,30.999
7/4/2014 22:29,31.785
7/4/2014 22:34,30.716
7/4/2014 22:39,30.332
7/4/2014 22:44,30.997
7/4/2014 22:49,30.665
7/4/2014 22:54,30.165
7/4/2014 22:59,33.815
7/4/2014 23:04,44.676
7/4/2014 23:09,100
7/4/2014 23:14,65.493
7/4/2014 23:19,31.869
7/4/2014 23:24,29.345
7/4/2014 23:29,31.645
7/4/2014 23:34,30.358
7/4/2014 23:39,32.071
7/4/2014 23:44,31.665
7/4/2014 23:49,29.287
7/4/2014 23:54,31.648
7/4/2014 23:59,32.169
7/5/2014 0:04,46
7/5/2014 0:09,100
7/5/2014 0:14,71.833
7/5/2014 0:19,31.167
7/5/2014 0:24,30.335
7/5/2014 0:29,31.572
7/5/2014 0:34,30.213
7/5/2014 0:39,30.446
7/5/2014 0:44,31.5
7/5/2014 0:49,32.146
7/5/2014 0:54,28.861
7/5/2014 0:59,33.462
7/5/2014 1:04,44.784
7/5/2014 1:09,100
7/5/2014 1:14,72.833
7/5/2014 1:19,31.169
7/5/2014 1:24,29.167
7/5/2014 1:29,32
7/5/2014 1:34,30.22
7/5/2014 1:39,30.745
7/5/2014 1:44,31.442
7/5/2014 1:49,30.033
7/5/2014 1:54,30.289
7/5/2014 1:59,33.383
7/5/2014 2:04,44.598
7/5/2014 2:09,66.982
7/5/2014 2:14,54.08
7/5/2014 2:19,30.318
7/5/2014 2:24,29.875
7/5/2014 2:29,32.89
7/5/2014 2:34,29.666
7/5/2014 2:39,30.834
7/5/2014 2:44,31.615
7/5/2014 2:49,29.879
7/5/2014 2:54,29.796
7/5/2014 2:59,33.162
7/5/2014 3:04,45.781
7/5/2014 3:09,100
7/5/2014 3:14,72
7/5/2014 3:19,31.611
7/5/2014 3:24,30.166
7/5/2014 3:29,37.754
7/5/2014 3:34,32.713
7/5/2014 3:39,29.511
7/5/2014 3:44,31.716
7/5/2014 3:49,31.12
7/5/2014 3:54,30.854
7/5/2014 3:59,32.999
7/5/2014 4:04,44.832
7/5/2014 4:09,66.79
7/5/2014 4:14,52.501
7/5/2014 4:19,29.998
7/5/2014 4:24,30.381
7/5/2014 4:29,31.8
7/5/2014 4:34,29.687
7/5/2014 4:39,31.666
7/5/2014 4:44,30.952
7/5/2014 4:49,28.986
7/5/2014 4:54,30.047
7/5/2014 4:59,33.5
7/5/2014 5:04,44.451
7/5/2014 5:09,100
7/5/2014 5:14,71.714
7/5/2014 5:19,30.549
7/5/2014 5:24,30.229
7/5/2014 5:29,31.544
7/5/2014 5:34,30.664
7/5/2014 5:39,30.67
7/5/2014 5:44,30.587
7/5/2014 5:49,31.032
7/5/2014 5:54,30.95
7/5/2014 5:59,32.716
7/5/2014 6:04,45.755
7/5/2014 6:09,66.501
7/5/2014 6:14,53.152
7/5/2014 6:19,30.053
7/5/2014 6:24,29.749
7/5/2014 6:29,31.333
7/5/2014 6:34,30.498
7/5/2014 6:39,30.921
7/5/2014 6:44,31.603
7/5/2014 6:49,30.331
7/5/2014 6:54,30.4
7/5/2014 6:59,33.171
7/5/2014 7:04,44.205
7/5/2014 7:09,100
7/5/2014 7:14,72
7/5/2014 7:19,30.5
7/5/2014 7:24,30.384
7/5/2014 7:29,31.611
7/5/2014 7:34,30.379
7/5/2014 7:39,30.668
7/5/2014 7:44,31.5
7/5/2014 7:49,30.926
7/5/2014 7:54,30.213
7/5/2014 7:59,34.239
7/5/2014 8:04,44.335
7/5/2014 8:09,100
7/5/2014 8:14,72.833
7/5/2014 8:19,31.644
7/5/2014 8:24,29.211
7/5/2014 8:29,31.666
7/5/2014 8:34,29.785
7/5/2014 8:39,30.507
7/5/2014 8:44,31.334
7/5/2014 8:49,30.498
7/5/2014 8:54,30.927
7/5/2014 8:59,32.359
7/5/2014 9:04,44.001
7/5/2014 9:09,100
7/5/2014 9:14,71.827
7/5/2014 9:19,31.002
7/5/2014 9:24,30
7/5/2014 9:29,31.219
7/5/2014 9:34,30.105
7/5/2014 9:39,30.337
7/5/2014 9:44,30.991
7/5/2014 9:49,30.502
7/5/2014 9:54,30.666
7/5/2014 9:59,33.264
7/5/2014 10:04,45.887
7/5/2014 10:09,100
7/5/2014 10:14,71.833
7/5/2014 10:19,30.219
7/5/2014 10:24,29.968
7/5/2014 10:29,32.017
7/5/2014 10:34,30.262
7/5/2014 10:39,30.665
7/5/2014 10:44,32.131
7/5/2014 10:49,29.774
7/5/2014 10:54,30.167
7/5/2014 10:59,34.214
7/5/2014 11:04,43.157
7/5/2014 11:09,100
7/5/2014 11:14,66
7/5/2014 11:19,30.383
7/5/2014 11:24,30.45
7/5/2014 11:29,31.55
7/5/2014 11:34,30.5
7/5/2014 11:39,30.664
7/5/2014 11:44,31.166
7/5/2014 11:49,30.301
7/5/2014 11:54,30.499
7/5/2014 11:59,32.62
7/5/2014 12:04,46.17
7/5/2014 12:09,100
7/5/2014 12:14,72.5
7/5/2014 12:19,30.501
7/5/2014 12:24,31.333
7/5/2014 12:29,30.999
7/5/2014 12:34,31.274
7/5/2014 12:39,30.047
7/5/2014 12:44,31.666
7/5/2014 12:49,29.409
7/5/2014 12:54,30.353
7/5/2014 12:59,33.998
7/5/2014 13:04,44.288
7/5/2014 13:09,100
7/5/2014 13:14,72.5
7/5/2014 13:19,32.008
7/5/2014 13:24,30.845
7/5/2014 13:29,30.554
7/5/2014 13:34,30.825
7/5/2014 13:39,30.762
7/5/2014 13:44,31.384
7/5/2014 13:49,30.469
7/5/2014 13:54,29.999
7/5/2014 13:59,34.132
7/5/2014 14:04,44.98
7/5/2014 14:09,100
7/5/2014 14:14,72.001
7/5/2014 14:19,31.216
7/5/2014 14:24,29.618
7/5/2014 14:29,31.552
7/5/2014 14:34,29.643
7/5/2014 14:39,30.597
7/5/2014 14:44,31.173
7/5/2014 14:49,31.999
7/5/2014 14:54,29.167
7/5/2014 14:59,33.881
7/5/2014 15:04,44.454
7/5/2014 15:09,100
7/5/2014 15:14,72.911
7/5/2014 15:19,30.128
7/5/2014 15:24,29.995
7/5/2014 15:29,32.666
7/5/2014 15:34,29.492
7/5/2014 15:39,30.821
7/5/2014 15:44,31.787
7/5/2014 15:49,32.315
7/5/2014 15:54,29.317
7/5/2014 15:59,32.217
7/5/2014 16:04,45.322
7/5/2014 16:09,100
7/5/2014 16:14,72.047
7/5/2014 16:19,30.165
7/5/2014 16:24,30.954
7/5/2014 16:29,31.329
7/5/2014 16:34,31.618
7/5/2014 16:39,30.884
7/5/2014 16:44,30.599
7/5/2014 16:49,30.834
7/5/2014 16:54,30.001
7/5/2014 16:59,32.883
7/5/2014 17:04,45.499
7/5/2014 17:09,100
7/5/2014 17:14,72
7/5/2014 17:19,31.766
7/5/2014 17:24,30.665
7/5/2014 17:29,31.575
7/5/2014 17:34,31.499
7/5/2014 17:39,29.168
7/5/2014 17:44,32
7/5/2014 17:49,29.501
7/5/2014 17:54,29.998
7/5/2014 17:59,34.807
7/5/2014 18:04,44.007
7/5/2014 18:09,100
7/5/2014 18:14,71.666
7/5/2014 18:19,30.265
7/5/2014 18:24,30.928
7/5/2014 18:29,31.327
7/5/2014 18:34,29.988
7/5/2014 18:39,31.298
7/5/2014 18:44,29.659
7/5/2014 18:49,31.383
7/5/2014 18:54,28.847
7/5/2014 18:59,34.126
7/5/2014 19:04,44.541
7/5/2014 19:09,65
7/5/2014 19:14,51.977
7/5/2014 19:19,30.286
7/5/2014 19:24,30.718
7/5/2014 19:29,32.252
7/5/2014 19:34,29.719
7/5/2014 19:39,31.159
7/5/2014 19:44,30.999
7/5/2014 19:49,31.166
7/5/2014 19:54,29.852
7/5/2014 19:59,33.334
7/5/2014 20:04,43.953
7/5/2014 20:09,100
7/5/2014 20:14,71.882
7/5/2014 20:19,31.165
7/5/2014 20:24,30.448
7/5/2014 20:29,33.713
7/5/2014 20:34,29.964
7/5/2014 20:39,30.211
7/5/2014 20:44,31.674
7/5/2014 20:49,30.998
7/5/2014 20:54,29.334
7/5/2014 20:59,33.332
7/5/2014 21:04,44.34
7/5/2014 21:09,64.954
7/5/2014 21:14,53.551
7/5/2014 21:19,29.332
7/5/2014 21:24,31.001
7/5/2014 21:29,31.985
7/5/2014 21:34,30.618
7/5/2014 21:39,29.682
7/5/2014 21:44,31.501
7/5/2014 21:49,31.12
7/5/2014 21:54,29.156
7/5/2014 21:59,32.94
7/5/2014 22:04,45.434
7/5/2014 22:09,100
7/5/2014 22:14,72.666
7/5/2014 22:19,31.083
7/5/2014 22:24,29.598
7/5/2014 22:29,32.38
7/5/2014 22:34,29.998
7/5/2014 22:39,30.069
7/5/2014 22:44,32.05
7/5/2014 22:49,30.287
7/5/2014 22:54,30.214
7/5/2014 22:59,33.98
7/5/2014 23:04,45.301
7/5/2014 23:09,100
7/5/2014 23:14,73.107
7/5/2014 23:19,29.709
7/5/2014 23:24,29.712
7/5/2014 23:29,32.387
7/5/2014 23:34,30.348
7/5/2014 23:39,30.502
7/5/2014 23:44,32.705
7/5/2014 23:49,30.117
7/5/2014 23:54,30.821
7/5/2014 23:59,32.9
7/6/2014 0:04,45.002
7/6/2014 0:09,67.765
7/6/2014 0:14,51.523
7/6/2014 0:19,31.972
7/6/2014 0:24,29.167
7/6/2014 0:29,30.859
7/6/2014 0:34,30.889
7/6/2014 0:39,30.167
7/6/2014 0:44,32.167
7/6/2014 0:49,30.165
7/6/2014 0:54,29.951
7/6/2014 0:59,33.603
7/6/2014 1:04,44.868
7/6/2014 1:09,100
7/6/2014 1:14,72.465
7/6/2014 1:19,29.262
7/6/2014 1:24,31.518
7/6/2014 1:29,31.03
7/6/2014 1:34,31.258
7/6/2014 1:39,29.789
7/6/2014 1:44,31.117
7/6/2014 1:49,30.041
7/6/2014 1:54,30.666
7/6/2014 1:59,34.166
7/6/2014 2:04,44.171
7/6/2014 2:09,65.115
7/6/2014 2:14,51.551
7/6/2014 2:19,32.351
7/6/2014 2:24,30.911
7/6/2014 2:29,30.738
7/6/2014 2:34,30.511
7/6/2014 2:39,30.498
7/6/2014 2:44,31.659
7/6/2014 2:49,31.771
7/6/2014 2:54,30.076
7/6/2014 2:59,32.417
7/6/2014 3:04,44.832
7/6/2014 3:09,100
7/6/2014 3:14,71.668
7/6/2014 3:19,31.05
7/6/2014 3:24,33.424
7/6/2014 3:29,32.279
7/6/2014 3:34,31.092
7/6/2014 3:39,30
7/6/2014 3:44,31.053
7/6/2014 3:49,31.334
7/6/2014 3:54,30.158
7/6/2014 3:59,32.879
7/6/2014 4:04,44.333
7/6/2014 4:09,100
7/6/2014 4:14,72.833
7/6/2014 4:19,30.345
7/6/2014 4:24,31.473
7/6/2014 4:29,29.453
7/6/2014 4:34,32.133
7/6/2014 4:39,29.338
7/6/2014 4:44,30.956
7/6/2014 4:49,30.425
7/6/2014 4:54,31.307
7/6/2014 4:59,32.534
7/6/2014 5:04,44.671
7/6/2014 5:09,100
7/6/2014 5:14,73.333
7/6/2014 5:19,29.999
7/6/2014 5:24,29.759
7/6/2014 5:29,31.885
7/6/2014 5:34,31.164
7/6/2014 5:39,30.165
7/6/2014 5:44,31.334
7/6/2014 5:49,30.785
7/6/2014 5:54,29.842
7/6/2014 5:59,33.381
7/6/2014 6:04,45.333
7/6/2014 6:09,100
7/6/2014 6:14,73.259
7/6/2014 6:19,30.202
7/6/2014 6:24,31.332
7/6/2014 6:29,31.49
7/6/2014 6:34,29.81
7/6/2014 6:39,30.659
7/6/2014 6:44,31.665
7/6/2014 6:49,30.998
7/6/2014 6:54,29.64
7/6/2014 6:59,33.047
7/6/2014 7:04,44.166
7/6/2014 7:09,100
7/6/2014 7:14,71.999
7/6/2014 7:19,30.286
7/6/2014 7:24,31.348
7/6/2014 7:29,31.666
7/6/2014 7:34,29.721
7/6/2014 7:39,30.573
7/6/2014 7:44,30.998
7/6/2014 7:49,29.482
7/6/2014 7:54,30.82
7/6/2014 7:59,33.856
7/6/2014 8:04,43.918
7/6/2014 8:09,31.157
7/6/2014 8:14,31.498
7/6/2014 8:19,30.166
7/6/2014 8:24,30.974
7/6/2014 8:29,30.678
7/6/2014 8:34,29.954
7/6/2014 8:39,31.822
7/6/2014 8:44,30.704
7/6/2014 8:49,30.754
7/6/2014 8:54,30.549
7/6/2014 8:59,34.117
7/6/2014 9:04,44.825
7/6/2014 9:09,100
7/6/2014 9:14,73.115
7/6/2014 9:19,29.456
7/6/2014 9:24,30.707
7/6/2014 9:29,31.662
7/6/2014 9:34,31
7/6/2014 9:39,29.848
7/6/2014 9:44,31.166
7/6/2014 9:49,31.997
7/6/2014 9:54,28.833
7/6/2014 9:59,33.833
7/6/2014 10:04,44.453
7/6/2014 10:09,100
7/6/2014 10:14,71.738
7/6/2014 10:19,30.708
7/6/2014 10:24,31.462
7/6/2014 10:29,30.143
7/6/2014 10:34,31.526
7/6/2014 10:39,29.819
7/6/2014 10:44,31.495
7/6/2014 10:49,31.117
7/6/2014 10:54,30
7/6/2014 10:59,32.714
7/6/2014 11:04,44.332
7/6/2014 11:09,100
7/6/2014 11:14,72.824
7/6/2014 11:19,30.04
7/6/2014 11:24,30.5
7/6/2014 11:29,31.923
7/6/2014 11:34,30.05
7/6/2014 11:39,31.418
7/6/2014 11:44,32.932
7/6/2014 11:49,28.537
7/6/2014 11:54,31.377
7/6/2014 11:59,32.023
7/6/2014 12:04,45.095
7/6/2014 12:09,100
7/6/2014 12:14,72
7/6/2014 12:19,30.333
7/6/2014 12:24,31.417
7/6/2014 12:29,31.213
7/6/2014 12:34,31.261
7/6/2014 12:39,30.49
7/6/2014 12:44,31.095
7/6/2014 12:49,30.076
7/6/2014 12:54,30.665
7/6/2014 12:59,33.162
7/6/2014 13:04,45.005
7/6/2014 13:09,100
7/6/2014 13:14,72.312
7/6/2014 13:19,30.714
7/6/2014 13:24,29.882
7/6/2014 13:29,31.648
7/6/2014 13:34,29.841
7/6/2014 13:39,31.303
7/6/2014 13:44,31.946
7/6/2014 13:49,29.72
7/6/2014 13:54,30.165
7/6/2014 13:59,33.334
7/6/2014 14:04,44.805
7/6/2014 14:09,100
7/6/2014 14:14,71.214
7/6/2014 14:19,30.622
7/6/2014 14:24,31.148
7/6/2014 14:29,30.869
7/6/2014 14:34,30.474
7/6/2014 14:39,30.305
7/6/2014 14:44,31.127
7/6/2014 14:49,31.716
7/6/2014 14:54,28.954
7/6/2014 14:59,35.479
7/6/2014 15:04,43.321
7/6/2014 15:09,65
7/6/2014 15:14,50.702
7/6/2014 15:19,29.756
7/6/2014 15:24,30.499
7/6/2014 15:29,32.95
7/6/2014 15:34,29.695
7/6/2014 15:39,31.665
7/6/2014 15:44,31.928
7/6/2014 15:49,29.219
7/6/2014 15:54,31.166
7/6/2014 15:59,32.833
7/6/2014 16:04,45.166
7/6/2014 16:09,100
7/6/2014 16:14,72.287
7/6/2014 16:19,30.553
7/6/2014 16:24,30.599
7/6/2014 16:29,31.5
7/6/2014 16:34,31.665
7/6/2014 16:39,29.183
7/6/2014 16:44,31.498
7/6/2014 16:49,30.001
7/6/2014 16:54,30.117
7/6/2014 16:59,33.041
7/6/2014 17:04,44.332
7/6/2014 17:09,65.505
7/6/2014 17:14,51.007
7/6/2014 17:19,32.716
7/6/2014 17:24,30.526
7/6/2014 17:29,30.834
7/6/2014 17:34,29.334
7/6/2014 17:39,31.074
7/6/2014 17:44,31.05
7/6/2014 17:49,29.961
7/6/2014 17:54,30.832
7/6/2014 17:59,33.17
7/6/2014 18:04,44.655
7/6/2014 18:09,100
7/6/2014 18:14,71.542
7/6/2014 18:19,30.273
7/6/2014 18:24,30.954
7/6/2014 18:29,31.047
7/6/2014 18:34,30.831
7/6/2014 18:39,30.332
7/6/2014 18:44,31.78
7/6/2014 18:49,31.052
7/6/2014 18:54,29.95
7/6/2014 18:59,34.027
7/6/2014 19:04,44.294
7/6/2014 19:09,100
7/6/2014 19:14,71.833
7/6/2014 19:19,30.76
7/6/2014 19:24,31.35
7/6/2014 19:29,31.478
7/6/2014 19:34,30.472
7/6/2014 19:39,30.652
7/6/2014 19:44,32.127
7/6/2014 19:49,29.384
7/6/2014 19:54,31.818
7/6/2014 19:59,32.059
7/6/2014 20:04,45.608
7/6/2014 20:09,100
7/6/2014 20:14,71.545
7/6/2014 20:19,31.123
7/6/2014 20:24,30.219
7/6/2014 20:29,31.779
7/6/2014 20:34,31.215
7/6/2014 20:39,31.332
7/6/2014 20:44,31.297
7/6/2014 20:49,31.666
7/6/2014 20:54,28.833
7/6/2014 20:59,34.769
7/6/2014 21:04,42.812
7/6/2014 21:09,65.834
7/6/2014 21:14,51.216
7/6/2014 21:19,31.168
7/6/2014 21:24,29.303
7/6/2014 21:29,31.787
7/6/2014 21:34,30.536
7/6/2014 21:39,31.1
7/6/2014 21:44,31.5
7/6/2014 21:49,30.35
7/6/2014 21:54,30.667
7/6/2014 21:59,31.966
7/6/2014 22:04,46.166
7/6/2014 22:09,100
7/6/2014 22:14,72.207
7/6/2014 22:19,30.666
7/6/2014 22:24,30.951
7/6/2014 22:29,31.382
7/6/2014 22:34,30.62
7/6/2014 22:39,29.812
7/6/2014 22:44,32.962
7/6/2014 22:49,29.858
7/6/2014 22:54,30.499
7/6/2014 22:59,33.292
7/6/2014 23:04,44.5
7/6/2014 23:09,100
7/6/2014 23:14,72.047
7/6/2014 23:19,31.329
7/6/2014 23:24,30.657
7/6/2014 23:29,32.626
7/6/2014 23:34,29.847
7/6/2014 23:39,31.122
7/6/2014 23:44,31.127
7/6/2014 23:49,30.523
7/6/2014 23:54,29.665
7/6/2014 23:59,32.805
7/7/2014 0:04,45.28
7/7/2014 0:09,100
7/7/2014 0:14,72.666
7/7/2014 0:19,31.759
7/7/2014 0:24,31.166
7/7/2014 0:29,31.083
7/7/2014 0:34,30.578
7/7/2014 0:39,31.665
7/7/2014 0:44,30
7/7/2014 0:49,31.599
7/7/2014 0:54,29.381
7/7/2014 0:59,33.333
7/7/2014 1:04,45.061
7/7/2014 1:09,100
7/7/2014 1:14,72.333
7/7/2014 1:19,31.427
7/7/2014 1:24,29.501
7/7/2014 1:29,32.949
7/7/2014 1:34,31.055
7/7/2014 1:39,30.832
7/7/2014 1:44,30.66
7/7/2014 1:49,30.048
7/7/2014 1:54,30.117
7/7/2014 1:59,34.653
7/7/2014 2:04,45.369
7/7/2014 2:09,65.556
7/7/2014 2:14,51.285
7/7/2014 2:19,31.75
7/7/2014 2:24,29.249
7/7/2014 2:29,31.838
7/7/2014 2:34,30.38
7/7/2014 2:39,31.067
7/7/2014 2:44,30.549
7/7/2014 2:49,31.502
7/7/2014 2:54,29.727
7/7/2014 2:59,32.586
7/7/2014 3:04,44.49
7/7/2014 3:09,100
7/7/2014 3:14,71.29
7/7/2014 3:19,30.695
7/7/2014 3:24,32.384
7/7/2014 3:29,34.151
7/7/2014 3:34,30.627
7/7/2014 3:39,33.508
7/7/2014 3:44,32.971
7/7/2014 3:49,29.835
7/7/2014 3:54,30.287
7/7/2014 3:59,33.733
7/7/2014 4:04,44
7/7/2014 4:09,100
7/7/2014 4:14,71.333
7/7/2014 4:19,31.923
7/7/2014 4:24,28.863
7/7/2014 4:29,32.498
7/7/2014 4:34,30.461
7/7/2014 4:39,30.924
7/7/2014 4:44,30.833
7/7/2014 4:49,30.833
7/7/2014 4:54,29.833
7/7/2014 4:59,33.717
7/7/2014 5:04,44.16
7/7/2014 5:09,100
7/7/2014 5:14,72.617
7/7/2014 5:19,30.65
7/7/2014 5:24,31.186
7/7/2014 5:29,30.453
7/7/2014 5:34,30.166
7/7/2014 5:39,30.515
7/7/2014 5:44,31.205
7/7/2014 5:49,30.332
7/7/2014 5:54,30.498
7/7/2014 5:59,32.784
7/7/2014 6:04,44.88
7/7/2014 6:09,100
7/7/2014 6:14,73.44
7/7/2014 6:19,31.477
7/7/2014 6:24,28.357
7/7/2014 6:29,31.838
7/7/2014 6:34,30.332
7/7/2014 6:39,30.953
7/7/2014 6:44,31.55
7/7/2014 6:49,29.884
7/7/2014 6:54,30.545
7/7/2014 6:59,33.502
7/7/2014 7:04,44.494
7/7/2014 7:09,65.501
7/7/2014 7:14,51.978
7/7/2014 7:19,28.989
7/7/2014 7:24,31.704
7/7/2014 7:29,31.317
7/7/2014 7:34,29.332
7/7/2014 7:39,30.336
7/7/2014 7:44,31.446
7/7/2014 7:49,30.719
7/7/2014 7:54,29.786
7/7/2014 7:59,33.458
7/7/2014 8:04,44.05
7/7/2014 8:09,100
7/7/2014 8:14,72.167
7/7/2014 8:19,30.661
7/7/2014 8:24,30.832
7/7/2014 8:29,30.498
7/7/2014 8:34,31.772
7/7/2014 8:39,29.816
7/7/2014 8:44,31.671
7/7/2014 8:49,30.801
7/7/2014 8:54,29.505
7/7/2014 8:59,33.167
7/7/2014 9:04,44.62
7/7/2014 9:09,64.834
7/7/2014 9:14,51.702
7/7/2014 9:19,30.077
7/7/2014 9:24,29.423
7/7/2014 9:29,32.262
7/7/2014 9:34,28.885
7/7/2014 9:39,30.634
7/7/2014 9:44,32.167
7/7/2014 9:49,31.432
7/7/2014 9:54,29.54
7/7/2014 9:59,33.951
7/7/2014 10:04,44.312
7/7/2014 10:09,100
7/7/2014 10:14,72.218
7/7/2014 10:19,30.99
7/7/2014 10:24,31.787
7/7/2014 10:29,31.38
7/7/2014 10:34,29.955
7/7/2014 10:39,30.337
7/7/2014 10:44,31.548
7/7/2014 10:49,29.832
7/7/2014 10:54,30.332
7/7/2014 10:59,33.93
7/7/2014 11:04,44.051
7/7/2014 11:09,100
7/7/2014 11:14,71.384
7/7/2014 11:19,30.476
7/7/2014 11:24,30.554
7/7/2014 11:29,31.259
7/7/2014 11:34,30.603
7/7/2014 11:39,31.224
7/7/2014 11:44,30.88
7/7/2014 11:49,30.515
7/7/2014 11:54,30.983
7/7/2014 11:59,33.099
7/7/2014 12:04,44.665
7/7/2014 12:09,100
7/7/2014 12:14,72.166
7/7/2014 12:19,31.116
7/7/2014 12:24,30.839
7/7/2014 12:29,31.833
7/7/2014 12:34,30.166
7/7/2014 12:39,31.171
7/7/2014 12:44,30.623
7/7/2014 12:49,30.359
7/7/2014 12:54,30.673
7/7/2014 12:59,33.458
7/7/2014 13:04,44.88
7/7/2014 13:09,100
7/7/2014 13:14,72.12
7/7/2014 13:19,30.385
7/7/2014 13:24,30.495
7/7/2014 13:29,32.437
7/7/2014 13:34,30.888
7/7/2014 13:39,30.731
7/7/2014 13:44,31.665
7/7/2014 13:49,30.166
7/7/2014 13:54,30.313
7/7/2014 13:59,33.618
7/7/2014 14:04,44.885
7/7/2014 14:09,65.112
7/7/2014 14:14,51.047
7/7/2014 14:19,30.332
7/7/2014 14:24,31.119
7/7/2014 14:29,32.481
7/7/2014 14:34,28.764
7/7/2014 14:39,30.051
7/7/2014 14:44,31.165
7/7/2014 14:49,30.137
7/7/2014 14:54,31.766
7/7/2014 14:59,31.542
7/7/2014 15:04,45.117
7/7/2014 15:09,65.051
7/7/2014 15:14,51.5
7/7/2014 15:19,30.778
7/7/2014 15:24,30.712
7/7/2014 15:29,31.004
7/7/2014 15:34,30.286
7/7/2014 15:39,30.834
7/7/2014 15:44,31.05
7/7/2014 15:49,30.166
7/7/2014 15:54,30.619
7/7/2014 15:59,33.053
7/7/2014 16:04,44.586
7/7/2014 16:09,64.838
7/7/2014 16:14,52.473
7/7/2014 16:19,29.872
7/7/2014 16:24,30.499
7/7/2014 16:29,31.299
7/7/2014 16:34,30.386
7/7/2014 16:39,30.387
7/7/2014 16:44,31.225
7/7/2014 16:49,31.798
7/7/2014 16:54,30.117
7/7/2014 16:59,32.189
7/7/2014 17:04,45.145
7/7/2014 17:09,100
7/7/2014 17:14,72.167
7/7/2014 17:19,30.411
7/7/2014 17:24,31.211
7/7/2014 17:29,30.813
7/7/2014 17:34,29.795
7/7/2014 17:39,29.949
7/7/2014 17:44,31.384
7/7/2014 17:49,30.499
7/7/2014 17:54,29.833
7/7/2014 17:59,33.286
7/7/2014 18:04,44.833
7/7/2014 18:09,66.52
7/7/2014 18:14,52.21
7/7/2014 18:19,30.935
7/7/2014 18:24,31.112
7/7/2014 18:29,34.247
7/7/2014 18:34,29.215
7/7/2014 18:39,30.835
7/7/2014 18:44,31.167
7/7/2014 18:49,30.835
7/7/2014 18:54,30
7/7/2014 18:59,33.308
7/7/2014 19:04,44.333
7/7/2014 19:09,100
7/7/2014 19:14,71.834
7/7/2014 19:19,32.435
7/7/2014 19:24,29.157
7/7/2014 19:29,31.764
7/7/2014 19:34,31.049
7/7/2014 19:39,30.296
7/7/2014 19:44,31.189
7/7/2014 19:49,30.789
7/7/2014 19:54,29.882
7/7/2014 19:59,33.946
7/7/2014 20:04,44.384
7/7/2014 20:09,100
7/7/2014 20:14,72.214
7/7/2014 20:19,31.278
7/7/2014 20:24,30.496
7/7/2014 20:29,31.499
7/7/2014 20:34,31.33
7/7/2014 20:39,31.425
7/7/2014 20:44,31.549
7/7/2014 20:49,29.642
7/7/2014 20:54,30.504
7/7/2014 20:59,33.512
7/7/2014 21:04,43.333
7/7/2014 21:09,100
7/7/2014 21:14,72.832
7/7/2014 21:19,30.79
7/7/2014 21:24,30.216
7/7/2014 21:29,33.006
7/7/2014 21:34,28.656
7/7/2014 21:39,29.955
7/7/2014 21:44,32.314
7/7/2014 21:49,31.487
7/7/2014 21:54,29.714
7/7/2014 21:59,33.081
7/7/2014 22:04,45.722
7/7/2014 22:09,66.666
7/7/2014 22:14,52.481
7/7/2014 22:19,31.216
7/7/2014 22:24,30.97
7/7/2014 22:29,32.393
7/7/2014 22:34,30.191
7/7/2014 22:39,30.485
7/7/2014 22:44,30.818
7/7/2014 22:49,30.634
7/7/2014 22:54,29.664
7/7/2014 22:59,33.192
7/7/2014 23:04,46.259
7/7/2014 23:09,100
7/7/2014 23:14,72.66
7/7/2014 23:19,30.366
7/7/2014 23:24,32.724
7/7/2014 23:29,30.951
7/7/2014 23:34,30.214
7/7/2014 23:39,31.499
7/7/2014 23:44,30.672
7/7/2014 23:49,30.999
7/7/2014 23:54,29.952
7/7/2014 23:59,34.121
7/8/2014 0:04,43.204
7/8/2014 0:09,100
7/8/2014 0:14,72.506
7/8/2014 0:19,30.655
7/8/2014 0:24,31
7/8/2014 0:29,32.95
7/8/2014 0:34,29.55
7/8/2014 0:39,30.89
7/8/2014 0:44,31.557
7/8/2014 0:49,30.927
7/8/2014 0:54,29.998
7/8/2014 0:59,33.718
7/8/2014 1:04,44.833
7/8/2014 1:09,100
7/8/2014 1:14,70.784
7/8/2014 1:19,30.821
7/8/2014 1:24,30.493
7/8/2014 1:29,31.714
7/8/2014 1:34,31.628
7/8/2014 1:39,30.906
7/8/2014 1:44,32.63
7/8/2014 1:49,30.879
7/8/2014 1:54,29.665
7/8/2014 1:59,33.651
7/8/2014 2:04,45.285
7/8/2014 2:09,100
7/8/2014 2:14,71.714
7/8/2014 2:19,30.788
7/8/2014 2:24,31.305
7/8/2014 2:29,31.681
7/8/2014 2:34,31.834
7/8/2014 2:39,30.287
7/8/2014 2:44,30.793
7/8/2014 2:49,30.214
7/8/2014 2:54,30.499
7/8/2014 2:59,33.999
7/8/2014 3:04,43.5
7/8/2014 3:09,66.818
7/8/2014 3:14,52.921
7/8/2014 3:19,31.195
7/8/2014 3:24,34.203
7/8/2014 3:29,32.881
7/8/2014 3:34,29.49
7/8/2014 3:39,32.078
7/8/2014 3:44,30.479
7/8/2014 3:49,30
7/8/2014 3:54,30.374
7/8/2014 3:59,34.786
7/8/2014 4:04,43.386
7/8/2014 4:09,100
7/8/2014 4:14,72
7/8/2014 4:19,30.88
7/8/2014 4:24,29.835
7/8/2014 4:29,31.994
7/8/2014 4:34,30.115
7/8/2014 4:39,32.202
7/8/2014 4:44,30.022
7/8/2014 4:49,30.708
7/8/2014 4:54,29.666
7/8/2014 4:59,34.283
7/8/2014 5:04,43.881
7/8/2014 5:09,100
7/8/2014 5:14,72.597
7/8/2014 5:19,29.493
7/8/2014 5:24,31.756
7/8/2014 5:29,31.878
7/8/2014 5:34,29.523
7/8/2014 5:39,29.312
7/8/2014 5:44,31.832
7/8/2014 5:49,30.117
7/8/2014 5:54,30.549
7/8/2014 5:59,33.643
7/8/2014 6:04,44.618
7/8/2014 6:09,100
7/8/2014 6:14,72.048
7/8/2014 6:19,30.329
7/8/2014 6:24,29.998
7/8/2014 6:29,31.949
7/8/2014 6:34,31.881
7/8/2014 6:39,31.332
7/8/2014 6:44,32.681
7/8/2014 6:49,29.068
7/8/2014 6:54,30.167
7/8/2014 6:59,33.467
7/8/2014 7:04,45.687
7/8/2014 7:09,100
7/8/2014 7:14,71.542
7/8/2014 7:19,30.967
7/8/2014 7:24,29.832
7/8/2014 7:29,31.833
7/8/2014 7:34,30.45
7/8/2014 7:39,30.546
7/8/2014 7:44,32.481
7/8/2014 7:49,29.827
7/8/2014 7:54,30.5
7/8/2014 7:59,34.165
7/8/2014 8:04,44.788
7/8/2014 8:09,65.007
7/8/2014 8:14,50.211
7/8/2014 8:19,30.291
7/8/2014 8:24,30.172
7/8/2014 8:29,31.773
7/8/2014 8:34,30.293
7/8/2014 8:39,31.717
7/8/2014 8:44,30.665
7/8/2014 8:49,30.149
7/8/2014 8:54,30.456
7/8/2014 8:59,33.547
7/8/2014 9:04,44.931
7/8/2014 9:09,100
7/8/2014 9:14,71.321
7/8/2014 9:19,32.094
7/8/2014 9:24,28.864
7/8/2014 9:29,32.171
7/8/2014 9:34,31.145
7/8/2014 9:39,29.499
7/8/2014 9:44,30.951
7/8/2014 9:49,30.324
7/8/2014 9:54,30.289
7/8/2014 9:59,33.052
7/8/2014 10:04,44.984
7/8/2014 10:09,100
7/8/2014 10:14,71.787
7/8/2014 10:19,30.719
7/8/2014 10:24,30.666
7/8/2014 10:29,31.334
7/8/2014 10:34,30.29
7/8/2014 10:39,30.51
7/8/2014 10:44,32.218
7/8/2014 10:49,29.633
7/8/2014 10:54,31.775
7/8/2014 10:59,31.53
7/8/2014 11:04,45.333
7/8/2014 11:09,100
7/8/2014 11:14,72
7/8/2014 11:19,30.558
7/8/2014 11:24,31.088
7/8/2014 11:29,30.332
7/8/2014 11:34,31.601
7/8/2014 11:39,28.803
7/8/2014 11:44,31.265
7/8/2014 11:49,30.601
7/8/2014 11:54,29.5
7/8/2014 11:59,34.708
7/8/2014 12:04,43.791
7/8/2014 12:09,100
7/8/2014 12:14,72.765
7/8/2014 12:19,29.971
7/8/2014 12:24,29.897
7/8/2014 12:29,32.56
7/8/2014 12:34,30.198
7/8/2014 12:39,31.453
7/8/2014 12:44,31.216
7/8/2014 12:49,30.499
7/8/2014 12:54,31.417
7/8/2014 12:59,32.57
7/8/2014 13:04,44.667
7/8/2014 13:09,100
7/8/2014 13:14,71.882
7/8/2014 13:19,32.097
7/8/2014 13:24,30.915
7/8/2014 13:29,29.746
7/8/2014 13:34,30.332
7/8/2014 13:39,30.933
7/8/2014 13:44,31.863
7/8/2014 13:49,29.137
7/8/2014 13:54,30.167
7/8/2014 13:59,32.985
7/8/2014 14:04,44.732
7/8/2014 14:09,100
7/8/2014 14:14,71
7/8/2014 14:19,30.981
7/8/2014 14:24,30.658
7/8/2014 14:29,32.281
7/8/2014 14:34,29.949
7/8/2014 14:39,30.488
7/8/2014 14:44,33.289
7/8/2014 14:49,28.832
7/8/2014 14:54,31.46
7/8/2014 14:59,32.606
7/8/2014 15:04,44.536
7/8/2014 15:09,100
7/8/2014 15:14,72.499
7/8/2014 15:19,30.319
7/8/2014 15:24,30.71
7/8/2014 15:29,31.786
7/8/2014 15:34,29.873
7/8/2014 15:39,29.975
7/8/2014 15:44,31.526
7/8/2014 15:49,31.065
7/8/2014 15:54,31.049
7/8/2014 15:59,32.671
7/8/2014 16:04,44.616
7/8/2014 16:09,31.717
7/8/2014 16:14,31.834
7/8/2014 16:19,29.902
7/8/2014 16:24,30.213
7/8/2014 16:29,32.461
7/8/2014 16:34,31.756
7/8/2014 16:39,30.498
7/8/2014 16:44,30.701
7/8/2014 16:49,30.288
7/8/2014 16:54,30.151
7/8/2014 16:59,33.716
7/8/2014 17:04,44.487
7/8/2014 17:09,66.999
7/8/2014 17:14,52.499
7/8/2014 17:19,32.309
7/8/2014 17:24,29.834
7/8/2014 17:29,32.108
7/8/2014 17:34,30.381
7/8/2014 17:39,32.43
7/8/2014 17:44,30.87
7/8/2014 17:49,29.914
7/8/2014 17:54,30.001
7/8/2014 17:59,33.714
7/8/2014 18:04,44.325
7/8/2014 18:09,100
7/8/2014 18:14,71.712
7/8/2014 18:19,30.333
7/8/2014 18:24,30.787
7/8/2014 18:29,31.633
7/8/2014 18:34,30.666
7/8/2014 18:39,31.973
7/8/2014 18:44,31.044
7/8/2014 18:49,30.334
7/8/2014 18:54,30.636
7/8/2014 18:59,32.952
7/8/2014 19:04,44.833
7/8/2014 19:09,100
7/8/2014 19:14,72.099
7/8/2014 19:19,32.13
7/8/2014 19:24,30.108
7/8/2014 19:29,31.698
7/8/2014 19:34,31.15
7/8/2014 19:39,29.946
7/8/2014 19:44,31.494
7/8/2014 19:49,31
7/8/2014 19:54,30.493
7/8/2014 19:59,33.315
7/8/2014 20:04,44.499
7/8/2014 20:09,100
7/8/2014 20:14,72
7/8/2014 20:19,32.391
7/8/2014 20:24,28.951
7/8/2014 20:29,32.167
7/8/2014 20:34,30.711
7/8/2014 20:39,31.251
7/8/2014 20:44,32.126
7/8/2014 20:49,30.695
7/8/2014 20:54,29.832
7/8/2014 20:59,34.468
7/8/2014 21:04,44.332
7/8/2014 21:09,64.948
7/8/2014 21:14,51.886
7/8/2014 21:19,30.782
7/8/2014 21:24,30.455
7/8/2014 21:29,32.5
7/8/2014 21:34,31.046
7/8/2014 21:39,28.998
7/8/2014 21:44,33.209
7/8/2014 21:49,28.93
7/8/2014 21:54,30.499
7/8/2014 21:59,33
7/8/2014 22:04,45.317
7/8/2014 22:09,66.994
7/8/2014 22:14,52.214
7/8/2014 22:19,32.001
7/8/2014 22:24,31.407
7/8/2014 22:29,31.993
7/8/2014 22:34,30.442
7/8/2014 22:39,30.355
7/8/2014 22:44,31.579
7/8/2014 22:49,30.645
7/8/2014 22:54,30.309
7/8/2014 22:59,33.218
7/8/2014 23:04,45.117
7/8/2014 23:09,100
7/8/2014 23:14,73.471
7/8/2014 23:19,29.982
7/8/2014 23:24,31.476
7/8/2014 23:29,32.08
7/8/2014 23:34,29.321
7/8/2014 23:39,30.717
7/8/2014 23:44,32.443
7/8/2014 23:49,29.714
7/8/2014 23:54,30.573
7/8/2014 23:59,33.636
7/9/2014 0:04,44.214
7/9/2014 0:09,100
7/9/2014 0:14,72.166
7/9/2014 0:19,30.454
7/9/2014 0:24,30.333
7/9/2014 0:29,32.334
7/9/2014 0:34,29.919
7/9/2014 0:39,31.453
7/9/2014 0:44,31.533
7/9/2014 0:49,30.66
7/9/2014 0:54,29.333
7/9/2014 0:59,33.312
7/9/2014 1:04,44.569
7/9/2014 1:09,100
7/9/2014 1:14,71.834
7/9/2014 1:19,30.992
7/9/2014 1:24,31.141
7/9/2014 1:29,32
7/9/2014 1:34,29.832
7/9/2014 1:39,31.65
7/9/2014 1:44,31.771
7/9/2014 1:49,30.294
7/9/2014 1:54,30.716
7/9/2014 1:59,35.045
7/9/2014 2:04,42.707
7/9/2014 2:09,100
7/9/2014 2:14,71.671
7/9/2014 2:19,31.149
7/9/2014 2:24,31.137
7/9/2014 2:29,31.327
7/9/2014 2:34,31.55
7/9/2014 2:39,32.165
7/9/2014 2:44,29.832
7/9/2014 2:49,30.453
7/9/2014 2:54,30.342
7/9/2014 2:59,33.339
7/9/2014 3:04,44.998
7/9/2014 3:09,100
7/9/2014 3:14,71.539
7/9/2014 3:19,31.65
7/9/2014 3:24,31.999
7/9/2014 3:29,31.261
7/9/2014 3:34,36.166
7/9/2014 3:39,31.213
7/9/2014 3:44,32.618
7/9/2014 3:49,29.385
7/9/2014 3:54,30.297
7/9/2014 3:59,34.005
7/9/2014 4:04,43.781
7/9/2014 4:09,66.338
7/9/2014 4:14,52.5
7/9/2014 4:19,31.296
7/9/2014 4:24,29.814
7/9/2014 4:29,31.629
7/9/2014 4:34,30.423
7/9/2014 4:39,30.381
7/9/2014 4:44,32.667
7/9/2014 4:49,29.499
7/9/2014 4:54,31.332
7/9/2014 4:59,33.619
7/9/2014 5:04,45.476
7/9/2014 5:09,100
7/9/2014 5:14,73.095
7/9/2014 5:19,29.158
7/9/2014 5:24,30.666
7/9/2014 5:29,31.433
7/9/2014 5:34,30.544
7/9/2014 5:39,29.12
7/9/2014 5:44,32.558
7/9/2014 5:49,29.771
7/9/2014 5:54,30.218
7/9/2014 5:59,33.284
7/9/2014 6:04,45.218
7/9/2014 6:09,100
7/9/2014 6:14,71.881
7/9/2014 6:19,30.332
7/9/2014 6:24,30.785
7/9/2014 6:29,31.214
7/9/2014 6:34,30.971
7/9/2014 6:39,30.5
7/9/2014 6:44,32.668
7/9/2014 6:49,29.41
7/9/2014 6:54,30.212
7/9/2014 6:59,34.118
7/9/2014 7:04,43.714
7/9/2014 7:09,100
7/9/2014 7:14,72.324
7/9/2014 7:19,29.699
7/9/2014 7:24,31.666
7/9/2014 7:29,30.119
7/9/2014 7:34,30.638
7/9/2014 7:39,30.5
7/9/2014 7:44,31.011
7/9/2014 7:49,31.583
7/9/2014 7:54,29.133
7/9/2014 7:59,33.551
7/9/2014 8:04,45.465
7/9/2014 8:09,100
7/9/2014 8:14,72.167
7/9/2014 8:19,30.12
7/9/2014 8:24,30.544
7/9/2014 8:29,31.447
7/9/2014 8:34,29.953
7/9/2014 8:39,31.884
7/9/2014 8:44,30.333
7/9/2014 8:49,29.829
7/9/2014 8:54,30.167
7/9/2014 8:59,33.619
7/9/2014 9:04,44.7
7/9/2014 9:09,100
7/9/2014 9:14,71.999
7/9/2014 9:19,30.335
7/9/2014 9:24,30.829
7/9/2014 9:29,30.282
7/9/2014 9:34,30.713
7/9/2014 9:39,30.635
7/9/2014 9:44,30.833
7/9/2014 9:49,31.314
7/9/2014 9:54,30.833
7/9/2014 9:59,33
7/9/2014 10:04,44.836
7/9/2014 10:09,100
7/9/2014 10:14,72.218
7/9/2014 10:19,30.288
7/9/2014 10:24,30.803
7/9/2014 10:29,32.016
7/9/2014 10:34,30.817
7/9/2014 10:39,28.952
7/9/2014 10:44,33.388
7/9/2014 10:49,29.238
7/9/2014 10:54,30.165
7/9/2014 10:59,34.117
7/9/2014 11:04,46.052
7/9/2014 11:09,100
7/9/2014 11:14,71.5
7/9/2014 11:19,30.784
7/9/2014 11:24,30.105
7/9/2014 11:29,33.366
7/9/2014 11:34,29.671
7/9/2014 11:39,30.214
7/9/2014 11:44,31.667
7/9/2014 11:49,30.418
7/9/2014 11:54,30.384
7/9/2014 11:59,32.831
7/9/2014 12:04,44.5
7/9/2014 12:09,100
7/9/2014 12:14,72.152
7/9/2014 12:19,32.005
7/9/2014 12:24,30.151
7/9/2014 12:29,31.035
7/9/2014 12:34,30.154
7/9/2014 12:39,30.658
7/9/2014 12:44,30.923
7/9/2014 12:49,30.666
7/9/2014 12:54,29.883
7/9/2014 12:59,33.122
7/9/2014 13:04,44.551
7/9/2014 13:09,100
7/9/2014 13:14,72.211
7/9/2014 13:19,29.289
7/9/2014 13:24,29.881
7/9/2014 13:29,31.952
7/9/2014 13:34,30.009
7/9/2014 13:39,30.119
7/9/2014 13:44,32.054
7/9/2014 13:49,29.999
7/9/2014 13:54,30.499
7/9/2014 13:59,33.426
7/9/2014 14:04,45.144
7/9/2014 14:09,66.667
7/9/2014 14:14,53.314
7/9/2014 14:19,29.333
7/9/2014 14:24,30.286
7/9/2014 14:29,31.875
7/9/2014 14:34,31.334
7/9/2014 14:39,29.498
7/9/2014 14:44,31.166
7/9/2014 14:49,31.284
7/9/2014 14:54,30.539
7/9/2014 14:59,33.334
7/9/2014 15:04,46.261
7/9/2014 15:09,100
7/9/2014 15:14,72.666
7/9/2014 15:19,31.371
7/9/2014 15:24,29.666
7/9/2014 15:29,33.307
7/9/2014 15:34,29.245
7/9/2014 15:39,30.626
7/9/2014 15:44,31.451
7/9/2014 15:49,31.498
7/9/2014 15:54,29.729
7/9/2014 15:59,33.116
7/9/2014 16:04,45.333
7/9/2014 16:09,67.489
7/9/2014 16:14,52.212
7/9/2014 16:19,30.784
7/9/2014 16:24,30.639
7/9/2014 16:29,32.39
7/9/2014 16:34,30.666
7/9/2014 16:39,30.953
7/9/2014 16:44,31.513
7/9/2014 16:49,31.365
7/9/2014 16:54,30.171
7/9/2014 16:59,33.828
7/9/2014 17:04,45.66
7/9/2014 17:09,64.832
7/9/2014 17:14,52.545
7/9/2014 17:19,30.035
7/9/2014 17:24,30.704
7/9/2014 17:29,32.142
7/9/2014 17:34,31.917
7/9/2014 17:39,29.788
7/9/2014 17:44,32.125
7/9/2014 17:49,29.332
7/9/2014 17:54,30.213
7/9/2014 17:59,33.629
7/9/2014 18:04,44.547
7/9/2014 18:09,65
7/9/2014 18:14,50.84
7/9/2014 18:19,31.17
7/9/2014 18:24,31.146
7/9/2014 18:29,31.717
7/9/2014 18:34,32.105
7/9/2014 18:39,30.147
7/9/2014 18:44,31.213
7/9/2014 18:49,30.166
7/9/2014 18:54,30.125
7/9/2014 18:59,33.64
7/9/2014 19:04,44.666
7/9/2014 19:09,100
7/9/2014 19:14,72.333
7/9/2014 19:19,29.926
7/9/2014 19:24,31.502
7/9/2014 19:29,32.351
7/9/2014 19:34,29.713
7/9/2014 19:39,30.544
7/9/2014 19:44,31.541
7/9/2014 19:49,31.322
7/9/2014 19:54,30
7/9/2014 19:59,32.521
7/9/2014 20:04,44.665
7/9/2014 20:09,64.993
7/9/2014 20:14,51.5
7/9/2014 20:19,30.812
7/9/2014 20:24,31.168
7/9/2014 20:29,32.279
7/9/2014 20:34,30.539
7/9/2014 20:39,31.333
7/9/2014 20:44,30.513
7/9/2014 20:49,30.831
7/9/2014 20:54,29.834
7/9/2014 20:59,33.451
7/9/2014 21:04,44.384
7/9/2014 21:09,100
7/9/2014 21:14,72.118
7/9/2014 21:19,31.498
7/9/2014 21:24,30.659
7/9/2014 21:29,32.335
7/9/2014 21:34,30.714
7/9/2014 21:39,29.462
7/9/2014 21:44,32.219
7/9/2014 21:49,30.666
7/9/2014 21:54,30.318
7/9/2014 21:59,34.09
7/9/2014 22:04,45.05
7/9/2014 22:09,100
7/9/2014 22:14,73.118
7/9/2014 22:19,30.159
7/9/2014 22:24,29.881
7/9/2014 22:29,32.93
7/9/2014 22:34,30.418
7/9/2014 22:39,29.024
7/9/2014 22:44,32.214
7/9/2014 22:49,29.833
7/9/2014 22:54,30.617
7/9/2014 22:59,34.308
7/9/2014 23:04,43.039
7/9/2014 23:09,100
7/9/2014 23:14,71.502
7/9/2014 23:19,31.156
7/9/2014 23:24,31.12
7/9/2014 23:29,32.547
7/9/2014 23:34,29.381
7/9/2014 23:39,30.364
7/9/2014 23:44,32
7/9/2014 23:49,31.664
7/9/2014 23:54,29.547
7/9/2014 23:59,32.52
7/10/2014 0:04,45.066
7/10/2014 0:09,64.884
7/10/2014 0:14,51.453
7/10/2014 0:19,30.383
7/10/2014 0:24,30.746
7/10/2014 0:29,33.485
7/10/2014 0:34,29.169
7/10/2014 0:39,30.932
7/10/2014 0:44,31.834
7/10/2014 0:49,30.321
7/10/2014 0:54,30.549
7/10/2014 0:59,33.421
7/10/2014 1:04,45.172
7/10/2014 1:09,100
7/10/2014 1:14,72.167
7/10/2014 1:19,30.667
7/10/2014 1:24,31.766
7/10/2014 1:29,32.542
7/10/2014 1:34,29.952
7/10/2014 1:39,31.558
7/10/2014 1:44,30.932
7/10/2014 1:49,30.884
7/10/2014 1:54,29.677
7/10/2014 1:59,33.466
7/10/2014 2:04,44.999
7/10/2014 2:09,65.39
7/10/2014 2:14,51.661
7/10/2014 2:19,30.337
7/10/2014 2:24,32.09
7/10/2014 2:29,31.519
7/10/2014 2:34,30.499
7/10/2014 2:39,30.453
7/10/2014 2:44,31.388
7/10/2014 2:49,30.123
7/10/2014 2:54,31.591
7/10/2014 2:59,31.957
7/10/2014 3:04,44.349
7/10/2014 3:09,100
7/10/2014 3:14,72.048
7/10/2014 3:19,31.167
7/10/2014 3:24,33.285
7/10/2014 3:29,31.856
7/10/2014 3:34,31.63
7/10/2014 3:39,32.956
7/10/2014 3:44,32.113
7/10/2014 3:49,31.768
7/10/2014 3:54,28.574
7/10/2014 3:59,33.95
7/10/2014 4:04,44.216
7/10/2014 4:09,65
7/10/2014 4:14,51.493
7/10/2014 4:19,30.332
7/10/2014 4:24,30.62
7/10/2014 4:29,33.169
7/10/2014 4:34,29.868
7/10/2014 4:39,29.833
7/10/2014 4:44,31.947
7/10/2014 4:49,30.299
7/10/2014 4:54,31.027
7/10/2014 4:59,32.483
7/10/2014 5:04,45.499
7/10/2014 5:09,100
7/10/2014 5:14,71.833
7/10/2014 5:19,30.995
7/10/2014 5:24,30.574
7/10/2014 5:29,31.166
7/10/2014 5:34,30.667
7/10/2014 5:39,31.999
7/10/2014 5:44,30.382
7/10/2014 5:49,30.309
7/10/2014 5:54,30.255
7/10/2014 5:59,33.299
7/10/2014 6:04,44.388
7/10/2014 6:09,100
7/10/2014 6:14,72.167
7/10/2014 6:19,30.833
7/10/2014 6:24,29.618
7/10/2014 6:29,31.886
7/10/2014 6:34,30.284
7/10/2014 6:39,31.521
7/10/2014 6:44,30.648
7/10/2014 6:49,30.338
7/10/2014 6:54,30.383
7/10/2014 6:59,33.285
7/10/2014 7:04,45.165
7/10/2014 7:09,65
7/10/2014 7:14,51.499
7/10/2014 7:19,30.776
7/10/2014 7:24,30.499
7/10/2014 7:29,31.501
7/10/2014 7:34,29.668
7/10/2014 7:39,30.654
7/10/2014 7:44,31.832
7/10/2014 7:49,29.619
7/10/2014 7:54,30.436
7/10/2014 7:59,34.757
7/10/2014 8:04,43.499
7/10/2014 8:09,100
7/10/2014 8:14,73.281
7/10/2014 8:19,28.947
7/10/2014 8:24,30.345
7/10/2014 8:29,31.639
7/10/2014 8:34,30.499
7/10/2014 8:39,30.148
7/10/2014 8:44,32.173
7/10/2014 8:49,30.339
7/10/2014 8:54,29.153
7/10/2014 8:59,33.499
7/10/2014 9:04,45.498
7/10/2014 9:09,64.948
7/10/2014 9:14,51.381
7/10/2014 9:19,30.787
7/10/2014 9:24,29.542
7/10/2014 9:29,32.499
7/10/2014 9:34,30
7/10/2014 9:39,30.45
7/10/2014 9:44,33.057
7/10/2014 9:49,29.84
7/10/2014 9:54,30.892
7/10/2014 9:59,34.421
7/10/2014 10:04,43.766
7/10/2014 10:09,100
7/10/2014 10:14,72.214
7/10/2014 10:19,30.333
7/10/2014 10:24,30.727
7/10/2014 10:29,31.868
7/10/2014 10:34,29.543
7/10/2014 10:39,31.164
7/10/2014 10:44,32.333
7/10/2014 10:49,30.5
7/10/2014 10:54,30.596
7/10/2014 10:59,33.206
7/10/2014 11:04,45.165
7/10/2014 11:09,100
7/10/2014 11:14,72
7/10/2014 11:19,30.936
7/10/2014 11:24,29.562
7/10/2014 11:29,31.499
7/10/2014 11:34,30.807
7/10/2014 11:39,30.665
7/10/2014 11:44,30.835
7/10/2014 11:49,30.95
7/10/2014 11:54,30.046
7/10/2014 11:59,32.847
7/10/2014 12:04,44.568
7/10/2014 12:09,64.948
7/10/2014 12:14,51.042
7/10/2014 12:19,31.335
7/10/2014 12:24,31.112
7/10/2014 12:29,31.717
7/10/2014 12:34,29.833
7/10/2014 12:39,30.211
7/10/2014 12:44,31.441
7/10/2014 12:49,30.5
7/10/2014 12:54,31.145
7/10/2014 12:59,33.332
7/10/2014 13:04,44.666
7/10/2014 13:09,100
7/10/2014 13:14,72.454
7/10/2014 13:19,30.209
7/10/2014 13:24,31.456
7/10/2014 13:29,30.992
7/10/2014 13:34,30.987
7/10/2014 13:39,30.377
7/10/2014 13:44,30.666
7/10/2014 13:49,31.941
7/10/2014 13:54,29.523
7/10/2014 13:59,33.329
7/10/2014 14:04,44.784
7/10/2014 14:09,64.787
7/10/2014 14:14,51.547
7/10/2014 14:19,31.483
7/10/2014 14:24,29.498
7/10/2014 14:29,31.959
7/10/2014 14:34,30.001
7/10/2014 14:39,30.383
7/10/2014 14:44,31.443
7/10/2014 14:49,30.667
7/10/2014 14:54,31.431
7/10/2014 14:59,32.77
7/10/2014 15:04,45.499
7/10/2014 15:09,100
7/10/2014 15:14,73.5
7/10/2014 15:19,29.166
7/10/2014 15:24,30.342
7/10/2014 15:29,31.163
7/10/2014 15:34,32.514
7/10/2014 15:39,29.936
7/10/2014 15:44,31.336
7/10/2014 15:49,31.547
7/10/2014 15:54,29.414
7/10/2014 15:59,33.376
7/10/2014 16:04,44.499
7/10/2014 16:09,100
7/10/2014 16:14,72.5
7/10/2014 16:19,29.999
7/10/2014 16:24,30.975
7/10/2014 16:29,32.95
7/10/2014 16:34,30.039
7/10/2014 16:39,30.665
7/10/2014 16:44,31.951
7/10/2014 16:49,31.047
7/10/2014 16:54,29.667
7/10/2014 16:59,33.772
7/10/2014 17:04,45.719
7/10/2014 17:09,100
7/10/2014 17:14,73.759
7/10/2014 17:19,30.968
7/10/2014 17:24,29.696
7/10/2014 17:29,32.218
7/10/2014 17:34,29.773
7/10/2014 17:39,29.715
7/10/2014 17:44,32.483
7/10/2014 17:49,31.642
7/10/2014 17:54,29.553
7/10/2014 17:59,34.716
7/10/2014 18:04,45.276
7/10/2014 18:09,65.167
7/10/2014 18:14,50.499
7/10/2014 18:19,32.757
7/10/2014 18:24,29.028
7/10/2014 18:29,31.619
7/10/2014 18:34,31.019
7/10/2014 18:39,30.287
7/10/2014 18:44,32.217
7/10/2014 18:49,31.333
7/10/2014 18:54,30.243
7/10/2014 18:59,32.563
7/10/2014 19:04,44.599
7/10/2014 19:09,65.873
7/10/2014 19:14,52.833
7/10/2014 19:19,30.834
7/10/2014 19:24,30.992
7/10/2014 19:29,33.833
7/10/2014 19:34,28.999
7/10/2014 19:39,30.318
7/10/2014 19:44,31.665
7/10/2014 19:49,30.602
7/10/2014 19:54,30.218
7/10/2014 19:59,33.171
7/10/2014 20:04,44.454
7/10/2014 20:09,100
7/10/2014 20:14,72.166
7/10/2014 20:19,31.333
7/10/2014 20:24,30.616
7/10/2014 20:29,31.877
7/10/2014 20:34,30.999
7/10/2014 20:39,30.312
7/10/2014 20:44,31.318
7/10/2014 20:49,30.656
7/10/2014 20:54,29.896
7/10/2014 20:59,34.641
7/10/2014 21:04,43.533
7/10/2014 21:09,66.865
7/10/2014 21:14,52.778
7/10/2014 21:19,30.157
7/10/2014 21:24,30.481
7/10/2014 21:29,32.255
7/10/2014 21:34,31.154
7/10/2014 21:39,29.077
7/10/2014 21:44,31.445
7/10/2014 21:49,30.799
7/10/2014 21:54,29.165
7/10/2014 21:59,33.832
7/10/2014 22:04,45.306
7/10/2014 22:09,100
7/10/2014 22:14,72.166
7/10/2014 22:19,29.952
7/10/2014 22:24,30.393
7/10/2014 22:29,32.17
7/10/2014 22:34,30.642
7/10/2014 22:39,30.838
7/10/2014 22:44,32.604
7/10/2014 22:49,30.378
7/10/2014 22:54,30.167
7/10/2014 22:59,33.47
7/10/2014 23:04,44.998
7/10/2014 23:09,100
7/10/2014 23:14,72.167
7/10/2014 23:19,30.357
7/10/2014 23:24,31.979
7/10/2014 23:29,31.649
7/10/2014 23:34,30.093
7/10/2014 23:39,30.551
7/10/2014 23:44,32
7/10/2014 23:49,29.613
7/10/2014 23:54,30.547
7/10/2014 23:59,32.557
7/11/2014 0:04,44.287
7/11/2014 0:09,100
7/11/2014 0:14,71.98
7/11/2014 0:19,32.281
7/11/2014 0:24,29.188
7/11/2014 0:29,31.667
7/11/2014 0:34,30.556
7/11/2014 0:39,30.886
7/11/2014 0:44,31.459
7/11/2014 0:49,30.832
7/11/2014 0:54,29.766
7/11/2014 0:59,33.016
7/11/2014 1:04,45.287
7/11/2014 1:09,100
7/11/2014 1:14,72.333
7/11/2014 1:19,30.971
7/11/2014 1:24,30.122
7/11/2014 1:29,31.552
7/11/2014 1:34,30.456
7/11/2014 1:39,30.363
7/11/2014 1:44,31.119
7/11/2014 1:49,30.508
7/11/2014 1:54,29.495
7/11/2014 1:59,33.445
7/11/2014 2:04,44.391
7/11/2014 2:09,100
7/11/2014 2:14,72.454
7/11/2014 2:19,30.501
7/11/2014 2:24,30.376
7/11/2014 2:29,32.937
7/11/2014 2:34,29.374
7/11/2014 2:39,31.165
7/11/2014 2:44,31.953
7/11/2014 2:49,29.988
7/11/2014 2:54,31.283
7/11/2014 2:59,32.887
7/11/2014 3:04,45.932
7/11/2014 3:09,64.887
7/11/2014 3:14,51.213
7/11/2014 3:19,31.832
7/11/2014 3:24,29.499
7/11/2014 3:29,33.009
7/11/2014 3:34,33.133
7/11/2014 3:39,30
7/11/2014 3:44,35.999
7/11/2014 3:49,29.824
7/11/2014 3:54,29.618
7/11/2014 3:59,33.553
7/11/2014 4:04,44.666
7/11/2014 4:09,100
7/11/2014 4:14,71.666
7/11/2014 4:19,30.36
7/11/2014 4:24,30.123
7/11/2014 4:29,33.378
7/11/2014 4:34,29.488
7/11/2014 4:39,30.175
7/11/2014 4:44,31.668
7/11/2014 4:49,30.785
7/11/2014 4:54,30.972
7/11/2014 4:59,31.982
7/11/2014 5:04,44.663
7/11/2014 5:09,100
7/11/2014 5:14,72.215
7/11/2014 5:19,31.342
7/11/2014 5:24,29.333
7/11/2014 5:29,31.121
7/11/2014 5:34,30.833
7/11/2014 5:39,29.8
7/11/2014 5:44,31.831
7/11/2014 5:49,30.333
7/11/2014 5:54,29.951
7/11/2014 5:59,34.627
7/11/2014 6:04,42.863
7/11/2014 6:09,66.669
7/11/2014 6:14,53.665
7/11/2014 6:19,29.286
7/11/2014 6:24,31.037
7/11/2014 6:29,31.988
7/11/2014 6:34,30.338
7/11/2014 6:39,30.165
7/11/2014 6:44,31.495
7/11/2014 6:49,30.727
7/11/2014 6:54,30.772
7/11/2014 6:59,33.341
7/11/2014 7:04,44.281
7/11/2014 7:09,100
7/11/2014 7:14,72.042
7/11/2014 7:19,29.763
7/11/2014 7:24,30.712
7/11/2014 7:29,31.434
7/11/2014 7:34,31.134
7/11/2014 7:39,30.5
7/11/2014 7:44,30.669
7/11/2014 7:49,30.62
7/11/2014 7:54,31
7/11/2014 7:59,33.238
7/11/2014 8:04,44.279
7/11/2014 8:09,30.785
7/11/2014 8:14,31.547
7/11/2014 8:19,30.951
7/11/2014 8:24,30.92
7/11/2014 8:29,31.717
7/11/2014 8:34,31.334
7/11/2014 8:39,29.323
7/11/2014 8:44,33.212
7/11/2014 8:49,28.699
7/11/2014 8:54,30.549
7/11/2014 8:59,32.453
7/11/2014 9:04,44.881
7/11/2014 9:09,100
7/11/2014 9:14,71.668
7/11/2014 9:19,30.813
7/11/2014 9:24,29.666
7/11/2014 9:29,32.828
7/11/2014 9:34,30.455
7/11/2014 9:39,29.833
7/11/2014 9:44,31.13
7/11/2014 9:49,30.7
7/11/2014 9:54,29.974
7/11/2014 9:59,32.937
7/11/2014 10:04,44.833
7/11/2014 10:09,100
7/11/2014 10:14,72.315
7/11/2014 10:19,30.936
7/11/2014 10:24,30.122
7/11/2014 10:29,31.744
7/11/2014 10:34,30.118
7/11/2014 10:39,30.498
7/11/2014 10:44,31.479
7/11/2014 10:49,31.213
7/11/2014 10:54,30
7/11/2014 10:59,32.769
7/11/2014 11:04,45.03
7/11/2014 11:09,100
7/11/2014 11:14,72.043
7/11/2014 11:19,30.934
7/11/2014 11:24,29.88
7/11/2014 11:29,33.376
7/11/2014 11:34,29.218
7/11/2014 11:39,29.833
7/11/2014 11:44,31.331
7/11/2014 11:49,30.809
7/11/2014 11:54,30.667
7/11/2014 11:59,33.553
7/11/2014 12:04,44.017
7/11/2014 12:09,100
7/11/2014 12:14,73.477
7/11/2014 12:19,29.217
7/11/2014 12:24,30.498
7/11/2014 12:29,32.655
7/11/2014 12:34,29.46
7/11/2014 12:39,30.166
7/11/2014 12:44,31.046
7/11/2014 12:49,31.774
7/11/2014 12:54,30.151
7/11/2014 12:59,32.643
7/11/2014 13:04,44.883
7/11/2014 13:09,100
7/11/2014 13:14,71.711
7/11/2014 13:19,29.327
7/11/2014 13:24,29.434
7/11/2014 13:29,31.04
7/11/2014 13:34,29.14
7/11/2014 13:39,30.008
7/11/2014 13:44,31.601
7/11/2014 13:49,28.659
7/11/2014 13:54,29.459
7/11/2014 13:59,31.858
7/11/2014 14:04,43.829
7/11/2014 14:09,100
7/11/2014 14:14,71.881
7/11/2014 14:19,30.324
7/11/2014 14:24,29.287
7/11/2014 14:29,31.382
7/11/2014 14:34,29.479
7/11/2014 14:39,29.62
7/11/2014 14:44,31.5
7/11/2014 14:49,29.521
7/11/2014 14:54,29.333
7/11/2014 14:59,31.668
7/11/2014 15:04,43.617
7/11/2014 15:09,72.499
7/11/2014 15:14,59.147
7/11/2014 15:19,30.015
7/11/2014 15:24,28.589
7/11/2014 15:29,31.451
7/11/2014 15:34,30.052
7/11/2014 15:39,31.765
7/11/2014 15:44,29.374
7/11/2014 15:49,29.665
7/11/2014 15:54,30.621
7/11/2014 15:59,31.236
7/11/2014 16:04,44.834
7/11/2014 16:09,71.666
7/11/2014 16:14,59.547
7/11/2014 16:19,29.786
7/11/2014 16:24,29.715
7/11/2014 16:29,32.517
7/11/2014 16:34,28.849
7/11/2014 16:39,29.841
7/11/2014 16:44,30.499
7/11/2014 16:49,30.002
7/11/2014 16:54,29.454
7/11/2014 16:59,31.885
7/11/2014 17:04,43.333
7/11/2014 17:09,100
7/11/2014 17:14,85.666
7/11/2014 17:19,30.458
7/11/2014 17:24,29.001
7/11/2014 17:29,31.332
7/11/2014 17:34,30.154
7/11/2014 17:39,29.727
7/11/2014 17:44,30.004
7/11/2014 17:49,29.453
7/11/2014 17:54,29.672
7/11/2014 17:59,31.619
7/11/2014 18:04,44.048
7/11/2014 18:09,71.499
7/11/2014 18:14,56.955
7/11/2014 18:19,31.213
7/11/2014 18:24,29.832
7/11/2014 18:29,31.583
7/11/2014 18:34,28.671
7/11/2014 18:39,29.551
7/11/2014 18:44,30.656
7/11/2014 18:49,29.785
7/11/2014 18:54,29.333
7/11/2014 18:59,31.768
7/11/2014 19:04,44.51
7/11/2014 19:09,100
7/11/2014 19:14,86.618
7/11/2014 19:19,29.718
7/11/2014 19:24,31.003
7/11/2014 19:29,30.512
7/11/2014 19:34,29.166
7/11/2014 19:39,30.085
7/11/2014 19:44,72.047
7/11/2014 19:49,100
7/11/2014 19:54,46.221
7/11/2014 19:59,31.667
7/11/2014 20:04,43.289
7/11/2014 20:09,71.384
7/11/2014 20:14,51.287
7/11/2014 20:19,30.713
7/11/2014 20:24,29.298
7/11/2014 20:29,31.461
7/11/2014 20:34,29.337
7/11/2014 20:39,29.998
7/11/2014 20:44,31.606
7/11/2014 20:49,28.703
7/11/2014 20:54,30.297
7/11/2014 20:59,31.657
7/11/2014 21:04,43.961
7/11/2014 21:09,100
7/11/2014 21:14,86.5
7/11/2014 21:19,29.666
7/11/2014 21:24,28.999
7/11/2014 21:29,30.672
7/11/2014 21:34,29.914
7/11/2014 21:39,29.21
7/11/2014 21:44,30.656
7/11/2014 21:49,29.666
7/11/2014 21:54,29.452
7/11/2014 21:59,32.141
7/11/2014 22:04,43.713
7/11/2014 22:09,71.453
7/11/2014 22:14,58.551
7/11/2014 22:19,29.321
7/11/2014 22:24,29.667
7/11/2014 22:29,31.167
7/11/2014 22:34,29.78
7/11/2014 22:39,29.388
7/11/2014 22:44,31.007
7/11/2014 22:49,29.163
7/11/2014 22:54,29.5
7/11/2014 22:59,31.585
7/11/2014 23:04,43.835
7/11/2014 23:09,100
7/11/2014 23:14,92.833
7/11/2014 23:19,29.501
7/11/2014 23:24,30.255
7/11/2014 23:29,30.374
7/11/2014 23:34,29.109
7/11/2014 23:39,29.5
7/11/2014 23:44,31.667
7/11/2014 23:49,29.091
7/11/2014 23:54,30.154
7/11/2014 23:59,30.586
7/12/2014 0:04,45.699
7/12/2014 0:09,100
7/12/2014 0:14,93.559
7/12/2014 0:19,30.31
7/12/2014 0:24,29.114
7/12/2014 0:29,30.997
7/12/2014 0:34,29.834
7/12/2014 0:39,29.844
7/12/2014 0:44,31.602
7/12/2014 0:49,29.167
7/12/2014 0:54,30.005
7/12/2014 0:59,31.669
7/12/2014 1:04,42.488
7/12/2014 1:09,100
7/12/2014 1:14,95.1113
7/12/2014 1:19,63.624
7/12/2014 1:24,63
7/12/2014 1:29,64.666
7/12/2014 1:34,45.578
7/12/2014 1:39,57.493
7/12/2014 1:44,74.2207
7/12/2014 1:49,62.455
7/12/2014 1:54,60.669
7/12/2014 1:59,62.1295
7/12/2014 2:04,52.456
7/12/2014 2:09,92.767
7/12/2014 2:14,89.468
7/12/2014 2:19,58.9217
7/12/2014 2:24,37.467
7/12/2014 2:29,55.0728
7/12/2014 2:34,60.043
7/12/2014 2:39,57.956
7/12/2014 2:44,60.859
7/12/2014 2:49,64.001
7/12/2014 2:54,29.833
7/12/2014 2:59,55.6118
7/12/2014 3:04,47.158
7/12/2014 3:09,93.274
7/12/2014 3:14,91.162
7/12/2014 3:19,64.679
7/12/2014 3:24,40.058
7/12/2014 3:29,56.94
7/12/2014 3:34,73.746
7/12/2014 3:39,63.334
7/12/2014 3:44,61.889
7/12/2014 3:49,64.117
7/12/2014 3:54,39.213
7/12/2014 3:59,58.716
7/12/2014 4:04,71.165
7/12/2014 4:09,58.224
7/12/2014 4:14,30.31
7/12/2014 4:19,46.618
7/12/2014 4:24,51.662
7/12/2014 4:29,57.889
7/12/2014 4:34,61.931
7/12/2014 4:39,56.4555
7/12/2014 4:44,37.896
7/12/2014 4:49,55.251
7/12/2014 4:54,63.833
7/12/2014 4:59,59.12
7/12/2014 5:04,69.14
7/12/2014 5:09,50
7/12/2014 5:14,65.166
7/12/2014 5:19,56.621
7/12/2014 5:24,71.9987
7/12/2014 5:29,45.65
7/12/2014 5:34,36.5
7/12/2014 5:39,42.666
7/12/2014 5:44,45.369
7/12/2014 5:49,46.785
7/12/2014 5:54,64.001
7/12/2014 5:59,58.994
7/12/2014 6:04,68.62
7/12/2014 6:09,66.6667
7/12/2014 6:14,60.171
7/12/2014 6:19,47.122
7/12/2014 6:24,28.09
7/12/2014 6:29,57.843
7/12/2014 6:34,61.0547
7/12/2014 6:39,56.456
7/12/2014 6:44,37.714
7/12/2014 6:49,34.0567
7/12/2014 6:54,53.865
7/12/2014 6:59,56.742
7/12/2014 7:04,62.3333
7/12/2014 7:09,99
7/12/2014 7:14,90.834
7/12/2014 7:19,76.1427
7/12/2014 7:24,38.1995
7/12/2014 7:29,47.119
7/12/2014 7:34,64.004
7/12/2014 7:39,58.5
7/12/2014 7:44,60.8438
7/12/2014 7:49,49.4165
7/12/2014 7:54,29.787
7/12/2014 7:59,68.9373
7/12/2014 8:04,52.256
7/12/2014 8:09,92.543
7/12/2014 8:14,91.027
7/12/2014 8:19,45.499
7/12/2014 8:24,37.148
7/12/2014 8:29,40.5
7/12/2014 8:34,44.001
7/12/2014 8:39,57.267
7/12/2014 8:44,64.167
7/12/2014 8:49,58.054
7/12/2014 8:54,61.333
7/12/2014 8:59,57.966
7/12/2014 9:04,37.499
7/12/2014 9:09,60.1117
7/12/2014 9:14,52.5
7/12/2014 9:19,57.928
7/12/2014 9:24,60.6227
7/12/2014 9:29,59.7492
7/12/2014 9:34,39.331
7/12/2014 9:39,68.1676
7/12/2014 9:44,52.167
7/12/2014 9:49,56.454
7/12/2014 9:54,62.1315
7/12/2014 9:59,64.163
7/12/2014 10:04,67.473
7/12/2014 10:09,100
7/12/2014 10:14,73.935
7/12/2014 10:19,56.997
7/12/2014 10:24,63.833
7/12/2014 10:29,57
7/12/2014 10:34,61.5345
7/12/2014 10:39,56.6292
7/12/2014 10:44,37.614
7/12/2014 10:49,51.9043
7/12/2014 10:54,51.999
7/12/2014 10:59,57.288
7/12/2014 11:04,68.714
7/12/2014 11:09,64.544
7/12/2014 11:14,30.416
7/12/2014 11:19,52.6627
7/12/2014 11:24,51.564
7/12/2014 11:29,56.434
7/12/2014 11:34,42.709
7/12/2014 11:39,52.045
7/12/2014 11:44,37.324
7/12/2014 11:49,52.3333
7/12/2014 11:54,57.7918
7/12/2014 11:59,57.3
7/12/2014 12:04,68.832
7/12/2014 12:09,71.379
7/12/2014 12:14,30.806
7/12/2014 12:19,56.456
7/12/2014 12:24,76.1133
7/12/2014 12:29,57.635
7/12/2014 12:34,58.356
7/12/2014 12:39,57.4805
7/12/2014 12:44,38.381
7/12/2014 12:49,43.1642
7/12/2014 12:54,58.5827
7/12/2014 12:59,57.987
7/12/2014 13:04,68.352
7/12/2014 13:09,88.248
7/12/2014 13:14,59.667
7/12/2014 13:19,64.5017
7/12/2014 13:24,39.335
7/12/2014 13:29,57.947
7/12/2014 13:34,42.6687
7/12/2014 13:39,58.879
7/12/2014 13:44,64.501
7/12/2014 13:49,56.914
7/12/2014 13:54,29.219
7/12/2014 13:59,56.25
7/12/2014 14:04,59.501
7/12/2014 14:09,93.77
7/12/2014 14:14,91.4927
7/12/2014 14:19,51.286
7/12/2014 14:24,36.334
7/12/2014 14:29,62.479
7/12/2014 14:34,50.398
7/12/2014 14:39,57.103
7/12/2014 14:44,64.617
7/12/2014 14:49,63.715
7/12/2014 14:54,62.333
7/12/2014 14:59,59.1662
7/12/2014 15:04,38.333
7/12/2014 15:09,91.875
7/12/2014 15:14,81.513
7/12/2014 15:19,55.996
7/12/2014 15:24,74.1478
7/12/2014 15:29,50.38
7/12/2014 15:34,35.666
7/12/2014 15:39,63.9463
7/12/2014 15:44,46.396
7/12/2014 15:49,56.833
7/12/2014 15:54,75.4433
7/12/2014 15:59,63.144
7/12/2014 16:04,69.015
7/12/2014 16:09,100
7/12/2014 16:14,60.833
7/12/2014 16:19,54.8338
7/12/2014 16:24,51.917
7/12/2014 16:29,57.633
7/12/2014 16:34,61.544
7/12/2014 16:39,44.833
7/12/2014 16:44,36.333
7/12/2014 16:49,46.954
7/12/2014 16:54,39.164
7/12/2014 16:59,57.832
7/12/2014 17:04,79.6667
7/12/2014 17:09,100
7/12/2014 17:14,90.722
7/12/2014 17:19,42.666
7/12/2014 17:24,37.371
7/12/2014 17:29,57.382
7/12/2014 17:34,73.1313
7/12/2014 17:39,64.165
7/12/2014 17:44,63.496
7/12/2014 17:49,76
7/12/2014 17:54,32.666
7/12/2014 17:59,47.669
7/12/2014 18:04,42.674
7/12/2014 18:09,65.501
7/12/2014 18:14,62.332
7/12/2014 18:19,75.778
7/12/2014 18:24,38.113
7/12/2014 18:29,56.5522
7/12/2014 18:34,57.916
7/12/2014 18:39,58.095
7/12/2014 18:44,51.385
7/12/2014 18:49,52.286
7/12/2014 18:54,30.499
7/12/2014 18:59,36.826
7/12/2014 19:04,58.166
7/12/2014 19:09,63.782
7/12/2014 19:14,63.0425
7/12/2014 19:19,52.213
7/12/2014 19:24,37.499
7/12/2014 19:29,54.7813
7/12/2014 19:34,52.164
7/12/2014 19:39,57.384
7/12/2014 19:44,62.5353
7/12/2014 19:49,56.9212
7/12/2014 19:54,30.046
7/12/2014 19:59,59.051
7/12/2014 20:04,64.7552
7/12/2014 20:09,93.833
7/12/2014 20:14,92.4583
7/12/2014 20:19,52.555
7/12/2014 20:24,37.073
7/12/2014 20:29,54.0007
7/12/2014 20:34,51.099
7/12/2014 20:39,56.512
7/12/2014 20:44,62.2503
7/12/2014 20:49,57.7928
7/12/2014 20:54,31.165
7/12/2014 20:59,56.953
7/12/2014 21:04,71.384
7/12/2014 21:09,92.667
7/12/2014 21:14,90.456
7/12/2014 21:19,76.366
7/12/2014 21:24,45
7/12/2014 21:29,57.788
7/12/2014 21:34,75.639
7/12/2014 21:39,63.334
7/12/2014 21:44,63.166
7/12/2014 21:49,63.79
7/12/2014 21:54,37.864
7/12/2014 21:59,55.797
7/12/2014 22:04,78.3887
7/12/2014 22:09,88.5
7/12/2014 22:14,59.459
7/12/2014 22:19,53.843
7/12/2014 22:24,52.547
7/12/2014 22:29,57.333
7/12/2014 22:34,74.302
7/12/2014 22:39,45.341
7/12/2014 22:44,37.428
7/12/2014 22:49,53.2137
7/12/2014 22:54,59.167
7/12/2014 22:59,58.466
7/12/2014 23:04,64.5775
7/12/2014 23:09,88.5
7/12/2014 23:14,59.891
7/12/2014 23:19,53.13
7/12/2014 23:24,38.213
7/12/2014 23:29,58.345
7/12/2014 23:34,63.879
7/12/2014 23:39,57.833
7/12/2014 23:44,61.945
7/12/2014 23:49,60.582
7/12/2014 23:54,45.547
7/12/2014 23:59,72.4707
7/13/2014 0:04,53.166
7/13/2014 0:09,64.777
7/13/2014 0:14,64.6355
7/13/2014 0:19,51.665
7/13/2014 0:24,36.499
7/13/2014 0:29,30.169
7/13/2014 0:34,50.953
7/13/2014 0:39,56.881
7/13/2014 0:44,29.332
7/13/2014 0:49,56.342
7/13/2014 0:54,48.5
7/13/2014 0:59,58.651
7/13/2014 1:04,37.666
7/13/2014 1:09,78.75
7/13/2014 1:14,88.167
7/13/2014 1:19,57.214
7/13/2014 1:24,71.731
7/13/2014 1:29,44.778
7/13/2014 1:34,35.167
7/13/2014 1:39,59.891
7/13/2014 1:44,59.581
7/13/2014 1:49,56.955
7/13/2014 1:54,63.999
7/13/2014 1:59,56.699
7/13/2014 2:04,66.719
7/13/2014 2:09,71.875
7/13/2014 2:14,41.431
7/13/2014 2:19,56.541
7/13/2014 2:24,27.906
7/13/2014 2:29,64.043
7/13/2014 2:34,51.836
7/13/2014 2:39,57.4315
7/13/2014 2:44,37.777
7/13/2014 2:49,44.2077
7/13/2014 2:54,51.832
7/13/2014 2:59,57.27
7/13/2014 3:04,69.269
7/13/2014 3:09,93.833
7/13/2014 3:14,58.931
7/13/2014 3:19,64.385
7/13/2014 3:24,44.934
7/13/2014 3:29,57.833
7/13/2014 3:34,44.9503
7/13/2014 3:39,49.1
7/13/2014 3:44,39.326
7/13/2014 3:49,45.083
7/13/2014 3:54,58.286
7/13/2014 3:59,56.217
7/13/2014 4:04,51.676
7/13/2014 4:09,94.5
7/13/2014 4:14,92.667
7/13/2014 4:19,64.452
7/13/2014 4:24,37.166
7/13/2014 4:29,43.6688
7/13/2014 4:34,58.5387
7/13/2014 4:39,56.996
7/13/2014 4:44,62.386
7/13/2014 4:49,57.334
7/13/2014 4:54,29.787
7/13/2014 4:59,56.135
7/13/2014 5:04,64.0823
7/13/2014 5:09,93
7/13/2014 5:14,89.666
7/13/2014 5:19,28.092
7/13/2014 5:24,38.666
7/13/2014 5:29,57.621
7/13/2014 5:34,72.142
7/13/2014 5:39,45.5
7/13/2014 5:44,37.934
7/13/2014 5:49,64.3327
7/13/2014 5:54,45.166
7/13/2014 5:59,56.457
7/13/2014 6:04,67.49
7/13/2014 6:09,93.667
7/13/2014 6:14,61.097
7/13/2014 6:19,45.4335
7/13/2014 6:24,44.786
7/13/2014 6:29,56.549
7/13/2014 6:34,61.4037
7/13/2014 6:39,53.747
7/13/2014 6:44,37.998
7/13/2014 6:49,64.777
7/13/2014 6:54,45.166
7/13/2014 6:59,57.454
7/13/2014 7:04,68.4367
7/13/2014 7:09,93.559
7/13/2014 7:14,59.324
7/13/2014 7:19,67.146
7/13/2014 7:24,45.665
7/13/2014 7:29,57.617
7/13/2014 7:34,61.164
7/13/2014 7:39,56.9152
7/13/2014 7:44,39.088
7/13/2014 7:49,54.5105
7/13/2014 7:54,57.7665
7/13/2014 7:59,58.717
7/13/2014 8:04,69.341
7/13/2014 8:09,64.211
7/13/2014 8:14,30.334
7/13/2014 8:19,64.839
7/13/2014 8:24,43.887
7/13/2014 8:29,56.114
7/13/2014 8:34,57.1457
7/13/2014 8:39,61.172
7/13/2014 8:44,63.113
7/13/2014 8:49,64
7/13/2014 8:54,32.382
7/13/2014 8:59,47.787
7/13/2014 9:04,42.426
7/13/2014 9:09,65.5
7/13/2014 9:14,49.4642
7/13/2014 9:19,50.416
7/13/2014 9:24,37.117
7/13/2014 9:29,35.7837
7/13/2014 9:34,51.551
7/13/2014 9:39,57.503
7/13/2014 9:44,75.612
7/13/2014 9:49,45.332
7/13/2014 9:54,29.5
7/13/2014 9:59,43.5467
7/13/2014 10:04,45.337
7/13/2014 10:09,83.833
7/13/2014 10:14,86.1667
7/13/2014 10:19,57.5
7/13/2014 10:24,62.9157
7/13/2014 10:29,51.708
7/13/2014 10:34,35.339
7/13/2014 10:39,67.682
7/13/2014 10:44,52.711
7/13/2014 10:49,56.999
7/13/2014 10:54,65.8867
7/13/2014 10:59,47.118
7/13/2014 11:04,37.716
7/13/2014 11:09,57.169
7/13/2014 11:14,47.439
7/13/2014 11:19,56.208
7/13/2014 11:24,56.5407
7/13/2014 11:29,57.347
7/13/2014 11:34,61.287
7/13/2014 11:39,51.286
7/13/2014 11:44,35.513
7/13/2014 11:49,68.0067
7/13/2014 11:54,45.241
7/13/2014 11:59,58.671
7/13/2014 12:04,80.8093
7/13/2014 12:09,92.203
7/13/2014 12:14,58.965
7/13/2014 12:19,52.5657
7/13/2014 12:24,52.545
7/13/2014 12:29,56.335
7/13/2014 12:34,61.2025
7/13/2014 12:39,44.714
7/13/2014 12:44,37.44
7/13/2014 12:49,32.455
7/13/2014 12:54,38.243
7/13/2014 12:59,57.333
7/13/2014 13:04,71.12
7/13/2014 13:09,69.715
7/13/2014 13:14,61.9987
7/13/2014 13:19,56.283
7/13/2014 13:24,37.668
7/13/2014 13:29,57.833
7/13/2014 13:34,63.833
7/13/2014 13:39,58.008
7/13/2014 13:44,61.996
7/13/2014 13:49,60.129
7/13/2014 13:54,45.429
7/13/2014 13:59,57.878
7/13/2014 14:04,54.222
7/13/2014 14:09,88.667
7/13/2014 14:14,58.333
7/13/2014 14:19,52.1663
7/13/2014 14:24,56.8693
7/13/2014 14:29,57.499
7/13/2014 14:34,51.546
7/13/2014 14:39,64.121
7/13/2014 14:44,36.546
7/13/2014 14:49,56.666
7/13/2014 14:54,13.999
7/13/2014 14:59,64.501
7/13/2014 15:04,68.498
7/13/2014 15:09,100
7/13/2014 15:14,68.334
7/13/2014 15:19,56.832
7/13/2014 15:24,42.6347
7/13/2014 15:29,46
7/13/2014 15:34,37.688
7/13/2014 15:39,45.16
7/13/2014 15:44,52.621
7/13/2014 15:49,53.671
7/13/2014 15:54,46.0547
7/13/2014 15:59,47
7/13/2014 16:04,37.671
7/13/2014 16:09,54.2465
7/13/2014 16:14,45.666
7/13/2014 16:19,56.82
7/13/2014 16:24,62.5873
7/13/2014 16:29,52.375
7/13/2014 16:34,37.377
7/13/2014 16:39,56.714
7/13/2014 16:44,64.5
7/13/2014 16:49,57.124
7/13/2014 16:54,60.883
7/13/2014 16:59,58.3823
7/13/2014 17:04,38.001
7/13/2014 17:09,91.6663
7/13/2014 17:14,93.3337
7/13/2014 17:19,56.216
7/13/2014 17:24,61.8897
7/13/2014 17:29,46.5
7/13/2014 17:34,36.955
7/13/2014 17:39,65.0573
7/13/2014 17:44,52.719
7/13/2014 17:49,56.511
7/13/2014 17:54,75.858
7/13/2014 17:59,63.718
7/13/2014 18:04,65.525
7/13/2014 18:09,100
7/13/2014 18:14,62.267
7/13/2014 18:19,53.829
7/13/2014 18:24,57.5008
7/13/2014 18:29,57.667
7/13/2014 18:34,62.22
7/13/2014 18:39,57.114
7/13/2014 18:44,52.334
7/13/2014 18:49,64.6437
7/13/2014 18:54,43.751
7/13/2014 18:59,56.834
7/13/2014 19:04,63.714
7/13/2014 19:09,70.666
7/13/2014 19:14,61.857
7/13/2014 19:19,64.455
7/13/2014 19:24,37.206
7/13/2014 19:29,55.7918
7/13/2014 19:34,51.89
7/13/2014 19:39,56.048
7/13/2014 19:44,58.6333
7/13/2014 19:49,59
7/13/2014 19:54,29.999
7/13/2014 19:59,65.4643
7/13/2014 20:04,51.5
7/13/2014 20:09,92.834
7/13/2014 20:14,95.222
7/13/2014 20:19,63.165
7/13/2014 20:24,57.727
7/13/2014 20:29,64.666
7/13/2014 20:34,39.784
7/13/2014 20:39,55.2487
7/13/2014 20:44,64.547
7/13/2014 20:49,57.662
7/13/2014 20:54,62.1233
7/13/2014 20:59,52.552
7/13/2014 21:04,37.897
7/13/2014 21:09,52.2185
7/13/2014 21:14,52.708
7/13/2014 21:19,57.667
7/13/2014 21:24,74.876
7/13/2014 21:29,63.666
7/13/2014 21:34,61.333
7/13/2014 21:39,64.001
7/13/2014 21:44,46.252
7/13/2014 21:49,56.726
7/13/2014 21:54,74.3043
7/13/2014 21:59,64.285
7/13/2014 22:04,70.38
7/13/2014 22:09,80.8887
7/13/2014 22:14,39.099
7/13/2014 22:19,57.504
7/13/2014 22:24,62.964
7/13/2014 22:29,45.499
7/13/2014 22:34,38.108
7/13/2014 22:39,52.2523
7/13/2014 22:44,59.167
7/13/2014 22:49,56.789
7/13/2014 22:54,62.296
7/13/2014 22:59,52.052
7/13/2014 23:04,35.789
7/13/2014 23:09,88.055
7/13/2014 23:14,87.751
7/13/2014 23:19,56.167
7/13/2014 23:24,61.1287
7/13/2014 23:29,57.6678
7/13/2014 23:34,36.666
7/13/2014 23:39,54.544
7/13/2014 23:44,59.324
7/13/2014 23:49,56.951
7/13/2014 23:54,62.126
7/13/2014 23:59,57.1587
7/14/2014 0:04,37.215
7/14/2014 0:09,92.4078
7/14/2014 0:14,74.999
7/14/2014 0:19,57.39
7/14/2014 0:24,75.6357
7/14/2014 0:29,61.388
7/14/2014 0:34,51.804
7/14/2014 0:39,69.7787
7/14/2014 0:44,45.835
7/14/2014 0:49,56.454
7/14/2014 0:54,61.499
7/14/2014 0:59,58.552
7/14/2014 1:04,37.062
7/14/2014 1:09,77.2233
7/14/2014 1:14,67.504
7/14/2014 1:19,58.587
7/14/2014 1:24,74.3327
7/14/2014 1:29,45.964
7/14/2014 1:34,36.646
7/14/2014 1:39,68.7138
7/14/2014 1:44,53.52
7/14/2014 1:49,56.878
7/14/2014 1:54,62.751
7/14/2014 1:59,53.309
7/14/2014 2:04,37.167
7/14/2014 2:09,36.384
7/14/2014 2:14,45.996
7/14/2014 2:19,56.496
7/14/2014 2:24,61.337
7/14/2014 2:29,52.787
7/14/2014 2:34,37.719
7/14/2014 2:39,51.6113
7/14/2014 2:44,64.454
7/14/2014 2:49,55.666
7/14/2014 2:54,74.1977
7/14/2014 2:59,46.086
7/14/2014 3:04,36.566
7/14/2014 3:09,36.669
7/14/2014 3:14,39.504
7/14/2014 3:19,58.753
7/14/2014 3:24,27.334
7/14/2014 3:29,64.156
7/14/2014 3:34,61.166
7/14/2014 3:39,74.3333
7/14/2014 3:44,45.781
7/14/2014 3:49,55.953
7/14/2014 3:54,64.041
7/14/2014 3:59,63.996
7/14/2014 4:04,68.466
7/14/2014 4:09,93.125
7/14/2014 4:14,58.833
7/14/2014 4:19,52.3323
7/14/2014 4:24,51.956
7/14/2014 4:29,56.89
7/14/2014 4:34,74.138
7/14/2014 4:39,51.166
7/14/2014 4:44,37.166
7/14/2014 4:49,50.4433
7/14/2014 4:54,39.803
7/14/2014 4:59,56.573
7/14/2014 5:04,21.167
7/14/2014 5:09,100
7/14/2014 5:14,89.507
7/14/2014 5:19,57.0597
7/14/2014 5:24,37.114
7/14/2014 5:29,52.9447
7/14/2014 5:34,58.999
7/14/2014 5:39,56.99
7/14/2014 5:44,75.61
7/14/2014 5:49,52.332
7/14/2014 5:54,30.722
7/14/2014 5:59,48.4143
7/14/2014 6:04,45.454
7/14/2014 6:09,64.887
7/14/2014 6:14,22.8325
7/14/2014 6:19,52.025
7/14/2014 6:24,33.165
7/14/2014 6:29,64.667
7/14/2014 6:34,36.666
7/14/2014 6:39,55.3927
7/14/2014 6:44,64.499
7/14/2014 6:49,63.95
7/14/2014 6:54,62.336
7/14/2014 6:59,64.878
7/14/2014 7:04,38.141
7/14/2014 7:09,93.167
7/14/2014 7:14,92.4453
7/14/2014 7:19,57.833
7/14/2014 7:24,62.328
7/14/2014 7:29,57.7023
7/14/2014 7:34,36.829
7/14/2014 7:39,55.0838
7/14/2014 7:44,64.538
7/14/2014 7:49,56.108
7/14/2014 7:54,61.165
7/14/2014 7:59,29.906
7/14/2014 8:04,38.654
7/14/2014 8:09,93.336
7/14/2014 8:14,95.222
7/14/2014 8:19,56.835
7/14/2014 8:24,57.368
7/14/2014 8:29,64.499
7/14/2014 8:34,38.304
7/14/2014 8:39,56.784
7/14/2014 8:44,75.3433
7/14/2014 8:49,63.88
7/14/2014 8:54,62.995
7/14/2014 8:59,64.833
7/14/2014 9:04,45.042
7/14/2014 9:09,64.286
7/14/2014 9:14,63.213
7/14/2014 9:19,63.999
7/14/2014 9:24,59.832
7/14/2014 9:29,74.5247
7/14/2014 9:34,49.761
7/14/2014 9:39,55.666
7/14/2014 9:44,63.2213
7/14/2014 9:49,50.999
7/14/2014 9:54,28.453
7/14/2014 9:59,64.721
7/14/2014 10:04,52.167
7/14/2014 10:09,92.147
7/14/2014 10:14,90.4077
7/14/2014 10:19,51.12
7/14/2014 10:24,37.271
7/14/2014 10:29,48.0445
7/14/2014 10:34,50.666
7/14/2014 10:39,56.289
7/14/2014 10:44,62.3293
7/14/2014 10:49,51.384
7/14/2014 10:54,28.082
7/14/2014 10:59,46.948
7/14/2014 11:04,59.048
7/14/2014 11:09,64.667
7/14/2014 11:14,74.1147
7/14/2014 11:19,45.654
7/14/2014 11:24,36.216
7/14/2014 11:29,42.9993
7/14/2014 11:34,36.818
7/14/2014 11:39,55.0402
7/14/2014 11:44,64.612
7/14/2014 11:49,58.805
7/14/2014 11:54,61.889
7/14/2014 11:59,50.581
7/14/2014 12:04,37.214
7/14/2014 12:09,88.3333
7/14/2014 12:14,73.907
7/14/2014 12:19,56.501
7/14/2014 12:24,58.7233
7/14/2014 12:29,64.166
7/14/2014 12:34,61.487
7/14/2014 12:39,42.6667
7/14/2014 12:44,52.835
7/14/2014 12:49,58.265
7/14/2014 12:54,59.476
7/14/2014 12:59,64
7/14/2014 13:04,68.961
7/14/2014 13:09,50
7/14/2014 13:14,68.064
7/14/2014 13:19,57.217
7/14/2014 13:24,63.3335
7/14/2014 13:29,45.998
7/14/2014 13:34,37.167
7/14/2014 13:39,64.8587
7/14/2014 13:44,53.828
7/14/2014 13:49,56.815
7/14/2014 13:54,51.665
7/14/2014 13:59,58.902
7/14/2014 14:04,37.692
7/14/2014 14:09,83.3333
7/14/2014 14:14,71.869
7/14/2014 14:19,58.051
7/14/2014 14:24,64.168
7/14/2014 14:29,64.501
7/14/2014 14:34,60.499
7/14/2014 14:39,64
7/14/2014 14:44,57.899
7/14/2014 14:49,57
7/14/2014 14:54,56.548
7/14/2014 14:59,56.593
7/14/2014 15:04,64.585
7/14/2014 15:09,93.0088
7/14/2014 15:14,58.869
7/14/2014 15:19,52.3323
7/14/2014 15:24,56.7503
7/14/2014 15:29,57.942
7/14/2014 15:34,60.4888
7/14/2014 15:39,64.048
7/14/2014 15:44,39.044
7/14/2014 15:49,52.5677
7/14/2014 15:54,58.879
7/14/2014 15:59,57.939
7/14/2014 16:04,69.34
7/14/2014 16:09,100
7/14/2014 16:14,61.511
7/14/2014 16:19,55.453
7/14/2014 16:24,63.837
7/14/2014 16:29,59.217
7/14/2014 16:34,62.1668
7/14/2014 16:39,63.953
7/14/2014 16:44,39.548
7/14/2014 16:49,56.954
7/14/2014 16:54,61.564
7/14/2014 16:59,47.368
7/14/2014 17:04,36.5
7/14/2014 17:09,92.218
7/14/2014 17:14,92.667
7/14/2014 17:19,64.121
7/14/2014 17:24,62.315
7/14/2014 17:29,71.384
7/14/2014 17:34,67.5
7/14/2014 17:39,64.499
7/14/2014 17:44,64.999
7/14/2014 17:49,64.666
7/14/2014 17:54,64.668
7/14/2014 17:59,64.993
7/14/2014 18:04,76.833
7/14/2014 18:09,98
7/14/2014 18:14,83.333
7/14/2014 18:19,64.55
7/14/2014 18:24,63.482
7/14/2014 18:29,62.31
7/14/2014 18:34,64.45
7/14/2014 18:39,88.007
7/14/2014 18:44,98.983
7/14/2014 18:49,100
7/14/2014 18:54,87.0262
7/14/2014 18:59,59.613
7/14/2014 19:04,66.2295
7/14/2014 19:09,69.191
7/14/2014 19:14,62.5005
7/14/2014 19:19,62.1095
7/14/2014 19:24,69.7243
7/14/2014 19:29,73.7773
7/14/2014 19:34,66.1593
7/14/2014 19:39,50.6507
7/14/2014 19:44,52.7633
7/14/2014 19:49,52.9793
7/14/2014 19:54,59.665
7/14/2014 19:59,22.276
7/14/2014 20:04,14.448
7/14/2014 20:09,14.839
7/14/2014 20:14,14.713
7/14/2014 20:19,14.286
7/14/2014 20:24,18.214
7/14/2014 20:29,15.005
7/14/2014 20:34,36.5
7/14/2014 20:39,55.8876
7/14/2014 20:44,39.165
7/14/2014 20:49,38.834
7/14/2014 20:54,17.532
7/14/2014 20:59,19.259
7/14/2014 21:04,30.724
7/14/2014 21:09,36.619
7/14/2014 21:14,31.773
7/14/2014 21:19,14.789
7/14/2014 21:24,15.044
7/14/2014 21:29,15.623
7/14/2014 21:34,15.05
7/14/2014 21:39,15.442
7/14/2014 21:44,14.714
7/14/2014 21:49,14.947
7/14/2014 21:54,14.67
7/14/2014 21:59,16.148
7/14/2014 22:04,22.045
7/14/2014 22:09,19.79
7/14/2014 22:14,13.031
7/14/2014 22:19,12.132
7/14/2014 22:24,12.039
7/14/2014 22:29,12.663
7/14/2014 22:34,12.333
7/14/2014 22:39,12.124
7/14/2014 22:44,12.837
7/14/2014 22:49,12.199
7/14/2014 22:54,11.954
7/14/2014 22:59,13.659
7/14/2014 23:04,19.877
7/14/2014 23:09,20.004
7/14/2014 23:14,12.87
7/14/2014 23:19,12.339
7/14/2014 23:24,12.135
7/14/2014 23:29,12.867
7/14/2014 23:34,11.961
7/14/2014 23:39,12.373
7/14/2014 23:44,12.455
7/14/2014 23:49,12.54
7/14/2014 23:54,12.339
7/14/2014 23:59,13.115
7/15/2014 0:04,19.958
7/15/2014 0:09,20.213
7/15/2014 0:14,12.796
7/15/2014 0:19,12.035
7/15/2014 0:24,11.958
7/15/2014 0:29,12.676
7/15/2014 0:34,11.838
7/15/2014 0:39,12.003
7/15/2014 0:44,12.677
7/15/2014 0:49,11.837
7/15/2014 0:54,12.035
7/15/2014 0:59,13.675
7/15/2014 1:04,19.5
7/15/2014 1:09,19.998
7/15/2014 1:14,12.456
7/15/2014 1:19,12.196
7/15/2014 1:24,12.339
7/15/2014 1:29,12.845
7/15/2014 1:34,12.337
7/15/2014 1:39,12.13
7/15/2014 1:44,12.536
7/15/2014 1:49,12.166
7/15/2014 1:54,11.83
7/15/2014 1:59,13.463
7/15/2014 2:04,19.66
7/15/2014 2:09,20.045
7/15/2014 2:14,12.676
7/15/2014 2:19,12.168
7/15/2014 2:24,11.83
7/15/2014 2:29,12.666
7/15/2014 2:34,11.999
7/15/2014 2:39,12.333
7/15/2014 2:44,12.667
7/15/2014 2:49,11.798
7/15/2014 2:54,11.998
7/15/2014 2:59,13.351
7/15/2014 3:04,19.874
7/15/2014 3:09,29.671
7/15/2014 3:14,13.334
7/15/2014 3:19,11.612
7/15/2014 3:24,12.167
7/15/2014 3:29,20.041
7/15/2014 3:34,11.669
7/15/2014 3:39,12
7/15/2014 3:44,12.332
7/15/2014 3:49,12.17
7/15/2014 3:54,11.971
7/15/2014 3:59,13.334
7/15/2014 4:04,19.706
7/15/2014 4:09,20.204
7/15/2014 4:14,12.661
7/15/2014 4:19,11.997
7/15/2014 4:24,11.963
7/15/2014 4:29,12.667
7/15/2014 4:34,12.167
7/15/2014 4:39,11.868
7/15/2014 4:44,12.464
7/15/2014 4:49,12.166
7/15/2014 4:54,12.37
7/15/2014 4:59,13.169
7/15/2014 5:04,19.794
7/15/2014 5:09,19.798
7/15/2014 5:14,12.664
7/15/2014 5:19,12.328
7/15/2014 5:24,12.039
7/15/2014 5:29,12.468
7/15/2014 5:34,12.04
7/15/2014 5:39,11.801
7/15/2014 5:44,12.669
7/15/2014 5:49,12.041
7/15/2014 5:54,12.17
7/15/2014 5:59,12.983
7/15/2014 6:04,19.871
7/15/2014 6:09,19.997
7/15/2014 6:14,12.678
7/15/2014 6:19,12.169
7/15/2014 6:24,12.296
7/15/2014 6:29,12.533
7/15/2014 6:34,12.131
7/15/2014 6:39,12.329
7/15/2014 6:44,12.876
7/15/2014 6:49,12.169
7/15/2014 6:54,12.172
7/15/2014 6:59,13.684
7/15/2014 7:04,19.837
7/15/2014 7:09,19.667
7/15/2014 7:14,12.7
7/15/2014 7:19,12.132
7/15/2014 7:24,12.031
7/15/2014 7:29,12.805
7/15/2014 7:34,12.208
7/15/2014 7:39,11.997
7/15/2014 7:44,12.668
7/15/2014 7:49,12.135
7/15/2014 7:54,12.001
7/15/2014 7:59,13.044
7/15/2014 8:04,19.664
7/15/2014 8:09,20.15
7/15/2014 8:14,12.619
7/15/2014 8:19,12.189
7/15/2014 8:24,11.839
7/15/2014 8:29,12.961
7/15/2014 8:34,12.208
7/15/2014 8:39,11.801
7/15/2014 8:44,12.508
7/15/2014 8:49,12.03
7/15/2014 8:54,11.991
7/15/2014 8:59,13.463
7/15/2014 9:04,19.665
7/15/2014 9:09,19.796
7/15/2014 9:14,12.678
7/15/2014 9:19,12.205
7/15/2014 9:24,12.17
7/15/2014 9:29,12.461
7/15/2014 9:34,12.036
7/15/2014 9:39,12.171
7/15/2014 9:44,12.334
7/15/2014 9:49,11.997
7/15/2014 9:54,12.17
7/15/2014 9:59,13.294
7/15/2014 10:04,19.839
7/15/2014 10:09,20.127
7/15/2014 10:14,12.497
7/15/2014 10:19,11.867
7/15/2014 10:24,12.006
7/15/2014 10:29,12.496
7/15/2014 10:34,12.167
7/15/2014 10:39,11.997
7/15/2014 10:44,12.628
7/15/2014 10:49,12.035
7/15/2014 10:54,12.001
7/15/2014 10:59,13.162
7/15/2014 11:04,20.131
7/15/2014 11:09,19.829
7/15/2014 11:14,12.51
7/15/2014 11:19,12.168
7/15/2014 11:24,12.04
7/15/2014 11:29,12.455
7/15/2014 11:34,12.542
7/15/2014 11:39,11.795
7/15/2014 11:44,12.827
7/15/2014 11:49,11.529
7/15/2014 11:54,12.167
7/15/2014 11:59,13.168
7/15/2014 12:04,19.672
7/15/2014 12:09,19.71
7/15/2014 12:14,12.824
7/15/2014 12:19,12.17
7/15/2014 12:24,12
7/15/2014 12:29,12.638
7/15/2014 12:34,12.005
7/15/2014 12:39,11.875
7/15/2014 12:44,12.831
7/15/2014 12:49,11.838
7/15/2014 12:54,12.299
7/15/2014 12:59,13.483
7/15/2014 13:04,19.674
7/15/2014 13:09,19.997
7/15/2014 13:14,12.795
7/15/2014 13:19,12.031
7/15/2014 13:24,11.966
7/15/2014 13:29,12.652
7/15/2014 13:34,12.322
7/15/2014 13:39,11.69
7/15/2014 13:44,12.622
7/15/2014 13:49,12.001
7/15/2014 13:54,11.869
7/15/2014 13:59,13.623
7/15/2014 14:04,19.702
7/15/2014 14:09,19.797
7/15/2014 14:14,12.842
7/15/2014 14:19,11.994
7/15/2014 14:24,11.705
7/15/2014 14:29,12.633
7/15/2014 14:34,12.213
7/15/2014 14:39,12.009
7/15/2014 14:44,12.676
7/15/2014 14:49,12.157
7/15/2014 14:54,11.993
7/15/2014 14:59,13.326
7/15/2014 15:04,19.797
7/15/2014 15:09,19.83
7/15/2014 15:14,12.829
7/15/2014 15:19,12.166
7/15/2014 15:24,11.994
7/15/2014 15:29,12.498
7/15/2014 15:34,12.132
7/15/2014 15:39,12.041
7/15/2014 15:44,12.5
7/15/2014 15:49,11.961
7/15/2014 15:54,11.833
7/15/2014 15:59,13.39
7/15/2014 16:04,19.63
7/15/2014 16:09,19.629
7/15/2014 16:14,12.844
7/15/2014 16:19,11.828
7/15/2014 16:24,12.039
7/15/2014 16:29,12.836
7/15/2014 16:34,12.124
7/15/2014 16:39,12.171
7/15/2014 16:44,12.846
7/15/2014 16:49,12.17
7/15/2014 16:54,12.043
7/15/2014 16:59,13.498
7/15/2014 17:04,19.831
7/15/2014 17:09,27.165
7/15/2014 17:14,12.873
7/15/2014 17:19,12.129
